dataset,method,true_class,class_size,H_Z_given_Y_class,effective_fragments,occupied_predicted_clusters,dominant_predicted_cluster_share,second_largest_predicted_cluster_share
ACM,CEHM,0,1061.0,0.724836943805348,2.0644054720487364,3.0,0.5334590009425071,0.4599434495758718
ACM,CEHM,1,965.0,0.319990910962414,1.3775645824134413,3.0,0.918825561312608,0.06528497409326424
ACM,CEHM,2,999.0,0.705118921496592,2.024387640998743,3.0,0.6876876876876876,0.2882882882882883
ACM,GPEC,0,1061.0,0.7275866798381779,2.070121809919893,3.0,0.512095507382972,0.48130694313540684
ACM,GPEC,1,965.0,0.28042502534200486,1.324443438718892,3.0,0.931951640759931,0.05526770293609672
ACM,GPEC,2,999.0,0.7320895403178004,2.0799179974549546,3.0,0.6810143476810143,0.28561895228561895
ACM,HBGF,0,1061.0,0.8166791726882311,2.271443825496549,3.0,0.5475966069745523,0.4077913917687716
ACM,HBGF,1,965.0,0.37836238801803557,1.4704907113162857,2.3333333333333335,0.8670120898100172,0.1316062176165803
ACM,HBGF,2,999.0,0.9224729079516694,2.523738373754837,3.0,0.5759092425759093,0.30530530530530525
ACM,MCLA,0,1061.0,0.7547579336601083,2.133961626920417,3.0,0.6192271442035815,0.34778510838831295
ACM,MCLA,1,965.0,0.20952298220865292,1.2338682229829414,2.6666666666666665,0.9471502590673575,0.05181347150259067
ACM,MCLA,2,999.0,0.892091389903798,2.4441051610954383,3.0,0.641307974641308,0.2045378712045379
ACM,PSF-CE,0,1061.0,0.7251458583351788,2.065036124915409,3.0,0.5105246622683003,0.48350612629594725
ACM,PSF-CE,1,965.0,0.29817929276568156,1.3475734818210594,3.0,0.918825561312608,0.0766839378238342
ACM,PSF-CE,2,999.0,0.719436952237381,2.053277063432184,3.0,0.6720053386720054,0.30363697030363695
ACM,RANGE,0,1061.0,0.6012411989935705,1.8249336844587531,3.0,0.7640590637763117,0.21960414703110273
ACM,RANGE,1,965.0,0.2217013882937328,1.258678484808846,3.0,0.9392055267702936,0.054922279792746116
ACM,RANGE,2,999.0,0.8021351430549112,2.2425555441602647,3.0,0.6800133466800133,0.20887554220887553
ACM,YACHT,0,1061.0,0.7219288121390689,2.058425698841462,3.0,0.5142946905435124,0.4803644360666038
ACM,YACHT,1,965.0,0.321606718340593,1.380206399124959,3.0,0.9184801381692572,0.06493955094991365
ACM,YACHT,2,999.0,0.7077073108538999,2.0296477526601855,3.0,0.6856856856856858,0.28995662328995664
Amazon Photo,CEHM,0,369.0,0.5356442335254273,1.7085913708862233,6.0,0.8735320686540199,0.05510388437217706
Amazon Photo,CEHM,1,1686.0,0.9121539873354295,2.4897188788191102,7.0,0.7309213127718466,0.12238038750494266
Amazon Photo,CEHM,2,703.0,0.7740735567486117,2.1685868222764015,6.0,0.6415362731152204,0.3323850165955429
Amazon Photo,CEHM,3,915.0,0.8744770805501392,2.397674248770166,5.0,0.6502732240437158,0.28488160291438985
Amazon Photo,CEHM,4,882.0,0.27373030116649455,1.3151479521979967,7.0,0.9497354497354498,0.017006802721088437
Amazon Photo,CEHM,5,823.0,0.1758174495708763,1.1922378862882017,4.0,0.9647630619684082,0.026731470230862697
Amazon Photo,CEHM,6,1941.0,0.8519260594065661,2.3441811968312827,8.0,0.7384509702902284,0.12158681092220507
Amazon Photo,CEHM,7,331.0,0.5474729576960035,1.7289051670265703,5.0,0.8489425981873112,0.10976837865055387
Amazon Photo,GPEC,0,369.0,0.8533737094579616,2.554801745424658,5.666666666666667,0.6305329719963866,0.2321589882565492
Amazon Photo,GPEC,1,1686.0,1.3914889242134263,4.161039857691654,7.666666666666667,0.5340055357848952,0.15856069592724398
Amazon Photo,GPEC,2,703.0,1.1184365234395572,3.069997467285312,7.666666666666667,0.5177809388335705,0.3082029397818871
Amazon Photo,GPEC,3,915.0,1.6775320897579131,5.415833661569905,6.666666666666667,0.2830601092896175,0.2309653916211293
Amazon Photo,GPEC,4,882.0,1.3568297709181039,3.8887478241062627,8.0,0.35222978080120937,0.31103552532123957
Amazon Photo,GPEC,5,823.0,0.4621028037690979,1.7170106723761005,6.0,0.8315107330903201,0.1008505467800729
Amazon Photo,GPEC,6,1941.0,1.6574754850803934,5.2539300692859365,8.0,0.3074016829812811,0.21638330757341576
Amazon Photo,GPEC,7,331.0,1.5358486830652271,4.6633456108382765,6.666666666666667,0.33031218529707956,0.2729103726082578
Amazon Photo,HBGF,0,369.0,0.4389431463874634,1.6146352696889883,6.0,0.880758807588076,0.06142728093947606
Amazon Photo,HBGF,1,1686.0,1.5008682425648336,4.487093935869868,8.0,0.44464215104784505,0.2619612495057335
Amazon Photo,HBGF,2,703.0,0.8997982766154702,2.4633962791153743,5.0,0.6220957799905168,0.3015647226173542
Amazon Photo,HBGF,3,915.0,1.5778769748191017,4.848976010557622,7.666666666666667,0.4528233151183971,0.16429872495446265
Amazon Photo,HBGF,4,882.0,1.4195142377366523,4.135246680455729,8.0,0.36810279667422524,0.3242630385487528
Amazon Photo,HBGF,5,823.0,0.28127947555749155,1.351715709943561,5.0,0.9311462130417173,0.04860267314702308
Amazon Photo,HBGF,6,1941.0,1.6890729134389983,5.415548411171192,8.0,0.26876180662888544,0.2323544564657393
Amazon Photo,HBGF,7,331.0,1.810986791027588,6.118909703547568,8.0,0.29607250755287007,0.18328298086606243
Amazon Photo,MCLA,0,369.0,0.7769770859979946,2.268202899594226,7.0,0.7136404697380306,0.1897018970189702
Amazon Photo,MCLA,1,1686.0,1.0263474945992213,2.803092125984603,7.333333333333333,0.6957295373665481,0.13701067615658363
Amazon Photo,MCLA,2,703.0,1.2198837478674431,3.3875458052354053,7.666666666666667,0.47700331910858224,0.3238501659554291
Amazon Photo,MCLA,3,915.0,1.0570199105073088,2.879292337304251,6.0,0.6418943533697632,0.18469945355191256
Amazon Photo,MCLA,4,882.0,0.4364982625023189,1.5548986344229423,7.666666666666667,0.8983371126228269,0.06613756613756615
Amazon Photo,MCLA,5,823.0,0.7825688067219295,2.194793665604204,6.333333333333333,0.7140542729850141,0.2183070068853787
Amazon Photo,MCLA,6,1941.0,1.0352962709734739,2.8452299855144827,8.0,0.6817791516400481,0.14597286622016142
Amazon Photo,MCLA,7,331.0,0.6513397375972979,1.9220671482201919,5.666666666666667,0.8358509566968783,0.07049345417925477
Amazon Photo,PSF-CE,0,369.0,0.4943400926121561,1.639466114165625,6.0,0.8735320686540199,0.08943089430894309
Amazon Photo,PSF-CE,1,1686.0,0.8781145336273698,2.4063663337908374,7.0,0.7502965599051009,0.10063266113088176
Amazon Photo,PSF-CE,2,703.0,0.7726026301283877,2.165394647643927,6.0,0.6415362731152204,0.3328591749644381
Amazon Photo,PSF-CE,3,915.0,1.0682352428066684,2.9102848134064416,5.0,0.5508196721311475,0.2859744990892532
Amazon Photo,PSF-CE,4,882.0,0.41191381882926037,1.5097695886744618,7.0,0.9123204837490553,0.042705971277399855
Amazon Photo,PSF-CE,5,823.0,0.17630232140306434,1.1928161754073099,4.0,0.9647630619684082,0.026326447954637507
Amazon Photo,PSF-CE,6,1941.0,0.8883468451839392,2.4311408892693156,8.0,0.7302077966683841,0.12158681092220507
Amazon Photo,PSF-CE,7,331.0,0.6919162028387956,1.99754144303714,5.0,0.797583081570997,0.10976837865055387
Amazon Photo,RANGE,0,369.0,0.5466409944746679,1.7411974262838943,6.666666666666667,0.8536585365853658,0.0984643179765131
Amazon Photo,RANGE,1,1686.0,1.277505621239408,3.5997797050581206,7.666666666666667,0.5794780545670225,0.20640569395017794
Amazon Photo,RANGE,2,703.0,0.8886854582601281,2.5347492141256667,7.333333333333333,0.7449027975343765,0.11095305832147938
Amazon Photo,RANGE,3,915.0,1.6006319629753403,4.9913089661902,6.666666666666667,0.3227686703096539,0.2655737704918033
Amazon Photo,RANGE,4,882.0,1.3850279153296352,3.996347575996511,8.0,0.3628117913832199,0.29591836734693877
Amazon Photo,RANGE,5,823.0,0.28345533423912656,1.3307177225999338,6.0,0.9424868367760227,0.03240178209801539
Amazon Photo,RANGE,6,1941.0,1.5521410031642713,4.724542772868185,8.0,0.3286965481710458,0.253649321655504
Amazon Photo,RANGE,7,331.0,1.5350493208665419,4.6451097110928865,6.0,0.31822759315206445,0.2547834843907351
Amazon Photo,YACHT,0,369.0,0.4543325393088142,1.6711283548478935,6.0,0.8256549232158988,0.13821138211382114
Amazon Photo,YACHT,1,1686.0,1.4335377241155136,4.206389437639343,8.0,0.5025701858442072,0.23962040332147094
Amazon Photo,YACHT,2,703.0,0.808601859700197,2.2752066310403625,7.0,0.6917970602181128,0.25367472735893787
Amazon Photo,YACHT,3,915.0,1.7669980932326823,5.866476368338627,7.333333333333333,0.2808743169398907,0.23424408014571949
Amazon Photo,YACHT,4,882.0,1.4148123606670857,4.174584642829127,8.0,0.4115646258503401,0.2819349962207105
Amazon Photo,YACHT,5,823.0,0.28884158784017927,1.3393836058866728,6.0,0.9384366140137708,0.03645200486026731
Amazon Photo,YACHT,6,1941.0,1.4419729792698328,4.2747302140037,8.0,0.33951571354971666,0.249184269277005
Amazon Photo,YACHT,7,331.0,1.6046556052479526,5.02207448400443,7.333333333333333,0.3504531722054381,0.23867069486404835
BBC News Sport,CEHM,0,101.0,0.20573061302436602,1.2549244311045527,1.6666666666666667,0.9273927392739273,0.07260726072607261
BBC News Sport,CEHM,1,124.0,0.40112301803398015,1.5017454332651956,2.3333333333333335,0.8763440860215054,0.09946236559139786
BBC News Sport,CEHM,2,265.0,0.3978751087900838,1.4890861285849717,3.3333333333333335,0.8855345911949687,0.10188679245283021
BBC News Sport,CEHM,3,147.0,0.8208173051240687,2.273457604013707,3.3333333333333335,0.5600907029478458,0.3968253968253968
BBC News Sport,CEHM,4,100.0,0.056001534354847345,1.0575993064679887,2.0,0.9899999999999999,0.01
BBC News Sport,GPEC,0,101.0,0.49781790026874145,1.6455553046155424,3.3333333333333335,0.8415841584158416,0.1386138613861386
BBC News Sport,GPEC,1,124.0,0.9918259506782049,2.7236163984325863,3.6666666666666665,0.5080645161290323,0.3682795698924732
BBC News Sport,GPEC,2,265.0,0.9263418624031038,2.5435396998820425,4.333333333333333,0.5849056603773585,0.32075471698113206
BBC News Sport,GPEC,3,147.0,1.1145385516318917,3.0618574390149447,4.666666666666667,0.47392290249433106,0.38321995464852604
BBC News Sport,GPEC,4,100.0,0.8550049708500947,2.3539806688385982,4.0,0.6366666666666667,0.2966666666666667
BBC News Sport,HBGF,0,101.0,0.7561119432139157,2.172586327288981,4.0,0.7260726072607261,0.20132013201320131
BBC News Sport,HBGF,1,124.0,1.0523099145025583,2.869336990596534,4.666666666666667,0.5860215053763441,0.260752688172043
BBC News Sport,HBGF,2,265.0,1.3405503577467741,3.821583565292645,5.0,0.3622641509433962,0.31069182389937106
BBC News Sport,HBGF,3,147.0,1.3217448343222726,3.771861528632034,5.0,0.46485260770975056,0.23582766439909297
BBC News Sport,HBGF,4,100.0,1.119528578571341,3.073580368281173,4.0,0.44,0.3333333333333333
BBC News Sport,MCLA,0,101.0,0.5255289399564073,1.7027962737836806,2.3333333333333335,0.778877887788779,0.21782178217821782
BBC News Sport,MCLA,1,124.0,0.8022473218874456,2.2318761554696316,3.3333333333333335,0.5564516129032259,0.4112903225806452
BBC News Sport,MCLA,2,265.0,0.9001288034305529,2.4683224926991882,5.0,0.6238993710691824,0.28553459119496855
BBC News Sport,MCLA,3,147.0,1.0242603286660874,2.7860084914285164,4.333333333333333,0.489795918367347,0.3945578231292517
BBC News Sport,MCLA,4,100.0,0.7228651986015823,2.0618368967646856,3.3333333333333335,0.6699999999999999,0.3033333333333333
BBC News Sport,PSF-CE,0,101.0,0.42582207535277483,1.5315646813862343,2.3333333333333335,0.8547854785478548,0.14191419141914194
BBC News Sport,PSF-CE,1,124.0,0.70615854148678,2.034655637985073,3.3333333333333335,0.706989247311828,0.23655913978494625
BBC News Sport,PSF-CE,2,265.0,0.8045355067222705,2.2533639021975564,3.3333333333333335,0.620125786163522,0.3270440251572327
BBC News Sport,PSF-CE,3,147.0,1.0224939584873163,2.784620784209702,4.0,0.4512471655328798,0.4263038548752835
BBC News Sport,PSF-CE,4,100.0,0.6989658546067551,2.0116957130836366,3.0,0.64,0.35000000000000003
BBC News Sport,RANGE,0,101.0,0.5266188108891173,1.6997928070058368,3.0,0.8382838283828383,0.1122112211221122
BBC News Sport,RANGE,1,124.0,0.9749822606524875,2.6748874638935844,4.0,0.5456989247311829,0.3440860215053763
BBC News Sport,RANGE,2,265.0,0.9480622193186274,2.620042869434019,4.666666666666667,0.4754716981132075,0.4163522012578616
BBC News Sport,RANGE,3,147.0,1.1131493694732784,3.0470094944586372,4.333333333333333,0.5102040816326531,0.3219954648526077
BBC News Sport,RANGE,4,100.0,0.8833235404785579,2.4235594860904217,4.0,0.58,0.35333333333333333
BBC News Sport,YACHT,0,101.0,0.4234394919257065,1.528405455767557,3.0,0.867986798679868,0.1221122112211221
BBC News Sport,YACHT,1,124.0,1.0083579822463722,2.781536129803128,4.333333333333333,0.543010752688172,0.33602150537634407
BBC News Sport,YACHT,2,265.0,1.1058502032976456,3.0282238937816817,4.666666666666667,0.450314465408805,0.3710691823899371
BBC News Sport,YACHT,3,147.0,1.2050524739874573,3.3375136913416674,5.0,0.4829931972789116,0.3242630385487528
BBC News Sport,YACHT,4,100.0,0.9253659965864586,2.5368584573716593,3.6666666666666665,0.5733333333333333,0.3433333333333333
Caltech101-20,CEHM,0,435.0,1.781230251722355,5.9718673278156755,10.666666666666666,0.3049808429118774,0.21302681992337166
Caltech101-20,CEHM,1,200.0,1.142338418211348,3.1345774940293034,6.0,0.5383333333333334,0.30666666666666664
Caltech101-20,CEHM,2,798.0,2.2490576933117365,9.494264802555191,15.333333333333334,0.17418546365914786,0.14870509607351712
Caltech101-20,CEHM,3,33.0,1.5142567862601897,4.5498039821800065,7.666666666666667,0.47474747474747475,0.24242424242424243
Caltech101-20,CEHM,4,98.0,1.890141393056781,6.660102793011629,12.0,0.27891156462585037,0.2585034013605442
Caltech101-20,CEHM,5,50.0,1.7911684972112187,6.107417048200593,11.333333333333334,0.3933333333333333,0.26666666666666666
Caltech101-20,CEHM,6,123.0,1.222504237282035,3.432810040405815,5.333333333333333,0.42005420054200543,0.3062330623306233
Caltech101-20,CEHM,7,52.0,1.471011261293982,4.353807470052632,8.333333333333334,0.5064102564102564,0.23076923076923075
Caltech101-20,CEHM,8,67.0,2.044240496358294,7.732236351589904,11.333333333333334,0.2537313432835821,0.21890547263681592
Caltech101-20,CEHM,9,34.0,1.7848166355762078,6.082590329796567,8.0,0.28431372549019607,0.2549019607843137
Caltech101-20,CEHM,10,54.0,2.213257373039712,9.145620361925031,13.0,0.24691358024691357,0.1851851851851852
Caltech101-20,CEHM,11,47.0,1.188226822300064,3.3404914195353688,5.666666666666667,0.5035460992907801,0.3120567375886525
Caltech101-20,CEHM,12,59.0,2.1710880293219676,8.774873662102786,11.0,0.26553672316384186,0.13559322033898305
Caltech101-20,CEHM,13,35.0,1.4581677364921088,4.436714857440103,6.333333333333333,0.41904761904761906,0.24761904761904763
Caltech101-20,CEHM,14,45.0,2.137716812377636,8.49563511012583,12.333333333333334,0.26666666666666666,0.20000000000000004
Caltech101-20,CEHM,15,64.0,1.8094657288358906,6.230081642370666,11.333333333333334,0.4375,0.140625
Caltech101-20,CEHM,16,37.0,1.5974252080834273,4.940295800660687,7.0,0.32432432432432434,0.2972972972972973
Caltech101-20,CEHM,17,56.0,2.022170446073228,7.628256083412,10.666666666666666,0.2738095238095238,0.1726190476190476
Caltech101-20,CEHM,18,39.0,1.2763841721815676,3.648008442566089,7.0,0.6153846153846154,0.15384615384615385
Caltech101-20,CEHM,19,60.0,1.698323031632697,5.466303611144475,9.666666666666666,0.49444444444444446,0.10000000000000002
Caltech101-20,GPEC,0,435.0,1.5880707102692364,5.058858714160588,11.333333333333334,0.4544061302681992,0.18544061302681994
Caltech101-20,GPEC,1,200.0,1.1850874129661375,3.2713600467203303,6.666666666666667,0.5383333333333334,0.30666666666666664
Caltech101-20,GPEC,2,798.0,2.208840880552959,9.145895009977759,15.666666666666666,0.18629908103592316,0.1532999164578112
Caltech101-20,GPEC,3,33.0,1.7796345513199816,5.939051471503096,10.0,0.45454545454545453,0.16161616161616163
Caltech101-20,GPEC,4,98.0,2.0001947558758837,7.395529626019612,13.666666666666666,0.272108843537415,0.25170068027210885
Caltech101-20,GPEC,5,50.0,1.9157791866029255,6.816584194454563,13.0,0.3666666666666667,0.26
Caltech101-20,GPEC,6,123.0,1.242934276317573,3.496811026856772,5.333333333333333,0.40108401084010836,0.3252032520325203
Caltech101-20,GPEC,7,52.0,1.548124792370866,4.706849660292419,9.333333333333334,0.4871794871794872,0.23076923076923075
Caltech101-20,GPEC,8,67.0,2.029215378262016,7.634738022133024,11.0,0.25870646766169153,0.22388059701492535
Caltech101-20,GPEC,9,34.0,2.070729833582763,7.943103782417372,9.666666666666666,0.22549019607843138,0.16666666666666666
Caltech101-20,GPEC,10,54.0,2.2811503195240275,9.839527506229212,14.333333333333334,0.23456790123456792,0.1851851851851852
Caltech101-20,GPEC,11,47.0,1.0413794963209253,2.9495560437941486,5.333333333333333,0.5673758865248227,0.2765957446808511
Caltech101-20,GPEC,12,59.0,2.345733933549216,10.466706358654994,12.666666666666666,0.18644067796610173,0.15254237288135594
Caltech101-20,GPEC,13,35.0,1.721454117060125,5.612061699996528,8.0,0.3428571428571428,0.22857142857142856
Caltech101-20,GPEC,14,45.0,1.9926514854645505,7.357073090318683,11.333333333333334,0.2888888888888889,0.23703703703703705
Caltech101-20,GPEC,15,64.0,2.128309526393318,8.42828971616577,12.666666666666666,0.3072916666666667,0.15104166666666666
Caltech101-20,GPEC,16,37.0,1.6099143464718946,5.003166281127739,7.333333333333333,0.32432432432432434,0.2972972972972973
Caltech101-20,GPEC,17,56.0,2.1190908571861273,8.327138938621248,11.333333333333334,0.21428571428571427,0.18452380952380953
Caltech101-20,GPEC,18,39.0,1.4346574437334174,4.204393731171288,8.0,0.5555555555555555,0.1794871794871795
Caltech101-20,GPEC,19,60.0,1.7457633055436161,5.818560652630713,10.333333333333334,0.4666666666666666,0.11666666666666665
Caltech101-20,HBGF,0,435.0,1.8538709366268284,6.390893037622452,11.666666666666666,0.28045977011494255,0.2314176245210728
Caltech101-20,HBGF,1,200.0,1.2419948434167907,3.463019308233386,7.333333333333333,0.535,0.2933333333333333
Caltech101-20,HBGF,2,798.0,2.4151930775511556,11.205718485247813,17.666666666666668,0.15079365079365079,0.14411027568922305
Caltech101-20,HBGF,3,33.0,1.8222822423795628,6.204764887305637,9.666666666666666,0.42424242424242425,0.1414141414141414
Caltech101-20,HBGF,4,98.0,1.967174249442657,7.1778917418975885,13.333333333333334,0.2653061224489796,0.25170068027210885
Caltech101-20,HBGF,5,50.0,2.084389406937938,8.04472092345092,13.666666666666666,0.29333333333333333,0.25333333333333335
Caltech101-20,HBGF,6,123.0,1.221822015593307,3.4019143247249244,5.666666666666667,0.3821138211382114,0.37127371273712734
Caltech101-20,HBGF,7,52.0,1.63440563263286,5.23670251861754,9.666666666666666,0.4358974358974359,0.23076923076923075
Caltech101-20,HBGF,8,67.0,2.097352785052536,8.162109307366189,12.0,0.23880597014925375,0.21890547263681592
Caltech101-20,HBGF,9,34.0,1.951043417144741,7.0532609860090645,9.333333333333334,0.3137254901960784,0.16666666666666666
Caltech101-20,HBGF,10,54.0,2.323764805835242,10.215775833177302,15.0,0.24074074074074073,0.21604938271604937
Caltech101-20,HBGF,11,47.0,1.2692280969097454,3.7124434049046577,6.333333333333333,0.5673758865248227,0.19148936170212763
Caltech101-20,HBGF,12,59.0,2.3100722847583213,10.075236827168922,12.333333333333334,0.21468926553672316,0.13559322033898305
Caltech101-20,HBGF,13,35.0,1.6931489562242559,5.439249915835802,7.666666666666667,0.3428571428571428,0.23809523809523805
Caltech101-20,HBGF,14,45.0,2.18235696504521,8.88239240487141,13.666666666666666,0.2814814814814815,0.19259259259259262
Caltech101-20,HBGF,15,64.0,2.2426968498808093,9.481916080523163,13.333333333333334,0.2760416666666667,0.13541666666666666
Caltech101-20,HBGF,16,37.0,1.6141961367320212,5.039259552874928,7.666666666666667,0.32432432432432434,0.30630630630630634
Caltech101-20,HBGF,17,56.0,2.2055954901465955,9.107648205746717,12.0,0.23214285714285712,0.18452380952380953
Caltech101-20,HBGF,18,39.0,1.3998885310693912,4.05655650745222,7.666666666666667,0.5641025641025641,0.1794871794871795
Caltech101-20,HBGF,19,60.0,1.780204824943563,5.93593076750841,11.333333333333334,0.4777777777777778,0.11111111111111112
Caltech101-20,MCLA,0,435.0,1.6521911890876153,5.239644892114829,11.0,0.30421455938697317,0.29272030651340997
Caltech101-20,MCLA,1,200.0,1.1563961514367773,3.178469463256061,6.0,0.5416666666666666,0.3033333333333333
Caltech101-20,MCLA,2,798.0,2.300977618803673,9.98669779713446,16.666666666666668,0.1595655806182122,0.14703425229741018
Caltech101-20,MCLA,3,33.0,1.8248261920690796,6.203530541230777,9.333333333333334,0.40404040404040403,0.1818181818181818
Caltech101-20,MCLA,4,98.0,1.9667069193560696,7.171515737719383,14.0,0.27891156462585037,0.25510204081632654
Caltech101-20,MCLA,5,50.0,2.0941779665005207,8.133311527837972,13.666666666666666,0.2866666666666667,0.24666666666666667
Caltech101-20,MCLA,6,123.0,1.1347017365613394,3.1107150206213987,5.333333333333333,0.44173441734417346,0.3468834688346884
Caltech101-20,MCLA,7,52.0,1.508849819408045,4.531206539005727,9.333333333333334,0.5128205128205129,0.21794871794871795
Caltech101-20,MCLA,8,67.0,1.9621166396081462,7.205989829071714,11.333333333333334,0.2835820895522388,0.23880597014925375
Caltech101-20,MCLA,9,34.0,2.0551646424393635,7.874816084096466,10.0,0.2450980392156863,0.16666666666666666
Caltech101-20,MCLA,10,54.0,2.2182267442982373,9.207187619356096,14.0,0.271604938271605,0.19753086419753085
Caltech101-20,MCLA,11,47.0,0.9272901299266026,2.5974066096750157,5.333333333333333,0.6950354609929078,0.17021276595744683
Caltech101-20,MCLA,12,59.0,2.217566738027544,9.188856139312167,12.0,0.2711864406779661,0.12994350282485875
Caltech101-20,MCLA,13,35.0,1.673463776553648,5.3372529841069705,7.666666666666667,0.3523809523809524,0.21904761904761905
Caltech101-20,MCLA,14,45.0,2.1959667345405744,9.005108504173045,12.666666666666666,0.26666666666666666,0.20000000000000004
Caltech101-20,MCLA,15,64.0,2.1224406362858055,8.36155053424323,12.666666666666666,0.328125,0.140625
Caltech101-20,MCLA,16,37.0,1.4847757507562278,4.468056399269785,6.666666666666667,0.3873873873873874,0.2972972972972973
Caltech101-20,MCLA,17,56.0,2.169169094113874,8.753196647521431,11.666666666666666,0.23214285714285712,0.16666666666666666
Caltech101-20,MCLA,18,39.0,1.4527170179721736,4.276591397025009,7.666666666666667,0.5384615384615384,0.1794871794871795
Caltech101-20,MCLA,19,60.0,1.8675957511313304,6.525242546470573,11.666666666666666,0.4444444444444444,0.11666666666666665
Caltech101-20,PSF-CE,0,435.0,1.8134835830634357,6.153186808461826,10.666666666666666,0.30344827586206896,0.21455938697318008
Caltech101-20,PSF-CE,1,200.0,1.107379310866664,3.0285549952776267,5.333333333333333,0.5383333333333334,0.30666666666666664
Caltech101-20,PSF-CE,2,798.0,2.262225986682832,9.613030031596688,16.333333333333332,0.16917293233082706,0.14870509607351712
Caltech101-20,PSF-CE,3,33.0,1.444391109400266,4.273257620875955,8.0,0.5656565656565656,0.1414141414141414
Caltech101-20,PSF-CE,4,98.0,1.897620710385753,6.673636827674568,12.0,0.2755102040816326,0.25510204081632654
Caltech101-20,PSF-CE,5,50.0,1.8637098086419668,6.481999514413952,11.666666666666666,0.34,0.26
Caltech101-20,PSF-CE,6,123.0,1.127800996992543,3.0900392745674647,4.666666666666667,0.4254742547425474,0.3333333333333333
Caltech101-20,PSF-CE,7,52.0,1.5359515058937345,4.64713086866844,8.666666666666666,0.4807692307692308,0.23076923076923075
Caltech101-20,PSF-CE,8,67.0,1.8820200166779986,6.587713142473054,10.0,0.30845771144278605,0.20398009950248755
Caltech101-20,PSF-CE,9,34.0,1.8795601953363492,6.652451694893905,8.333333333333334,0.28431372549019607,0.2058823529411765
Caltech101-20,PSF-CE,10,54.0,2.143426445397369,8.532995729157655,12.333333333333334,0.25925925925925924,0.19135802469135801
Caltech101-20,PSF-CE,11,47.0,0.8757669516143657,2.4847952347931206,4.666666666666667,0.6382978723404255,0.2624113475177305
Caltech101-20,PSF-CE,12,59.0,2.135723374869013,8.472170850405165,11.0,0.2768361581920904,0.12994350282485875
Caltech101-20,PSF-CE,13,35.0,1.6557163287852454,5.2779169873762575,7.333333333333333,0.3428571428571428,0.2476190476190476
Caltech101-20,PSF-CE,14,45.0,2.112076946667673,8.27940454176634,12.0,0.2888888888888889,0.20000000000000004
Caltech101-20,PSF-CE,15,64.0,1.867407571322234,6.493288246583628,11.0,0.3802083333333333,0.19791666666666666
Caltech101-20,PSF-CE,16,37.0,1.5974252080834273,4.940295800660688,7.0,0.32432432432432434,0.2972972972972973
Caltech101-20,PSF-CE,17,56.0,2.126239323382352,8.395167043170026,11.666666666666666,0.21428571428571427,0.18452380952380953
Caltech101-20,PSF-CE,18,39.0,1.4808865638354582,4.40101286967363,8.0,0.5384615384615384,0.1794871794871795
Caltech101-20,PSF-CE,19,60.0,1.538001474427662,4.686840473896338,8.333333333333334,0.5333333333333333,0.10555555555555556
Caltech101-20,RANGE,0,435.0,1.6898815359488368,5.419198282778439,11.666666666666666,0.31494252873563217,0.29961685823754786
Caltech101-20,RANGE,1,200.0,1.1800724847360937,3.2546960757950747,6.666666666666667,0.535,0.30666666666666664
Caltech101-20,RANGE,2,798.0,2.3199695239064675,10.191874973051165,17.666666666666668,0.15998329156223892,0.14786967418546365
Caltech101-20,RANGE,3,33.0,1.7378919734885943,5.689351734454004,9.666666666666666,0.4545454545454546,0.15151515151515152
Caltech101-20,RANGE,4,98.0,1.9834994659601073,7.2737829392934215,13.333333333333334,0.2755102040816326,0.25510204081632654
Caltech101-20,RANGE,5,50.0,2.000061244463481,7.4075701178403905,13.666666666666666,0.32666666666666666,0.26
Caltech101-20,RANGE,6,123.0,1.3555905706216798,3.909371936176711,6.0,0.3604336043360434,0.28184281842818426
Caltech101-20,RANGE,7,52.0,1.5122566287467116,4.538572041629685,8.666666666666666,0.4871794871794872,0.22435897435897437
Caltech101-20,RANGE,8,67.0,2.0363665788524723,7.6782767980738384,11.333333333333334,0.26865671641791045,0.20895522388059704
Caltech101-20,RANGE,9,34.0,2.0372978191990754,7.693064772332549,9.666666666666666,0.2450980392156863,0.17647058823529413
Caltech101-20,RANGE,10,54.0,2.348589792179189,10.554968745209584,15.0,0.2098765432098765,0.17901234567901234
Caltech101-20,RANGE,11,47.0,1.1046714409228706,3.278511593297393,5.666666666666667,0.5815602836879433,0.19858156028368792
Caltech101-20,RANGE,12,59.0,2.3895791870083625,10.929947205212448,13.333333333333334,0.18644067796610173,0.13559322033898305
Caltech101-20,RANGE,13,35.0,1.7727376782980475,5.894131613430872,8.333333333333334,0.3523809523809524,0.21904761904761905
Caltech101-20,RANGE,14,45.0,2.1806638418864894,8.856202618602858,13.0,0.26666666666666666,0.20000000000000004
Caltech101-20,RANGE,15,64.0,2.2056023307145995,9.128046771036454,13.666666666666666,0.3072916666666667,0.15104166666666666
Caltech101-20,RANGE,16,37.0,1.6708515071095382,5.346098789049911,7.333333333333333,0.31531531531531537,0.26126126126126126
Caltech101-20,RANGE,17,56.0,2.15342921996564,8.618330385577607,12.0,0.23214285714285712,0.17857142857142858
Caltech101-20,RANGE,18,39.0,1.4465061134865789,4.2513192357125655,8.333333333333334,0.5555555555555555,0.1794871794871795
Caltech101-20,RANGE,19,60.0,1.8736091201373846,6.6164727516903445,10.333333333333334,0.39999999999999997,0.13333333333333333
Caltech101-20,YACHT,0,435.0,1.840018746661426,6.331967767909144,11.666666666666666,0.2850574712643678,0.23295019157088123
Caltech101-20,YACHT,1,200.0,1.1608534234642118,3.192704725494585,6.0,0.5416666666666666,0.3033333333333333
Caltech101-20,YACHT,2,798.0,2.2005763736749775,9.059125947420453,16.666666666666668,0.19966583124477863,0.15998329156223892
Caltech101-20,YACHT,3,33.0,1.5898630200589794,4.936555091368298,8.666666666666666,0.5151515151515151,0.16161616161616163
Caltech101-20,YACHT,4,98.0,1.8430538095358244,6.321549021300572,12.333333333333334,0.2993197278911564,0.2653061224489796
Caltech101-20,YACHT,5,50.0,1.9631275824754073,7.165501873418634,12.666666666666666,0.3333333333333333,0.26
Caltech101-20,YACHT,6,123.0,1.195697237787463,3.348110537877521,5.333333333333333,0.45528455284552843,0.2872628726287263
Caltech101-20,YACHT,7,52.0,1.495782536778756,4.474216617537977,8.0,0.4935897435897436,0.23076923076923075
Caltech101-20,YACHT,8,67.0,2.041816426351333,7.748786031925994,11.333333333333334,0.25870646766169153,0.21890547263681592
Caltech101-20,YACHT,9,34.0,1.918200268729544,6.810032569953317,8.666666666666666,0.2745098039215686,0.19607843137254902
Caltech101-20,YACHT,10,54.0,2.2290944239025996,9.404899630514352,13.333333333333334,0.24691358024691357,0.17901234567901234
Caltech101-20,YACHT,11,47.0,0.977658435044963,2.8395857450584834,4.333333333333333,0.5886524822695035,0.24113475177304963
Caltech101-20,YACHT,12,59.0,2.2967367187873937,9.976270118743772,12.0,0.18644067796610173,0.16384180790960454
Caltech101-20,YACHT,13,35.0,1.5873640863059304,4.901891335830027,7.333333333333333,0.3523809523809524,0.27619047619047615
Caltech101-20,YACHT,14,45.0,2.119657259803949,8.359597421118533,12.0,0.2740740740740741,0.2074074074074074
Caltech101-20,YACHT,15,64.0,2.022281687375199,7.6281352301293355,11.333333333333334,0.3125,0.16666666666666666
Caltech101-20,YACHT,16,37.0,1.4972648891446951,4.512897644691672,7.0,0.3873873873873874,0.2972972972972973
Caltech101-20,YACHT,17,56.0,2.0982310525921584,8.167347160275673,11.666666666666666,0.25,0.20238095238095236
Caltech101-20,YACHT,18,39.0,1.465342784320793,4.330491271269647,8.0,0.547008547008547,0.1794871794871795
Caltech101-20,YACHT,19,60.0,1.8529941080116046,6.450719573553404,9.666666666666666,0.38888888888888884,0.15
Chameleon,CEHM,0,456.0,0.695038757928459,2.003786735059098,5.0,0.8179824561403509,0.07675438596491228
Chameleon,CEHM,1,460.0,0.9734345156116625,2.6470200970709423,5.0,0.6913043478260871,0.17391304347826086
Chameleon,CEHM,2,453.0,1.4494616992497438,4.2608202949725,5.0,0.3995584988962472,0.26490066225165565
Chameleon,CEHM,3,521.0,1.218015695629781,3.3804779655087285,5.0,0.417786308381318,0.40243122200895715
Chameleon,CEHM,4,387.0,1.317668204589393,3.734702760302742,5.0,0.39104220499569337,0.32213608957795004
Chameleon,GPEC,0,456.0,1.2283540884496738,3.4158309335344867,5.0,0.44590643274853803,0.375
Chameleon,GPEC,1,460.0,1.3650871978774741,3.9167644975603593,5.0,0.43043478260869567,0.26159420289855073
Chameleon,GPEC,2,453.0,1.497643827326314,4.474845096907351,5.0,0.318616629874908,0.2641648270787344
Chameleon,GPEC,3,521.0,1.3792944200961752,3.977638870300743,5.0,0.39475367882277673,0.32053742802303264
Chameleon,GPEC,4,387.0,1.3871233186836889,4.005023507566996,5.0,0.35314384151593453,0.3186907838070629
Chameleon,HBGF,0,456.0,1.406003547292572,4.080781645666442,5.0,0.4144736842105263,0.23172514619883042
Chameleon,HBGF,1,460.0,1.5646922545425548,4.781614309242991,5.0,0.27318840579710146,0.24347826086956523
Chameleon,HBGF,2,453.0,1.5718038135082288,4.815450076778471,5.0,0.28550404709345106,0.2229580573951435
Chameleon,HBGF,3,521.0,1.513482137916484,4.543079164097585,5.0,0.3115802943058221,0.24440179142674343
Chameleon,HBGF,4,387.0,1.5591832679684596,4.75511987869523,5.0,0.27648578811369506,0.2532299741602067
Chameleon,MCLA,0,456.0,0.8523439933367601,2.422266145666353,4.333333333333333,0.7171052631578947,0.1513157894736842
Chameleon,MCLA,1,460.0,1.0648646895882816,2.968322905182595,4.333333333333333,0.5905797101449276,0.22028985507246376
Chameleon,MCLA,2,453.0,1.3260993336808802,3.7682222007021124,4.333333333333333,0.3701250919793966,0.27520235467255333
Chameleon,MCLA,3,521.0,1.1843481452190352,3.272939929812566,4.333333333333333,0.4209852847088931,0.3761996161228407
Chameleon,MCLA,4,387.0,1.2655415115262247,3.555112361064442,4.0,0.3669250645994832,0.3135228251507321
Chameleon,PSF-CE,0,456.0,0.7013982119118376,2.016570329851108,5.0,0.8157894736842105,0.07675438596491228
Chameleon,PSF-CE,1,460.0,0.9786750039166544,2.6609281856911227,5.0,0.6891304347826087,0.17391304347826086
Chameleon,PSF-CE,2,453.0,1.4494616992497438,4.2608202949725,5.0,0.3995584988962472,0.26490066225165565
Chameleon,PSF-CE,3,521.0,1.2808729866689126,3.5997809150113453,5.0,0.39923224568138194,0.3838771593090211
Chameleon,PSF-CE,4,387.0,1.3513090260562042,3.8624783076133293,5.0,0.3824289405684754,0.3178294573643411
Chameleon,RANGE,0,456.0,1.3001084142941632,3.6913221327576653,5.0,0.4305555555555556,0.3252923976608187
Chameleon,RANGE,1,460.0,1.4048576295700197,4.0978225171759055,5.0,0.4159420289855072,0.2253623188405797
Chameleon,RANGE,2,453.0,1.4680534857038416,4.344861902764001,5.0,0.32450331125827814,0.2560706401766005
Chameleon,RANGE,3,521.0,1.3323416617870252,3.799027590802995,5.0,0.3941138835572617,0.33269353806781826
Chameleon,RANGE,4,387.0,1.3441354440129445,3.8359389740757623,5.0,0.35572782084409993,0.3186907838070629
Chameleon,YACHT,0,456.0,1.3468139619519042,3.8608845194788852,5.0,0.3954678362573099,0.32821637426900585
Chameleon,YACHT,1,460.0,1.4759673781160052,4.390009576222029,5.0,0.32608695652173914,0.27246376811594203
Chameleon,YACHT,2,453.0,1.4876387132403526,4.428156942763042,5.0,0.31567328918322296,0.2634289919058131
Chameleon,YACHT,3,521.0,1.4258648877632643,4.168275549675318,5.0,0.38643634037108127,0.25975687779910434
Chameleon,YACHT,4,387.0,1.3914789469684885,4.028020263714272,5.0,0.3333333333333333,0.28251507321274766
Iris,CEHM,0,50.0,0.0,1.0,1.0,1.0,0.0
Iris,CEHM,1,50.0,0.5349652836499111,1.7075001108644525,2.0,0.7733333333333334,0.22666666666666666
Iris,CEHM,2,50.0,0.6155640775307757,1.8509359007330881,2.0,0.6933333333333334,0.3066666666666667
Iris,GPEC,0,50.0,0.0,1.0,1.0,1.0,0.0
Iris,GPEC,1,50.0,0.543022605868442,1.7213129642050742,2.0,0.7666666666666666,0.2333333333333333
Iris,GPEC,2,50.0,0.6155640775307757,1.8509359007330881,2.0,0.6933333333333334,0.3066666666666667
Iris,HBGF,0,50.0,0.09803911327973198,1.1030059264441496,2.0,0.98,0.02
Iris,HBGF,1,50.0,0.5584055911017887,1.747977467597589,2.0,0.7533333333333333,0.24666666666666667
Iris,HBGF,2,50.0,0.5796890505701051,1.785561858760871,2.0,0.7333333333333334,0.26666666666666666
Iris,MCLA,0,50.0,0.0,1.0,1.0,1.0,0.0
Iris,MCLA,1,50.0,0.543022605868442,1.7213129642050742,2.0,0.7666666666666666,0.2333333333333333
Iris,MCLA,2,50.0,0.6102290256915981,1.8410295488589588,2.0,0.7000000000000001,0.3
Iris,PSF-CE,0,50.0,0.03267970442657733,1.0343353088147165,1.3333333333333333,0.9933333333333333,0.006666666666666667
Iris,PSF-CE,1,50.0,0.543022605868442,1.7213129642050742,2.0,0.7666666666666666,0.2333333333333333
Iris,PSF-CE,2,50.0,0.6155640775307757,1.8509359007330881,2.0,0.6933333333333334,0.3066666666666667
Iris,RANGE,0,50.0,0.09803911327973198,1.1030059264441496,2.0,0.98,0.02
Iris,RANGE,1,50.0,0.5510799280869728,1.7351258175456958,2.0,0.7600000000000001,0.24
Iris,RANGE,2,50.0,0.6155640775307757,1.8509359007330881,2.0,0.6933333333333334,0.3066666666666667
Iris,YACHT,0,50.0,0.29212340891720584,1.393488680651501,2.0,0.8466666666666667,0.15333333333333335
Iris,YACHT,1,50.0,0.6209527902627802,1.87000733151868,2.3333333333333335,0.7000000000000001,0.29333333333333333
Iris,YACHT,2,50.0,0.5229753042145157,1.7145555049186296,2.3333333333333335,0.7733333333333334,0.22
Leukemia,CEHM,0,47.0,0.6090507476035167,1.8386851937915394,2.0,0.7021276595744682,0.2978723404255319
Leukemia,CEHM,1,25.0,0.5929533174474745,1.8093240408798608,2.0,0.7200000000000001,0.28
Leukemia,GPEC,0,47.0,0.6278683464068412,1.874280097347259,2.0,0.673758865248227,0.326241134751773
Leukemia,GPEC,1,25.0,0.5929533174474745,1.8093240408798608,2.0,0.7200000000000001,0.28
Leukemia,HBGF,0,47.0,0.6090507476035167,1.8386851937915394,2.0,0.7021276595744682,0.2978723404255319
Leukemia,HBGF,1,25.0,0.5650377245404733,1.7598585586570838,2.0,0.7466666666666667,0.25333333333333335
Leukemia,MCLA,0,47.0,0.6090507476035167,1.8386851937915394,2.0,0.7021276595744682,0.2978723404255319
Leukemia,MCLA,1,25.0,0.578995520993974,1.7845912997684723,2.0,0.7333333333333334,0.26666666666666666
Leukemia,PSF-CE,0,47.0,0.6090507476035167,1.8386851937915394,2.0,0.7021276595744682,0.2978723404255319
Leukemia,PSF-CE,1,25.0,0.5929533174474745,1.8093240408798608,2.0,0.7200000000000001,0.28
Leukemia,RANGE,0,47.0,0.6466859452101658,1.9098750009029788,2.0,0.6453900709219859,0.3546099290780142
Leukemia,RANGE,1,25.0,0.5929533174474745,1.8093240408798608,2.0,0.7200000000000001,0.28
Leukemia,YACHT,0,47.0,0.6595144515188913,1.9350790792349681,2.0,0.6099290780141845,0.3900709219858156
Leukemia,YACHT,1,25.0,0.5929533174474745,1.8093240408798608,2.0,0.7200000000000001,0.28
Leukemia2,CEHM,0,28.0,0.9622671964081487,2.625904222546889,3.0,0.5595238095238095,0.27380952380952384
Leukemia2,CEHM,1,24.0,0.0,1.0,1.0,1.0,0.0
Leukemia2,CEHM,2,20.0,0.1985152433458726,1.2195906179141718,2.0,0.9499999999999998,0.05000000000000001
Leukemia2,GPEC,0,28.0,0.7550564332461275,2.129918812514539,2.6666666666666665,0.6547619047619048,0.27380952380952384
Leukemia2,GPEC,1,24.0,0.18744504820626942,1.2515884502011076,1.3333333333333333,0.9166666666666666,0.08333333333333333
Leukemia2,GPEC,2,20.0,0.41757305131580486,1.597391829552479,2.3333333333333335,0.7999999999999999,0.18333333333333335
Leukemia2,HBGF,0,28.0,0.6666232788798013,1.9488818514682178,2.3333333333333335,0.6071428571428571,0.38095238095238093
Leukemia2,HBGF,1,24.0,0.5454701208850087,1.7259073825622027,2.0,0.7638888888888888,0.23611111111111113
Leukemia2,HBGF,2,20.0,0.7542473677023248,2.1355173363953805,2.3333333333333335,0.5833333333333334,0.3666666666666667
Leukemia2,MCLA,0,28.0,0.5531656939334377,1.7424207505203666,2.0,0.75,0.25
Leukemia2,MCLA,1,24.0,0.4332441121804245,1.552054541688989,2.0,0.8333333333333334,0.16666666666666666
Leukemia2,MCLA,2,20.0,0.7676152985536651,2.1581808492833416,2.6666666666666665,0.6,0.3666666666666667
Leukemia2,PSF-CE,0,28.0,0.8246281463063793,2.28425357792922,3.0,0.6904761904761906,0.17857142857142858
Leukemia2,PSF-CE,1,24.0,0.0,1.0,1.0,1.0,0.0
Leukemia2,PSF-CE,2,20.0,0.1985152433458726,1.2195906179141718,2.0,0.9499999999999998,0.05000000000000001
Leukemia2,RANGE,0,28.0,0.6821125966439078,1.9850748381745724,2.3333333333333335,0.6904761904761906,0.2619047619047619
Leukemia2,RANGE,1,24.0,0.5623351446188083,1.7547653506033232,2.0,0.75,0.25
Leukemia2,RANGE,2,20.0,0.8556886672556695,2.3529942528290935,3.0,0.5,0.45
Leukemia2,YACHT,0,28.0,0.7401326316527331,2.110551360294814,2.3333333333333335,0.6071428571428572,0.3333333333333333
Leukemia2,YACHT,1,24.0,0.5454701208850087,1.7259073825622027,2.0,0.7638888888888888,0.23611111111111113
Leukemia2,YACHT,2,20.0,0.8556886672556695,2.3529942528290935,3.0,0.5,0.45
Mushroom,CEHM,0,4208.0,0.0019595470335384744,1.0019653180734855,1.3333333333333333,0.9997623574144487,0.0002376425855513308
Mushroom,CEHM,1,3916.0,0.6866161923672077,1.986980878037403,2.0,0.5570309839972761,0.4429690160027239
Mushroom,GPEC,0,4208.0,0.3930076618828202,1.5080109940666233,2.0,0.8409378960709759,0.1590621039290241
Mushroom,GPEC,1,3916.0,0.628024830263238,1.8805228647436845,2.0,0.6318522301668369,0.36814776983316305
Mushroom,HBGF,0,4208.0,0.5848506428825361,1.7979130125303773,2.0,0.7147496831432193,0.28525031685678076
Mushroom,HBGF,1,3916.0,0.5670160908833465,1.767278191667361,2.0,0.7307626830098739,0.269237316990126
Mushroom,MCLA,0,4208.0,0.5252005215446606,1.6913303318865627,2.0,0.7804182509505703,0.21958174904942965
Mushroom,MCLA,1,3916.0,0.6142510952248329,1.8529925114973895,2.0,0.6676881171263194,0.33231188287368063
Mushroom,PSF-CE,0,4208.0,0.055268584371478614,1.0569681463913145,2.0,0.9900190114068441,0.009980988593155894
Mushroom,PSF-CE,1,3916.0,0.6876736231559265,1.989082800520803,2.0,0.5522642151855636,0.4477357848144365
Mushroom,RANGE,0,4208.0,0.5790992391304249,1.7872723055427002,2.0,0.7240177439797212,0.27598225602027887
Mushroom,RANGE,1,3916.0,0.6242730237183193,1.8743635272136707,2.0,0.6340653728294178,0.36593462717058217
Mushroom,YACHT,0,4208.0,0.6669109034908606,1.9482310043840474,2.0,0.6135931558935361,0.38640684410646386
Mushroom,YACHT,1,3916.0,0.6736895422830712,1.9618736809274508,2.0,0.5844399046646237,0.4155600953353762
ORL,CEHM,0,10.0,0.9767313641770143,2.6647090999722365,3.0,0.5,0.3333333333333333
ORL,CEHM,1,10.0,0.0,1.0,1.0,1.0,0.0
ORL,CEHM,2,10.0,0.5940157186350562,1.990334698870002,2.3333333333333335,0.7000000000000001,0.2333333333333333
ORL,CEHM,3,10.0,0.7765475844829766,2.1895225358051853,2.3333333333333335,0.5,0.4666666666666666
ORL,CEHM,4,10.0,0.738167135713856,2.1004021742927153,2.6666666666666665,0.6999999999999998,0.2333333333333333
ORL,CEHM,5,10.0,0.0,1.0,1.0,1.0,0.0
ORL,CEHM,6,10.0,0.6108643020548935,1.8420227750373133,2.0,0.6999999999999998,0.3
ORL,CEHM,7,10.0,0.706991474368336,2.097752226747994,2.6666666666666665,0.7000000000000001,0.2333333333333333
ORL,CEHM,8,10.0,0.3250829733914482,1.3841454884616862,2.0,0.9,0.10000000000000002
ORL,CEHM,9,10.0,0.9295547509151136,2.55171718880719,3.3333333333333335,0.6333333333333333,0.2333333333333333
ORL,CEHM,10,10.0,0.0,1.0,1.0,1.0,0.0
ORL,CEHM,11,10.0,0.23104906018664842,1.3333333333333333,1.3333333333333333,0.8333333333333334,0.16666666666666666
ORL,CEHM,12,10.0,0.3835227901070281,1.4725586217964965,2.0,0.8666666666666667,0.13333333333333333
ORL,CEHM,13,10.0,0.0,1.0,1.0,1.0,0.0
ORL,CEHM,14,10.0,0.6931471805599453,2.0,2.0,0.5,0.5
ORL,CEHM,15,10.0,0.5410940687474971,1.8488469980222408,2.0,0.7333333333333334,0.20000000000000004
ORL,CEHM,16,10.0,1.0296530140645737,2.8000940728538315,3.0,0.5,0.3
ORL,CEHM,17,10.0,0.0,1.0,1.0,1.0,0.0
ORL,CEHM,18,10.0,0.6931471805599453,2.0,2.0,0.5,0.5
ORL,CEHM,19,10.0,0.8700809198368255,2.4642922211504312,2.6666666666666665,0.5333333333333333,0.3333333333333333
ORL,CEHM,20,10.0,0.20362143401829783,1.280674258345771,1.3333333333333333,0.9,0.09999999999999999
ORL,CEHM,21,10.0,0.0,1.0,1.0,1.0,0.0
ORL,CEHM,22,10.0,0.7909253148031246,2.257719525285036,2.3333333333333335,0.5666666666666667,0.3333333333333333
ORL,CEHM,23,10.0,0.5387866864460986,1.8428997705411152,2.0,0.7000000000000001,0.26666666666666666
ORL,CEHM,24,10.0,0.21672198226096548,1.2560969923077907,1.6666666666666667,0.9333333333333332,0.06666666666666667
ORL,CEHM,25,10.0,0.4410592045973843,1.5761408937103871,2.0,0.7999999999999999,0.20000000000000004
ORL,CEHM,26,10.0,0.0,1.0,1.0,1.0,0.0
ORL,CEHM,27,10.0,0.0,1.0,1.0,1.0,0.0
ORL,CEHM,28,10.0,0.0,1.0,1.0,1.0,0.0
ORL,CEHM,29,10.0,0.0,1.0,1.0,1.0,0.0
ORL,CEHM,30,10.0,0.6931471805599453,2.0,2.0,0.5,0.5
ORL,CEHM,31,10.0,0.0,1.0,1.0,1.0,0.0
ORL,CEHM,32,10.0,0.0,1.0,1.0,1.0,0.0
ORL,CEHM,33,10.0,0.6108643020548935,1.8420227750373133,2.0,0.6999999999999998,0.3
ORL,CEHM,34,10.0,0.6730116670092565,1.9601317042077895,2.0,0.6,0.4000000000000001
ORL,CEHM,35,10.0,0.0,1.0,1.0,1.0,0.0
ORL,CEHM,36,10.0,0.6931471805599453,2.0,2.0,0.5,0.5
ORL,CEHM,37,10.0,0.0,1.0,1.0,1.0,0.0
ORL,CEHM,38,10.0,0.22433722233641884,1.3200439014025964,1.3333333333333333,0.8666666666666667,0.13333333333333333
ORL,CEHM,39,10.0,0.9305215521396847,2.577076624557209,2.6666666666666665,0.5,0.3333333333333333
ORL,GPEC,0,10.0,1.2516828540995941,3.537859318677048,4.0,0.43333333333333335,0.26666666666666666
ORL,GPEC,1,10.0,0.0,1.0,1.0,1.0,0.0
ORL,GPEC,2,10.0,1.5109032860203158,4.704639476301457,5.0,0.3,0.26666666666666666
ORL,GPEC,3,10.0,0.8206603232728735,2.417160957603159,3.0,0.6,0.3
ORL,GPEC,4,10.0,0.642906692826041,1.9477764121008396,2.6666666666666665,0.7666666666666666,0.16666666666666666
ORL,GPEC,5,10.0,0.0,1.0,1.0,1.0,0.0
ORL,GPEC,6,10.0,0.20362143401829783,1.280674258345771,1.3333333333333333,0.9,0.09999999999999999
ORL,GPEC,7,10.0,0.516037223879892,1.74094885760484,2.3333333333333335,0.7999999999999999,0.16666666666666666
ORL,GPEC,8,10.0,0.6320134550858282,1.932944262853541,2.3333333333333335,0.7000000000000001,0.26666666666666666
ORL,GPEC,9,10.0,0.6843382694622829,2.083265097736563,3.0,0.7666666666666666,0.13333333333333333
ORL,GPEC,10,10.0,0.0,1.0,1.0,1.0,0.0
ORL,GPEC,11,10.0,0.6657195543915947,1.9473409250124378,2.0,0.5666666666666667,0.43333333333333335
ORL,GPEC,12,10.0,0.3250829733914482,1.3841454884616862,2.0,0.9,0.10000000000000002
ORL,GPEC,13,10.0,0.0,1.0,1.0,1.0,0.0
ORL,GPEC,14,10.0,0.23104906018664842,1.3333333333333333,1.3333333333333333,0.8333333333333334,0.16666666666666666
ORL,GPEC,15,10.0,0.7654312910839159,2.1688908994248375,2.3333333333333335,0.6,0.3333333333333333
ORL,GPEC,16,10.0,0.5646506758787737,1.7662565923107454,2.0,0.7000000000000001,0.3
ORL,GPEC,17,10.0,0.0,1.0,1.0,1.0,0.0
ORL,GPEC,18,10.0,0.6931471805599453,2.0,2.0,0.5,0.5
ORL,GPEC,19,10.0,0.33360161569212526,1.432923258977412,1.6666666666666667,0.8666666666666667,0.13333333333333333
ORL,GPEC,20,10.0,0.5303643018055749,1.8181851986303823,2.0,0.7000000000000001,0.26666666666666666
ORL,GPEC,21,10.0,0.0,1.0,1.0,1.0,0.0
ORL,GPEC,22,10.0,1.0888999753452238,2.971004096610006,3.0,0.4000000000000001,0.3
ORL,GPEC,23,10.0,0.10836099113048274,1.1280484961538952,1.3333333333333333,0.9666666666666667,0.03333333333333333
ORL,GPEC,24,10.0,0.3250829733914482,1.3841454884616862,2.0,0.9,0.10000000000000002
ORL,GPEC,25,10.0,0.10836099113048274,1.1280484961538952,1.3333333333333333,0.9666666666666667,0.03333333333333333
ORL,GPEC,26,10.0,0.0,1.0,1.0,1.0,0.0
ORL,GPEC,27,10.0,0.20362143401829783,1.280674258345771,1.3333333333333333,0.9,0.09999999999999999
ORL,GPEC,28,10.0,0.23104906018664842,1.3333333333333333,1.3333333333333333,0.8333333333333334,0.16666666666666666
ORL,GPEC,29,10.0,0.22433722233641884,1.3200439014025964,1.3333333333333333,0.8666666666666667,0.13333333333333333
ORL,GPEC,30,10.0,0.6931471805599453,2.0,2.0,0.5,0.5
ORL,GPEC,31,10.0,0.0,1.0,1.0,1.0,0.0
ORL,GPEC,32,10.0,0.0,1.0,1.0,1.0,0.0
ORL,GPEC,33,10.0,0.0,1.0,1.0,1.0,0.0
ORL,GPEC,34,10.0,0.8003145006682191,2.2640030986360555,2.3333333333333335,0.5333333333333333,0.4000000000000001
ORL,GPEC,35,10.0,0.16680080784606263,1.216461629488706,1.3333333333333333,0.9333333333333332,0.06666666666666667
ORL,GPEC,36,10.0,0.8053157917281547,2.26669802428461,2.3333333333333335,0.5,0.43333333333333335
ORL,GPEC,37,10.0,0.20362143401829783,1.280674258345771,1.3333333333333333,0.9,0.09999999999999999
ORL,GPEC,38,10.0,0.22433722233641884,1.3200439014025964,1.3333333333333333,0.8666666666666667,0.13333333333333333
ORL,GPEC,39,10.0,1.4472518691908345,4.281472800429973,4.666666666666667,0.3333333333333333,0.26666666666666666
ORL,HBGF,0,10.0,1.372273849908327,3.9563772305068405,4.333333333333333,0.3666666666666667,0.26666666666666666
ORL,HBGF,1,10.0,0.0,1.0,1.0,1.0,0.0
ORL,HBGF,2,10.0,1.3897154547004782,4.064076977749547,4.666666666666667,0.4000000000000001,0.26666666666666666
ORL,HBGF,3,10.0,0.9433483923290393,2.568567607415556,3.0,0.5,0.4000000000000001
ORL,HBGF,4,10.0,0.8606917339717309,2.4916974096702855,3.0,0.6333333333333333,0.2333333333333333
ORL,HBGF,5,10.0,0.16680080784606263,1.216461629488706,1.3333333333333333,0.9333333333333332,0.06666666666666667
ORL,HBGF,6,10.0,0.3704222418643604,1.497135887834477,1.6666666666666667,0.8333333333333334,0.16666666666666666
ORL,HBGF,7,10.0,0.6206868526328017,1.9111155974969438,2.6666666666666665,0.7666666666666666,0.16666666666666666
ORL,HBGF,8,10.0,0.3250829733914482,1.3841454884616862,2.0,0.9,0.10000000000000002
ORL,HBGF,9,10.0,0.8328903279511238,2.392845564538609,3.3333333333333335,0.7000000000000001,0.13333333333333333
ORL,HBGF,10,10.0,0.0,1.0,1.0,1.0,0.0
ORL,HBGF,11,10.0,0.5704591115037796,1.7947151628205618,2.0,0.6333333333333333,0.3666666666666667
ORL,HBGF,12,10.0,1.0290561785534689,2.9196234265032452,4.0,0.6333333333333333,0.16666666666666666
ORL,HBGF,13,10.0,0.0,1.0,1.0,1.0,0.0
ORL,HBGF,14,10.0,0.33941005131713115,1.4613818294872285,1.6666666666666667,0.7999999999999999,0.19999999999999998
ORL,HBGF,15,10.0,0.9328289344410831,2.542458058536338,3.0,0.6,0.2333333333333333
ORL,HBGF,16,10.0,0.899445962593108,2.498277951281887,3.0,0.6,0.2333333333333333
ORL,HBGF,17,10.0,0.42795865635471664,1.6007181597483677,1.6666666666666667,0.7666666666666666,0.2333333333333333
ORL,HBGF,18,10.0,0.6288989282193594,1.8831282961553726,2.0,0.6,0.39999999999999997
ORL,HBGF,19,10.0,0.46611604946498925,1.7013134947857553,2.0,0.7999999999999999,0.16666666666666666
ORL,HBGF,20,10.0,0.9851537488175378,2.7433018592500105,3.0,0.4666666666666666,0.3666666666666667
ORL,HBGF,21,10.0,0.0,1.0,1.0,1.0,0.0
ORL,HBGF,22,10.0,1.1176681825904018,3.200268564245461,3.3333333333333335,0.39999999999999997,0.3333333333333333
ORL,HBGF,23,10.0,0.5062108591631937,1.6778434589759346,2.0,0.7333333333333334,0.26666666666666666
ORL,HBGF,24,10.0,0.3835227901070281,1.4725586217964965,2.0,0.8666666666666667,0.13333333333333333
ORL,HBGF,25,10.0,0.4728278873152188,2.043617306963584,2.3333333333333335,0.7999999999999999,0.09999999999999999
ORL,HBGF,26,10.0,0.0,1.0,1.0,1.0,0.0
ORL,HBGF,27,10.0,0.10836099113048274,1.1280484961538952,1.3333333333333333,0.9666666666666667,0.03333333333333333
ORL,HBGF,28,10.0,0.0,1.0,1.0,1.0,0.0
ORL,HBGF,29,10.0,0.0,1.0,1.0,1.0,0.0
ORL,HBGF,30,10.0,0.6931471805599453,2.0,2.0,0.5,0.5
ORL,HBGF,31,10.0,0.10836099113048274,1.1280484961538952,1.3333333333333333,0.9666666666666667,0.03333333333333333
ORL,HBGF,32,10.0,0.0,1.0,1.0,1.0,0.0
ORL,HBGF,33,10.0,0.0,1.0,1.0,1.0,0.0
ORL,HBGF,34,10.0,0.8866191224037534,2.5468913295095312,2.6666666666666665,0.5,0.3666666666666667
ORL,HBGF,35,10.0,0.3704222418643604,1.497135887834477,1.6666666666666667,0.8333333333333334,0.16666666666666666
ORL,HBGF,36,10.0,0.6931471805599453,2.0,2.0,0.5,0.5
ORL,HBGF,37,10.0,0.0,1.0,1.0,1.0,0.0
ORL,HBGF,38,10.0,0.22433722233641884,1.3200439014025964,1.3333333333333333,0.8666666666666667,0.13333333333333333
ORL,HBGF,39,10.0,1.3199490355318722,3.745596485050972,4.0,0.3333333333333333,0.3
ORL,MCLA,0,10.0,1.0008848068193956,2.7987365131593847,3.0,0.4666666666666666,0.3666666666666667
ORL,MCLA,1,10.0,0.0,1.0,1.0,1.0,0.0
ORL,MCLA,2,10.0,1.5396714932654938,4.705352667508628,5.0,0.3,0.2333333333333333
ORL,MCLA,3,10.0,0.9433483923290392,2.5685676074155555,3.0,0.5,0.4000000000000001
ORL,MCLA,4,10.0,0.7475563215789505,2.1179431519929435,3.0,0.7333333333333334,0.16666666666666666
ORL,MCLA,5,10.0,0.0,1.0,1.0,1.0,0.0
ORL,MCLA,6,10.0,0.20362143401829783,1.280674258345771,1.3333333333333333,0.9,0.09999999999999999
ORL,MCLA,7,10.0,0.6749490835971884,2.0227643194244167,2.6666666666666665,0.7333333333333334,0.19999999999999998
ORL,MCLA,8,10.0,0.10836099113048274,1.1280484961538952,1.3333333333333333,0.9666666666666667,0.03333333333333333
ORL,MCLA,9,10.0,0.8752925199507268,2.440068466879717,3.3333333333333335,0.6666666666666666,0.19999999999999998
ORL,MCLA,10,10.0,0.0,1.0,1.0,1.0,0.0
ORL,MCLA,11,10.0,0.754701524141994,2.138229100032979,2.3333333333333335,0.5666666666666667,0.39999999999999997
ORL,MCLA,12,10.0,0.7970403171422497,2.2833269529988467,3.0,0.7000000000000001,0.20000000000000004
ORL,MCLA,13,10.0,0.0,1.0,1.0,1.0,0.0
ORL,MCLA,14,10.0,0.46209812037329684,1.6666666666666667,1.6666666666666667,0.6666666666666666,0.3333333333333333
ORL,MCLA,15,10.0,0.4486744446728377,1.640087802805193,1.6666666666666667,0.7333333333333334,0.26666666666666666
ORL,MCLA,16,10.0,0.5466122355755175,1.731138495023411,2.3333333333333335,0.8000000000000002,0.16666666666666666
ORL,MCLA,17,10.0,0.10836099113048274,1.1280484961538952,1.3333333333333333,0.9666666666666667,0.03333333333333333
ORL,MCLA,18,10.0,0.46209812037329684,1.6666666666666667,1.6666666666666667,0.6666666666666666,0.3333333333333333
ORL,MCLA,19,10.0,0.39113803018248144,1.5365055308913025,1.6666666666666667,0.8000000000000002,0.20000000000000004
ORL,MCLA,20,10.0,1.2403562516465674,3.469484569006038,4.333333333333333,0.4666666666666666,0.3
ORL,MCLA,21,10.0,0.0,1.0,1.0,1.0,0.0
ORL,MCLA,22,10.0,1.152551392174705,3.179374553281445,3.3333333333333335,0.4000000000000001,0.3
ORL,MCLA,23,10.0,0.3144494641096797,1.5228558691385186,1.6666666666666667,0.8333333333333334,0.13333333333333333
ORL,MCLA,24,10.0,0.3835227901070281,1.4725586217964965,2.0,0.8666666666666667,0.13333333333333333
ORL,MCLA,25,10.0,0.4977884745226702,1.8668696479286098,2.3333333333333335,0.7999999999999999,0.13333333333333333
ORL,MCLA,26,10.0,0.0,1.0,1.0,1.0,0.0
ORL,MCLA,27,10.0,0.22433722233641884,1.3200439014025964,1.3333333333333333,0.8666666666666667,0.13333333333333333
ORL,MCLA,28,10.0,0.0,1.0,1.0,1.0,0.0
ORL,MCLA,29,10.0,0.16680080784606263,1.216461629488706,1.3333333333333333,0.9333333333333332,0.06666666666666667
ORL,MCLA,30,10.0,0.6931471805599453,2.0,2.0,0.5,0.5
ORL,MCLA,31,10.0,0.16680080784606263,1.216461629488706,1.3333333333333333,0.9333333333333332,0.06666666666666667
ORL,MCLA,32,10.0,0.0,1.0,1.0,1.0,0.0
ORL,MCLA,33,10.0,0.0,1.0,1.0,1.0,0.0
ORL,MCLA,34,10.0,0.6730116670092565,1.9601317042077895,2.0,0.6,0.4000000000000001
ORL,MCLA,35,10.0,0.0,1.0,1.0,1.0,0.0
ORL,MCLA,36,10.0,0.46209812037329684,1.6666666666666667,1.6666666666666667,0.6666666666666666,0.3333333333333333
ORL,MCLA,37,10.0,0.0,1.0,1.0,1.0,0.0
ORL,MCLA,38,10.0,0.4486744446728377,1.640087802805193,1.6666666666666667,0.7333333333333334,0.26666666666666666
ORL,MCLA,39,10.0,1.5396714932654938,4.705352667508628,5.0,0.3,0.2333333333333333
ORL,PSF-CE,0,10.0,1.1964538219106362,3.3307750020341587,3.6666666666666665,0.43333333333333335,0.3
ORL,PSF-CE,1,10.0,0.0,1.0,1.0,1.0,0.0
ORL,PSF-CE,2,10.0,1.0054995714221924,2.7418845884516614,3.0,0.5,0.3
ORL,PSF-CE,3,10.0,0.6538595154268109,1.984237698625747,2.3333333333333335,0.6333333333333333,0.3333333333333333
ORL,PSF-CE,4,10.0,0.7013465095416208,2.0361895454356502,2.6666666666666665,0.7333333333333334,0.20000000000000004
ORL,PSF-CE,5,10.0,0.10836099113048274,1.1280484961538952,1.3333333333333333,0.9666666666666667,0.03333333333333333
ORL,PSF-CE,6,10.0,0.6108643020548935,1.8420227750373133,2.0,0.6999999999999998,0.3
ORL,PSF-CE,7,10.0,0.6749490835971884,2.0227643194244167,2.6666666666666665,0.7333333333333334,0.19999999999999998
ORL,PSF-CE,8,10.0,0.32137161101387507,1.4262637321998948,2.0,0.9,0.06666666666666667
ORL,PSF-CE,9,10.0,0.9654047617239877,2.694037753357382,3.6666666666666665,0.6333333333333333,0.19999999999999998
ORL,PSF-CE,10,10.0,0.0,1.0,1.0,1.0,0.0
ORL,PSF-CE,11,10.0,0.0,1.0,1.0,1.0,0.0
ORL,PSF-CE,12,10.0,0.589611263086225,1.8673659947811194,2.3333333333333335,0.7333333333333334,0.23333333333333336
ORL,PSF-CE,13,10.0,0.0,1.0,1.0,1.0,0.0
ORL,PSF-CE,14,10.0,0.6931471805599453,2.0,2.0,0.5,0.5
ORL,PSF-CE,15,10.0,0.8578509151585753,2.377650094641885,2.6666666666666665,0.6,0.26666666666666666
ORL,PSF-CE,16,10.0,1.0296530140645737,2.8000940728538315,3.0,0.5,0.3
ORL,PSF-CE,17,10.0,0.20362143401829783,1.280674258345771,1.3333333333333333,0.9,0.09999999999999999
ORL,PSF-CE,18,10.0,0.6931471805599453,2.0,2.0,0.5,0.5
ORL,PSF-CE,19,10.0,0.9276173343271816,2.5678744930643216,2.6666666666666665,0.4666666666666666,0.4000000000000001
ORL,PSF-CE,20,10.0,0.46000104712586415,1.751963791984758,2.0,0.7666666666666666,0.16666666666666666
ORL,PSF-CE,21,10.0,0.0,1.0,1.0,1.0,0.0
ORL,PSF-CE,22,10.0,1.0888999753452238,2.971004096610006,3.0,0.4000000000000001,0.3
ORL,PSF-CE,23,10.0,0.7372599193498423,2.1737602344309326,2.6666666666666665,0.6333333333333333,0.3
ORL,PSF-CE,24,10.0,0.21672198226096548,1.2560969923077907,1.6666666666666667,0.9333333333333332,0.06666666666666667
ORL,PSF-CE,25,10.0,0.3250829733914482,1.3841454884616862,2.0,0.9,0.10000000000000002
ORL,PSF-CE,26,10.0,0.0,1.0,1.0,1.0,0.0
ORL,PSF-CE,27,10.0,0.0,1.0,1.0,1.0,0.0
ORL,PSF-CE,28,10.0,0.0,1.0,1.0,1.0,0.0
ORL,PSF-CE,29,10.0,0.0,1.0,1.0,1.0,0.0
ORL,PSF-CE,30,10.0,0.6931471805599453,2.0,2.0,0.5,0.5
ORL,PSF-CE,31,10.0,0.10836099113048274,1.1280484961538952,1.3333333333333333,0.9666666666666667,0.03333333333333333
ORL,PSF-CE,32,10.0,0.0,1.0,1.0,1.0,0.0
ORL,PSF-CE,33,10.0,0.6108643020548935,1.8420227750373133,2.0,0.6999999999999998,0.3
ORL,PSF-CE,34,10.0,0.6730116670092565,1.9601317042077895,2.0,0.6,0.4000000000000001
ORL,PSF-CE,35,10.0,0.0,1.0,1.0,1.0,0.0
ORL,PSF-CE,36,10.0,0.6931471805599453,2.0,2.0,0.5,0.5
ORL,PSF-CE,37,10.0,0.0,1.0,1.0,1.0,0.0
ORL,PSF-CE,38,10.0,0.0,1.0,1.0,1.0,0.0
ORL,PSF-CE,39,10.0,1.0252485585157425,2.7988545963703864,3.0,0.4666666666666666,0.3
ORL,RANGE,0,10.0,1.093304430894055,2.996477807682498,3.3333333333333335,0.5,0.26666666666666666
ORL,RANGE,1,10.0,0.0,1.0,1.0,1.0,0.0
ORL,RANGE,2,10.0,1.3176416532304736,3.743257364723663,4.0,0.3666666666666667,0.26666666666666666
ORL,RANGE,3,10.0,1.018326411611547,2.7845328900517514,3.3333333333333335,0.5,0.3666666666666667
ORL,RANGE,4,10.0,0.642906692826041,1.9477764121008398,2.6666666666666665,0.7666666666666666,0.16666666666666666
ORL,RANGE,5,10.0,0.0,1.0,1.0,1.0,0.0
ORL,RANGE,6,10.0,0.6108643020548935,1.8420227750373133,2.0,0.6999999999999998,0.3
ORL,RANGE,7,10.0,0.5160372238798921,1.74094885760484,2.3333333333333335,0.7999999999999999,0.16666666666666666
ORL,RANGE,8,10.0,0.42973260214435777,1.5543122283537898,2.3333333333333335,0.8666666666666667,0.10000000000000002
ORL,RANGE,9,10.0,0.889459941216909,2.475592774211714,3.6666666666666665,0.7000000000000001,0.13333333333333333
ORL,RANGE,10,10.0,0.0,1.0,1.0,1.0,0.0
ORL,RANGE,11,10.0,0.23104906018664842,1.3333333333333333,1.3333333333333333,0.8333333333333334,0.16666666666666666
ORL,RANGE,12,10.0,0.4839948331087445,1.665960950281263,2.3333333333333335,0.8333333333333334,0.13333333333333333
ORL,RANGE,13,10.0,0.0,1.0,1.0,1.0,0.0
ORL,RANGE,14,10.0,0.23104906018664842,1.3333333333333333,1.3333333333333333,0.8333333333333334,0.16666666666666666
ORL,RANGE,15,10.0,0.9328289344410831,2.542458058536338,3.0,0.6,0.2333333333333333
ORL,RANGE,16,10.0,0.6768192870469831,2.032954616595356,2.3333333333333335,0.7000000000000001,0.2333333333333333
ORL,RANGE,17,10.0,0.22433722233641884,1.3200439014025964,1.3333333333333333,0.8666666666666667,0.13333333333333333
ORL,RANGE,18,10.0,0.6931471805599453,2.0,2.0,0.5,0.5
ORL,RANGE,19,10.0,0.557938838028544,1.7529671603800085,2.0,0.7333333333333334,0.26666666666666666
ORL,RANGE,20,10.0,0.6657195543915947,1.9473409250124378,2.0,0.5666666666666667,0.43333333333333335
ORL,RANGE,21,10.0,0.0,1.0,1.0,1.0,0.0
ORL,RANGE,22,10.0,1.2162028090041863,3.3877450099528836,3.6666666666666665,0.4000000000000001,0.3
ORL,RANGE,23,10.0,0.4486744446728377,1.640087802805193,1.6666666666666667,0.7333333333333334,0.26666666666666666
ORL,RANGE,24,10.0,0.21672198226096548,1.2560969923077907,1.6666666666666667,0.9333333333333332,0.06666666666666667
ORL,RANGE,25,10.0,0.10836099113048274,1.1280484961538952,1.3333333333333333,0.9666666666666667,0.03333333333333333
ORL,RANGE,26,10.0,0.0,1.0,1.0,1.0,0.0
ORL,RANGE,27,10.0,0.0,1.0,1.0,1.0,0.0
ORL,RANGE,28,10.0,0.0,1.0,1.0,1.0,0.0
ORL,RANGE,29,10.0,0.0,1.0,1.0,1.0,0.0
ORL,RANGE,30,10.0,0.6931471805599453,2.0,2.0,0.5,0.5
ORL,RANGE,31,10.0,0.0,1.0,1.0,1.0,0.0
ORL,RANGE,32,10.0,0.0,1.0,1.0,1.0,0.0
ORL,RANGE,33,10.0,0.0,1.0,1.0,1.0,0.0
ORL,RANGE,34,10.0,0.7479896862917643,2.124939668102242,2.3333333333333335,0.6,0.3666666666666667
ORL,RANGE,35,10.0,0.0,1.0,1.0,1.0,0.0
ORL,RANGE,36,10.0,0.6931471805599453,2.0,2.0,0.5,0.5
ORL,RANGE,37,10.0,0.0,1.0,1.0,1.0,0.0
ORL,RANGE,38,10.0,0.0,1.0,1.0,1.0,0.0
ORL,RANGE,39,10.0,1.4934616812281645,4.470156340314227,4.666666666666667,0.3,0.2333333333333333
ORL,YACHT,0,10.0,1.3153342709290752,3.760563561027235,4.333333333333333,0.43333333333333335,0.2333333333333333
ORL,YACHT,1,10.0,0.0,1.0,1.0,1.0,0.0
ORL,YACHT,2,10.0,1.759393950999116,5.924792475554099,6.333333333333333,0.26666666666666666,0.20000000000000004
ORL,YACHT,3,10.0,1.2859692281727926,3.6500974567816975,4.333333333333333,0.4000000000000001,0.3333333333333333
ORL,YACHT,4,10.0,0.9611637769734473,2.6850997381550514,3.3333333333333335,0.6,0.2333333333333333
ORL,YACHT,5,10.0,0.0,1.0,1.0,1.0,0.0
ORL,YACHT,6,10.0,0.3704222418643604,1.497135887834477,1.6666666666666667,0.8333333333333334,0.16666666666666666
ORL,YACHT,7,10.0,0.6348542738989839,1.946639904828941,3.0,0.7999999999999999,0.10000000000000002
ORL,YACHT,8,10.0,0.42973260214435777,1.5543122283537898,2.3333333333333335,0.8666666666666667,0.10000000000000002
ORL,YACHT,9,10.0,0.7253364813857113,2.0812823373890477,3.0,0.7333333333333334,0.16666666666666666
ORL,YACHT,10,10.0,0.0,1.0,1.0,1.0,0.0
ORL,YACHT,11,10.0,0.46209812037329684,1.6666666666666667,1.6666666666666667,0.6666666666666666,0.3333333333333333
ORL,YACHT,12,10.0,0.5345457016955583,1.8197279159469444,2.3333333333333335,0.7999999999999999,0.13333333333333333
ORL,YACHT,13,10.0,0.0,1.0,1.0,1.0,0.0
ORL,YACHT,14,10.0,0.0,1.0,1.0,1.0,0.0
ORL,YACHT,15,10.0,0.8083669195952762,2.258710955995713,2.6666666666666665,0.6333333333333333,0.26666666666666666
ORL,YACHT,16,10.0,0.7146067144437893,2.0785980594416835,2.3333333333333335,0.6333333333333333,0.3
ORL,YACHT,17,10.0,0.43467049420494625,1.6140075916791046,1.6666666666666667,0.7333333333333334,0.26666666666666666
ORL,YACHT,18,10.0,0.6931471805599453,2.0,2.0,0.5,0.5
ORL,YACHT,19,10.0,0.8700809198368255,2.4642922211504312,2.6666666666666665,0.5333333333333333,0.3333333333333333
ORL,YACHT,20,10.0,0.5236524639553454,1.8048957666996455,2.0,0.7333333333333334,0.2333333333333333
ORL,YACHT,21,10.0,0.0,1.0,1.0,1.0,0.0
ORL,YACHT,22,10.0,0.7333889003127684,2.1541372533711454,2.3333333333333335,0.6333333333333333,0.26666666666666666
ORL,YACHT,23,10.0,0.21672198226096548,1.2560969923077907,1.6666666666666667,0.9333333333333332,0.06666666666666667
ORL,YACHT,24,10.0,0.42973260214435777,1.5543122283537898,2.3333333333333335,0.8666666666666667,0.10000000000000002
ORL,YACHT,25,10.0,0.7889878982151926,2.2534318376286673,3.3333333333333335,0.7333333333333334,0.13333333333333333
ORL,YACHT,26,10.0,0.10836099113048274,1.1280484961538952,1.3333333333333333,0.9666666666666667,0.03333333333333333
ORL,YACHT,27,10.0,0.22433722233641884,1.3200439014025964,1.3333333333333333,0.8666666666666667,0.13333333333333333
ORL,YACHT,28,10.0,0.33941005131713115,1.4613818294872285,1.6666666666666667,0.7999999999999999,0.19999999999999998
ORL,YACHT,29,10.0,0.0,1.0,1.0,1.0,0.0
ORL,YACHT,30,10.0,0.6931471805599453,2.0,2.0,0.5,0.5
ORL,YACHT,31,10.0,0.16680080784606263,1.216461629488706,1.3333333333333333,0.9333333333333332,0.06666666666666667
ORL,YACHT,32,10.0,0.10836099113048274,1.1280484961538952,1.3333333333333333,0.9666666666666667,0.03333333333333333
ORL,YACHT,33,10.0,0.10836099113048274,1.1280484961538952,1.3333333333333333,0.9666666666666667,0.03333333333333333
ORL,YACHT,34,10.0,0.822967705574272,2.2897476319966947,2.6666666666666665,0.6,0.3333333333333333
ORL,YACHT,35,10.0,0.16680080784606263,1.216461629488706,1.3333333333333333,0.9333333333333332,0.06666666666666667
ORL,YACHT,36,10.0,0.6931471805599453,2.0,2.0,0.5,0.5
ORL,YACHT,37,10.0,0.0,1.0,1.0,1.0,0.0
ORL,YACHT,38,10.0,0.3326982134669016,1.4480923975564917,1.6666666666666667,0.8333333333333334,0.16666666666666666
ORL,YACHT,39,10.0,1.5571130980576458,4.74510280626355,5.0,0.3,0.20000000000000004
