path,role,origin,sha256
.gitattributes,documentation_or_config,current V9 public-release material; scientific results unchanged from the frozen revised Core-10 archive,b3eeb7b00f64053d979fa3c97a6025aec6ca5ba806e4902b38e87ee4e48dd6b0
.gitignore,documentation_or_config,current V9 public-release material; scientific results unchanged from the frozen revised Core-10 archive,8b3ab8958196894d4f459f06710de5aea94b2aa6fc82acba45bc112d3ada61f6
artifacts/paper_revised_core10/figures/figure1_parameter_sensitivity/audit/FIG1_BUILD_AUDIT.json,paper_evidence,current V9 public-release material; scientific results unchanged from the frozen revised Core-10 archive,fb10538aaf991aa0c078b5b33801ffdd717f67122c1348acecb2bd49b62367eb
artifacts/paper_revised_core10/figures/figure1_parameter_sensitivity/audit/FIG1_COMPUTATION_AUDIT.json,paper_evidence,current V9 public-release material; scientific results unchanged from the frozen revised Core-10 archive,febb01d3f4571633a8c5a952c6bfa974a75ba833d05d9a1e4e2c8c3c7ebb5dbb
artifacts/paper_revised_core10/figures/figure1_parameter_sensitivity/data/fig1_dataset_means.csv,paper_evidence,current V9 public-release material; scientific results unchanged from the frozen revised Core-10 archive,00e201c1dd79d924b33e2a9da6a672b746ed8c528289a676990e87331391dfcd
artifacts/paper_revised_core10/figures/figure1_parameter_sensitivity/data/fig1_pool_level.csv,paper_evidence,current V9 public-release material; scientific results unchanged from the frozen revised Core-10 archive,5a2d9490d8b18951362407055639d257128cfdd9fe593345b582532c61f09766
artifacts/paper_revised_core10/figures/figure1_parameter_sensitivity/data/fig1_source.csv,paper_evidence,current V9 public-release material; scientific results unchanged from the frozen revised Core-10 archive,ac391b5c2bedb54d9f6922a2422bacf6f3798bf0c031a6558828b25806f45a08
artifacts/paper_revised_core10/figures/figure1_parameter_sensitivity/data/frozen_point_vs_formal.csv,paper_evidence,current V9 public-release material; scientific results unchanged from the frozen revised Core-10 archive,7ed076334e30650f1c12270aa293c9a88f62ca0acefda528c1d535ff2938ebe9
artifacts/paper_revised_core10/figures/figure1_parameter_sensitivity/data/input_pool_manifest.csv,paper_evidence,current V9 public-release material; scientific results unchanged from the frozen revised Core-10 archive,709e7cb4437842a15fce8cbcae89728c72fce9441c3565fe08af315bedb20a8a
artifacts/paper_revised_core10/figures/figure1_parameter_sensitivity/figures/fig1_revised_core10_postfreeze_sensitivity.pdf,figure,current V9 public-release material; scientific results unchanged from the frozen revised Core-10 archive,10880cb1be8e26331ed3bc734a3688afb91a7eeaa2b1ac99c3548a6eca011286
artifacts/paper_revised_core10/figures/figure1_parameter_sensitivity/figures/fig1_revised_core10_postfreeze_sensitivity.png,figure,current V9 public-release material; scientific results unchanged from the frozen revised Core-10 archive,32b039520825249bc6b58944af94e2046c4b0a0facaec93d37f210769054cdcc
artifacts/paper_revised_core10/figures/figure1_parameter_sensitivity/figures/fig1_revised_core10_postfreeze_sensitivity.svg,figure,current V9 public-release material; scientific results unchanged from the frozen revised Core-10 archive,50db2b7b25c5ca8ff1ad5e0263fa4fc39c0c5164ffd08aa51974b8b52d9bac6c
artifacts/paper_revised_core10/figures/figure1_parameter_sensitivity/figures/fig1_revised_core10_postfreeze_sensitivity.tex,paper_evidence,current V9 public-release material; scientific results unchanged from the frozen revised Core-10 archive,d3c056ab68385f56318f284ff7901285ddfeec5833d274c8448b9aca72a1932d
artifacts/paper_revised_core10/figures/figure1_parameter_sensitivity/MANUSCRIPT_INSERTION.md,paper_evidence,current V9 public-release material; scientific results unchanged from the frozen revised Core-10 archive,cec2fb81204c3070c7d145a1b3d39d3ebcbaad17ca14dce3acd3e91f42fa1065
artifacts/paper_revised_core10/figures/figure1_parameter_sensitivity/PACKAGE_MANIFEST.json,paper_evidence,current V9 public-release material; scientific results unchanged from the frozen revised Core-10 archive,69c3f83f7f135604bc41726eda371ba13c55c51446c87d49c3bd086e32e1a7dc
artifacts/paper_revised_core10/figures/figure1_parameter_sensitivity/protocol/FIG1_REVISED_CORE10_PROTOCOL.json,paper_evidence,current V9 public-release material; scientific results unchanged from the frozen revised Core-10 archive,5eed2c838244ee3d447ebd9f18f3414f2d6f55962746bac7792a831dd2357d45
artifacts/paper_revised_core10/figures/figure1_parameter_sensitivity/README_CN.md,paper_evidence,current V9 public-release material; scientific results unchanged from the frozen revised Core-10 archive,78174dd577cf150aa0875c8ab71b1a153f4df48c25314df1345e66f306a6da38
artifacts/paper_revised_core10/figures/figure1_parameter_sensitivity/requirements-figure.txt,paper_evidence,current V9 public-release material; scientific results unchanged from the frozen revised Core-10 archive,5d19ec78e1ac09d2c2b8bf6836d0f988638495ed7b26b110065174a84847d50d
artifacts/paper_revised_core10/figures/figure1_parameter_sensitivity/scripts/build_figure1.py,source,current V9 public-release material; scientific results unchanged from the frozen revised Core-10 archive,dcb5515a7aca794da0096f326b5101be8a3246d8bb639b3f685a8c5a26cd810b
artifacts/paper_revised_core10/mechanism/experiment1/PART1_EXTERNAL_DELTAS.csv,paper_evidence,current V9 public-release material; scientific results unchanged from the frozen revised Core-10 archive,cf3ac83a5a8e7bb78e09148c8cc4303c8c8309f6b59e9a85c6abe26cadb14c24
artifacts/paper_revised_core10/mechanism/experiment1/PART1_EXTERNAL_WILCOXON_HOLM.csv,paper_evidence,current V9 public-release material; scientific results unchanged from the frozen revised Core-10 archive,80331cd4abe7394b0ce2b802276e947cebb2a5eb615a9b91dc8dd474d41d077e
artifacts/paper_revised_core10/mechanism/experiment1/PART1_INFORMATION_MECHANISM_REPORT.md,paper_evidence,current V9 public-release material; scientific results unchanged from the frozen revised Core-10 archive,0a85caa6eb90b6a8ab725158f0b7fd4b9dfd88299d5dbda634a1650a6b79d4aa
artifacts/paper_revised_core10/mechanism/experiment1/PART1_MECHANISM_SUMMARY.csv,paper_evidence,current V9 public-release material; scientific results unchanged from the frozen revised Core-10 archive,74e72e7fa22ab0a3a93f6948692aebad968ad6e292c4f91369b9007bc280fcd8
artifacts/paper_revised_core10/mechanism/experiment3/class_fragmentation_dataset_means.csv,paper_evidence,current V9 public-release material; scientific results unchanged from the frozen revised Core-10 archive,c5c9b0ae4c107cdf33f1d38898d28118043f93bdcd2d3436f0c1f786dd53a08b
artifacts/paper_revised_core10/mechanism/experiment3/comparator_profiles.csv,paper_evidence,current V9 public-release material; scientific results unchanged from the frozen revised Core-10 archive,abcd410bfe01431ffa6ed07fc603faf7eea364250c74c99b276eaf9a14124732
artifacts/paper_revised_core10/mechanism/experiment3/FINAL_EXPLORATORY_REPORT.json,paper_evidence,current V9 public-release material; scientific results unchanged from the frozen revised Core-10 archive,e236ec3d75caeca819931a18652a3e5293fa279ac5e45a924630257470dab4d4
artifacts/paper_revised_core10/mechanism/experiment3/run_experiment3_exploratory.py,source,current V9 public-release material; scientific results unchanged from the frozen revised Core-10 archive,f8d290317fae7b90d6b6700cc2e1012286af254e26a8ff3f7614de4c77fe7f19
artifacts/paper_revised_core10/mechanism/experiment3/statistics.csv,paper_evidence,current V9 public-release material; scientific results unchanged from the frozen revised Core-10 archive,512350bea3820db13ef4ec28e363a79d3b573a7ce64e9e2183f2c48a5bce6120
artifacts/paper_revised_core10/mechanism/homogeneity_boundary/FINAL_HOMOGENEITY_MIXING_REPORT.json,paper_evidence,current V9 public-release material; scientific results unchanged from the frozen revised Core-10 archive,d1f98a3221ce21a18305d2c358229f190bd75818ccf1b7804dd13cb999382b97
artifacts/paper_revised_core10/mechanism/mixing_geometry/COMPARATOR_PROFILES.csv,paper_evidence,current V9 public-release material; scientific results unchanged from the frozen revised Core-10 archive,17f07b10b6c1466d866dcfd92c2df32a725673dec7294df0f03efe17d398a519
artifacts/paper_revised_core10/mechanism/mixing_geometry/FINAL_CLUSTER_MIXING_GEOMETRY_REPORT.json,paper_evidence,current V9 public-release material; scientific results unchanged from the frozen revised Core-10 archive,6fbf2612dcc9d500a1e25b72b336aab6511d75a8ec834d38756ffc39ff549fe0
artifacts/paper_revised_core10/mechanism/mixing_geometry/PARTITION_GEOMETRY_JOINT_SUMMARY.csv,paper_evidence,current V9 public-release material; scientific results unchanged from the frozen revised Core-10 archive,5c862e673e265094f735e251dd4826d5a2927581421b0360018b6d3987d40282
artifacts/paper_revised_core10/mechanism/mixing_geometry/run_cluster_mixing_geometry.py,source,current V9 public-release material; scientific results unchanged from the frozen revised Core-10 archive,6d8452d28c8bd8bf94a959966f7fb8c568a3ee5d5c9356de39e4eb0d54b20f08
artifacts/paper_revised_core10/provenance/FULL_RUN_STATUS.json,paper_evidence,current V9 public-release material; scientific results unchanged from the frozen revised Core-10 archive,87fed2bfbe5faa2073cd8b7955b8de6f986b6355f33cd556e1b9b87c63bd5b07
artifacts/paper_revised_core10/provenance/MCLA_CHAMELEON_NATIVE_OUTPUT_AUDIT.json,paper_evidence,current V9 public-release material; scientific results unchanged from the frozen revised Core-10 archive,25002d5b3d3922eeedeadad1e0e5c59cf559b947054ccb283f4fdc0e0a8a3168
artifacts/paper_revised_core10/provenance/REVISED_CORE10_FORMAL_FREEZE.json,paper_evidence,current V9 public-release material; scientific results unchanged from the frozen revised Core-10 archive,5e609072db6e70560f1fafee737050c459b0e00afcf911e874716677fdd1f0cc
artifacts/paper_revised_core10/README.md,paper_evidence,current V9 public-release material; scientific results unchanged from the frozen revised Core-10 archive,7fcab8f95791f24af0136fb4cca24a4b5505def937f62bebf0c4de0d9c1339e8
artifacts/paper_revised_core10/scores/main_pool_scores.csv,paper_evidence,current V9 public-release material; scientific results unchanged from the frozen revised Core-10 archive,eb80641244e92f906576f98e206e0fd472ae8977514b6b1353238136bd54d8ca
artifacts/paper_revised_core10/scores/main_results_dataset_means.csv,paper_evidence,current V9 public-release material; scientific results unchanged from the frozen revised Core-10 archive,f31a7cded0c1e0d26a97671b361e52c4d8b714e99d9bd56431739800aac9f265
artifacts/paper_revised_core10/statistics/main_statistics.csv,paper_evidence,current V9 public-release material; scientific results unchanged from the frozen revised Core-10 archive,a94af4eec5365b75ee3ba32f9935c914606fdba73dcce1955b0b3c678f46f204
artifacts/paper_revised_core10/summaries/main_results_method_summary.csv,paper_evidence,current V9 public-release material; scientific results unchanged from the frozen revised Core-10 archive,679b4cf6abe1af6a2d3b8508761c7d875bfaf87971d614ac11f435bd902a0baf
artifacts/paper_revised_core10/tables/revised_main_table.tex,paper_evidence,current V9 public-release material; scientific results unchanged from the frozen revised Core-10 archive,8e5643255c6724096dcce31fb0a0215a44b7ea761694ad8c9e9145d10a99490a
artifacts/paper_revised_core10/tables/revised_main_table_preview.pdf,figure,current V9 public-release material; scientific results unchanged from the frozen revised Core-10 archive,cc95a69ff7e3007015642db17e89c34b03dd21760af2d21340a5627b183304c2
artifacts/paper_revised_core10/tables/table2_partition_structure.tex,paper_evidence,current V9 public-release material; scientific results unchanged from the frozen revised Core-10 archive,e6148e1086a90796cce3f52c29820021bae589261146896fd0fb97a7ccf73429
artifacts/paper_revised_core10/tables/table2_partition_structure_source.csv,paper_evidence,current V9 public-release material; scientific results unchanged from the frozen revised Core-10 archive,89d2843ff1d32eb780f89380a91884cb370074c8f8b9bd2f90a770da9dc39c5d
artifacts/paper_revised_core10/tables/TABLE2_REVIEW.md,paper_evidence,current V9 public-release material; scientific results unchanged from the frozen revised Core-10 archive,736161a3ce0d2672c07cd750f29d5684e1f1f3cb45cee5292928e5059bc46892
artifacts/paper_revised_core10/tables/TABLE2_VALIDATION.json,paper_evidence,current V9 public-release material; scientific results unchanged from the frozen revised Core-10 archive,50d82b668831650850a22a6d747dd3816ea4da33e7f97f06dc21949e5a77a88b
baseline_adapters/__init__.py,source,current V9 public-release material; scientific results unchanged from the frozen revised Core-10 archive,e3b0c44298fc1c149afbf4c8996fb92427ae41e4649b934ca495991b7852b855
baseline_adapters/matlab/psfce_adapter_cehm.m,source,current V9 public-release material; scientific results unchanged from the frozen revised Core-10 archive,6cd09cae62a260e4159523b4f9067b2882755a70293e4752ee0da27b3c8edb0e
baseline_adapters/matlab/psfce_adapter_range.m,source,current V9 public-release material; scientific results unchanged from the frozen revised Core-10 archive,a0c9826e5bc391c25ed476211a0f75ea07f06e9ccf6b4c22e3074abd52e4e6ce
baseline_adapters/matlab/psfce_adapter_yacht.m,source,current V9 public-release material; scientific results unchanged from the frozen revised Core-10 archive,a82ff215e022547e1adbb699cf591d6ccbb3599db54fc5cbc4fb6e19da71e4e0
baseline_adapters/matlab/psfce_v4_load_input.m,source,current V9 public-release material; scientific results unchanged from the frozen revised Core-10 archive,d52204a8c5c713c5ff097472190ac9af8f1ecf8bd4751e2991b1cfe5ffaeedf3
baseline_adapters/matlab/psfce_v4_param.m,source,current V9 public-release material; scientific results unchanged from the frozen revised Core-10 archive,572df8b7c3be42fc6ae08ef48b8930bdd9b22ba7fb3390bf58da5cb8f08ce690
baseline_adapters/matlab/psfce_v4_save_output.m,source,current V9 public-release material; scientific results unchanged from the frozen revised Core-10 archive,d3606bda76b687a5a00afa797ec4dd59d88782541b7a35989a1ced2b03df384b
baseline_adapters/matlab/run_gpec_one_pool.m,source,current V9 public-release material; scientific results unchanged from the frozen revised Core-10 archive,5c94b176ca2af55312356a017c8879d957544a8e68d1bc724c882f9df1b67758
baseline_adapters/python/__init__.py,source,current V9 public-release material; scientific results unchanged from the frozen revised Core-10 archive,e3b0c44298fc1c149afbf4c8996fb92427ae41e4649b934ca495991b7852b855
baseline_adapters/python/classic_baselines.py,source,current V9 public-release material; scientific results unchanged from the frozen revised Core-10 archive,0b658c45361814aea6eadafe2f42f4bf4cd8bca87b0bcf2e3bcd41a0ac9bc49e
baseline_adapters/python/metrics.py,source,current V9 public-release material; scientific results unchanged from the frozen revised Core-10 archive,6adc9c827f0dee14399c5080ddad7969360259dcae5643ca62fd18ae09a5f2cf
CHANGELOG.md,documentation_or_config,current V9 public-release material; scientific results unchanged from the frozen revised Core-10 archive,c071e001680ebf2c96562fd60efa08d070d40d27e25e14935b62df32106a2aac
CITATION.cff,documentation_or_config,current V9 public-release material; scientific results unchanged from the frozen revised Core-10 archive,dd91a80479aeab1dc8c132f9b6715c3cbd04cb5705844d9d6e89652443c49df7
configs/frozen/classic_frozen_methods.json,documentation_or_config,current V9 public-release material; scientific results unchanged from the frozen revised Core-10 archive,d6d1bd2a33e8b926a65cac886b35320f39d266b7c4bf59ec0256ad4bab14c0b3
configs/frozen/gpec_frozen_config.json,documentation_or_config,current V9 public-release material; scientific results unchanged from the frozen revised Core-10 archive,343370e77494ee713e3bcf2c628c0428256de083570851c781f47abdc37bf749
configs/frozen/gpec_official_source_lock.json,documentation_or_config,current V9 public-release material; scientific results unchanged from the frozen revised Core-10 archive,95c7207866f273d1c5cf78eaf68f9ae54e043d97de16379bf66de3277e3e1ef9
configs/frozen/psf_formal_options.json,documentation_or_config,current V9 public-release material; scientific results unchanged from the frozen revised Core-10 archive,0fefee88c5c2a3d8c63ee760577ca3dbe4e97ae5bed4a25086a04877ca66a2c2
configs/frozen/psf_frozen_methods.json,documentation_or_config,current V9 public-release material; scientific results unchanged from the frozen revised Core-10 archive,0fb03df842879921e619f9702dc8db9426ccbc96b6428569444efed296c071d3
configs/frozen/recent_frozen_methods.json,documentation_or_config,current V9 public-release material; scientific results unchanged from the frozen revised Core-10 archive,dd16163d9e388e34b7d8a70004633c910b854a2f5ba7a9c90b11ac4e07ad72e6
configs/frozen/REVISED_CORE10_FORMAL_FREEZE.json,documentation_or_config,current V9 public-release material; scientific results unchanged from the frozen revised Core-10 archive,5e609072db6e70560f1fafee737050c459b0e00afcf911e874716677fdd1f0cc
configs/frozen/SEVEN_METHOD_LOCK.json,documentation_or_config,current V9 public-release material; scientific results unchanged from the frozen revised Core-10 archive,728e707d428981a8dad16670213bf7ef206546e01eb881a5e76bf2b500b577b5
configs/official_repositories.json,documentation_or_config,current V9 public-release material; scientific results unchanged from the frozen revised Core-10 archive,afccb24b23b23f973a5a57745455e1e6f0c535bdcdf5f50592f11f95e9e61349
configs/recent_baselines_registry.json,documentation_or_config,current V9 public-release material; scientific results unchanged from the frozen revised Core-10 archive,28442021bc2ba031a79434d3e2715287d86ba9d11a99db40f4914ebd093ba796
data/bp_pool_hashes.csv,documentation_or_config,current V9 public-release material; scientific results unchanged from the frozen revised Core-10 archive,4acb061d410983b151bc60a8d8f35e194e3a62038f2093109d6c166665dcfad8
data/bp_pools/.gitkeep,documentation_or_config,current V9 public-release material; scientific results unchanged from the frozen revised Core-10 archive,e3b0c44298fc1c149afbf4c8996fb92427ae41e4649b934ca495991b7852b855
data/cohorts/candidate52.txt,documentation_or_config,current V9 public-release material; scientific results unchanged from the frozen revised Core-10 archive,05db6691c43db11b43c0381f6db543aea2d259534a7d3fe8db7db2e0bc24c9cc
data/cohorts/replacement_candidates5.txt,documentation_or_config,current V9 public-release material; scientific results unchanged from the frozen revised Core-10 archive,9d9ca77743ee26ba2dea70f1577fbea975e5c7ab599aad9ff897f585feeac2c0
data/cohorts/revised_core10.txt,documentation_or_config,current V9 public-release material; scientific results unchanged from the frozen revised Core-10 archive,5286a0ab5d0aa18711235fe974b44298a99177f88c5e82b5020c0b5331763ce7
data/dataset_manifest.csv,documentation_or_config,current V9 public-release material; scientific results unchanged from the frozen revised Core-10 archive,8d5b807654fec518ebbaf08a4389f526470132f151984089d82bdd3ccb7f4417
data/dataset_manifest_candidate52.csv,documentation_or_config,current V9 public-release material; scientific results unchanged from the frozen revised Core-10 archive,6b5d30b1c4e46e3ec9eb9cb91ddeef0599902fa4044f1e408b65873948c57b49
data/local_paths.example.yaml,documentation_or_config,current V9 public-release material; scientific results unchanged from the frozen revised Core-10 archive,7ae9e06e0a16f660c3bb227b8c51ad6e36357e9aca1eec5a5504258d9111b092
data/raw/.gitkeep,documentation_or_config,current V9 public-release material; scientific results unchanged from the frozen revised Core-10 archive,e3b0c44298fc1c149afbf4c8996fb92427ae41e4649b934ca495991b7852b855
data/README.md,documentation_or_config,current V9 public-release material; scientific results unchanged from the frozen revised Core-10 archive,f078eb65440f4fb6c4d3228adf1b6c8f59a09470c5256393e5426a778c9d6f26
data/sources.csv,documentation_or_config,current V9 public-release material; scientific results unchanged from the frozen revised Core-10 archive,e1ef0a0a64f0a4b810af9a19c2a72757e865b2dae5632168936072c7c4fde90c
DATA_AVAILABILITY.md,documentation_or_config,current V9 public-release material; scientific results unchanged from the frozen revised Core-10 archive,4e6c4fa1d05683fe6f040ba6bda94dabe61c6f3d81046b2f79ac73cf5ba4119d
docs/fairness/BASELINE_FAIRNESS_AUDIT.csv,documentation_or_config,current V9 public-release material; scientific results unchanged from the frozen revised Core-10 archive,5b99baaa967043f17a5275e828d100c6b9639a437b769408fa1ffb9f7753199e
docs/fairness/BASELINE_FAIRNESS_AUDIT.md,documentation_or_config,current V9 public-release material; scientific results unchanged from the frozen revised Core-10 archive,7efed7f0246fdc279947a8ae6e85daba3b912c4a9a64c92af38b5414317b0a81
docs/manuscript/ENGLISH_MANUSCRIPT_V9_1_ALIGNMENT.md,documentation_or_config,current V9 public-release material; scientific results unchanged from the frozen revised Core-10 archive,4e7311073ea3c9442c564857d14af19a04e52dc3e2fc828b1735809ff3311384
docs/manuscript/ENGLISH_MANUSCRIPT_V9_1_LOCK.json,documentation_or_config,current V9 public-release material; scientific results unchanged from the frozen revised Core-10 archive,78374f387e367ecf8f253372658c15c2a8159223475b66cc8cd3ac42d28af520
docs/provenance/BASELINE_CITATION_MAP.csv,documentation_or_config,current V9 public-release material; scientific results unchanged from the frozen revised Core-10 archive,770b0f4b3504af340eebe00a3a941fda826b6043ec2f8565f0bf1c44af9d6c4c
docs/provenance/CITATION_AUDIT_REPORT.md,documentation_or_config,current V9 public-release material; scientific results unchanged from the frozen revised Core-10 archive,f24671848e7bb67aaed75ff67e7b782d476ee3bdbe05dac5e7dbb3276baace97
docs/provenance/COHORT_SELECTION.md,documentation_or_config,current V9 public-release material; scientific results unchanged from the frozen revised Core-10 archive,a524f55c4caaa866fd507bbdee3429f36459b9ba3f97c4b5e13b25f82763dc4d
docs/provenance/DATASET_CITATION_MAP.csv,documentation_or_config,current V9 public-release material; scientific results unchanged from the frozen revised Core-10 archive,e1ef0a0a64f0a4b810af9a19c2a72757e865b2dae5632168936072c7c4fde90c
docs/provenance/refs_baselines_datasets_verified.bib,documentation_or_config,current V9 public-release material; scientific results unchanged from the frozen revised Core-10 archive,5126eec538df9ad2790809e30999e9b727c97b679f24ea69344cd80ae0a5353a
docs/provenance/REPLACEMENT_CANDIDATE_SCREENING.csv,documentation_or_config,current V9 public-release material; scientific results unchanged from the frozen revised Core-10 archive,2c19ffa78aa8cf287b8206734894de79a93ca3b1f5d491fe3b567cda41b6aad8
ENVIRONMENT_LOCK.json,documentation_or_config,current V9 public-release material; scientific results unchanged from the frozen revised Core-10 archive,28d20f3c3023772f131116b2a6ddf4ebec170df775161b545057cc1c370c9363
frozen_bp/iris/pool0.npz,documentation_or_config,current V9 public-release material; scientific results unchanged from the frozen revised Core-10 archive,5701ed0cd94ed20c161832a23b22205d1dbc42c20a8bc913e54c9184a3cc341d
frozen_bp/iris/pool1.npz,documentation_or_config,current V9 public-release material; scientific results unchanged from the frozen revised Core-10 archive,3ed92bb10de2f71084c32c2a9ad9cb84de3df554853516ed6d5df58a52ab6d9f
frozen_bp/iris/pool2.npz,documentation_or_config,current V9 public-release material; scientific results unchanged from the frozen revised Core-10 archive,52eee3e7c59ab74164ac773cb692c65b2f199d4b23ad08bdc82675a71337188c
frozen_bp/mushroom/pool0.npz,documentation_or_config,current V9 public-release material; scientific results unchanged from the frozen revised Core-10 archive,bcb2fdeeba5407fb9a96b0dbc2cfe16ef8ef540a4bcdc6ed996b2c12c0e3353d
frozen_bp/mushroom/pool1.npz,documentation_or_config,current V9 public-release material; scientific results unchanged from the frozen revised Core-10 archive,cd8a189a0c8f7c35e61b9be18d85fc0356bdac9a6b9a9f6071e8fdd1e19930c6
frozen_bp/mushroom/pool2.npz,documentation_or_config,current V9 public-release material; scientific results unchanged from the frozen revised Core-10 archive,b57b2c1c3d30f8b103baa240fe84b0be08e9269e6362928bc789e16b4c08490b
frozen_bp/NOTICE_CC_BY_4.0.md,documentation_or_config,current V9 public-release material; scientific results unchanged from the frozen revised Core-10 archive,ac11ffe8e47ae033d4d993c5e2ba2f5a1312e9f4af5bfb5cd906764e9bb7792e
frozen_bp/README.md,documentation_or_config,current V9 public-release material; scientific results unchanged from the frozen revised Core-10 archive,b00fc7d1db8b00f31554bd6d5054bce9c37d5f94e6052682681836b61a6ce46a
frozen_bp/REDISTRIBUTION_STATUS.csv,documentation_or_config,current V9 public-release material; scientific results unchanged from the frozen revised Core-10 archive,895c37ea4a0ead1fd0c7bbb713f0b7f5bc3aae9c8bdc276d2d8054abf4326d05
KNOWN_LIMITATIONS.md,documentation_or_config,current V9 public-release material; scientific results unchanged from the frozen revised Core-10 archive,025dd897177ab943efcdb05f68ac62170439b15d9b4ec294b4263c53cf89a8ec
LICENSE,documentation_or_config,current V9 public-release material; scientific results unchanged from the frozen revised Core-10 archive,01a9eaa664ef03808dfa3b4c62892dce5daef94325711e2c7c03e2800c0af194
LICENSE_STATUS.md,documentation_or_config,current V9 public-release material; scientific results unchanged from the frozen revised Core-10 archive,bffaf8836f44d6b56a3d8698ab3fda3adc8bdbba2ec74c6246fdb54761a62d98
MANUSCRIPT_SOURCE_OF_TRUTH.md,documentation_or_config,current V9 public-release material; scientific results unchanged from the frozen revised Core-10 archive,f4a199fe3cf6d8951cf853e7f6cbde2f02e1342204d6cf42cc27a495835560ab
NOTICE.md,documentation_or_config,current V9 public-release material; scientific results unchanged from the frozen revised Core-10 archive,650254addb35a90d6a58aa667d81eeee02cf3e4a72c4fffe09f26faaf9a149c7
PAPER_CLAIMS_CONTRACT.csv,documentation_or_config,current V9 public-release material; scientific results unchanged from the frozen revised Core-10 archive,2fb8d77d3fb0a5f150c7fd445cb2138c4eac6f83c88302c40a2ccd2d2ecbfaa4
PAPER_CLAIMS_CONTRACT.md,documentation_or_config,current V9 public-release material; scientific results unchanged from the frozen revised Core-10 archive,0b98a738056604b8901e442d8bdf0d7e3f48043f669f1d2e8b70f4cc4d959cab
psfce/__init__.py,source,current V9 public-release material; scientific results unchanged from the frozen revised Core-10 archive,d7f1810664451fcbc055a1b3ee11f1b31c8667894567557cd70e3c638c9f9c6b
psfce/cache.py,source,current V9 public-release material; scientific results unchanged from the frozen revised Core-10 archive,6f17d9dff510c68b5b60f5e830609e73fea202234b015a0b8e6791c567467ab3
psfce/dataio.py,source,current V9 public-release material; scientific results unchanged from the frozen revised Core-10 archive,fb578e1ce57a3b3cfba4b58b92ac40d52de408a596e743d46775655107df8467
psfce/experiments.py,source,current V9 public-release material; scientific results unchanged from the frozen revised Core-10 archive,d3da9e7bf5f536c1f44bcdb528c32751e6400d2f3ef61ab380f33b1fa9081167
psfce/external_baselines.py,source,current V9 public-release material; scientific results unchanged from the frozen revised Core-10 archive,3256d06cc5571c184a9afda806ae5d69c7bbcf40ae3d90afd2777ed591605e7c
psfce/generate.py,source,current V9 public-release material; scientific results unchanged from the frozen revised Core-10 archive,5691f13e7cd01a732e67622e2a489d9842ca30a50f3ff96dc8464ebc6d53e047
psfce/indicators.py,source,current V9 public-release material; scientific results unchanged from the frozen revised Core-10 archive,64cae473005c2712c49c681f5da65bdccd308130fcafff4ea2803c6bdbe47c33
psfce/metrics.py,source,current V9 public-release material; scientific results unchanged from the frozen revised Core-10 archive,9d34bd558ca49dd5c55c0abe678ce33fd620f7d6ba8a7953bcd291db911fd37b
psfce/models.py,source,current V9 public-release material; scientific results unchanged from the frozen revised Core-10 archive,46cb9aff6e4ade8f8da739fa142bb7d40ab0ede8aadc2707675a4efcca7548c3
psfce/native_baselines.py,source,current V9 public-release material; scientific results unchanged from the frozen revised Core-10 archive,62ddb8c2a76b6595d52f6c7589e9951be0c26e398aeb79e5dccbeae89692ba99
psfce/pair_spectrum.py,source,current V9 public-release material; scientific results unchanged from the frozen revised Core-10 archive,90da80c05b5841b190a1c234d0577c5c25d027a517fc1e997f06a4d578eb5d0e
psfce/recent_baseline_experiments.py,source,current V9 public-release material; scientific results unchanged from the frozen revised Core-10 archive,08a16cb3f4a73ada0680d1d6af542c90c1bd12ab0d3f8330682817052e6adabe
psfce/reporting.py,source,current V9 public-release material; scientific results unchanged from the frozen revised Core-10 archive,e06013e4ce7bd0097d2f367910aed3a162d3270d867da42ba26fe097473bacb1
psfce/reporting_v4.py,source,current V9 public-release material; scientific results unchanged from the frozen revised Core-10 archive,4dc8cf7716ee05901b52437e0b3905abda4f7a6c1ef89f7b9553f78be84dcd7d
psfce/search.py,source,current V9 public-release material; scientific results unchanged from the frozen revised Core-10 archive,6bf8031494c77bb600333e663a8904a771d20718f3d91b815af7273c44e0520b
psfce/solver.py,source,current V9 public-release material; scientific results unchanged from the frozen revised Core-10 archive,84c3403a9d137b7055a6ec4530bdfbccd02e5283afaa431cd31b451b96f93bbf
psfce/utils.py,source,current V9 public-release material; scientific results unchanged from the frozen revised Core-10 archive,7eb7fa2ca100df1613d144b3544d7e863d3b22c8fa3e4c9e99ca124ab0038b74
pyproject.toml,documentation_or_config,current V9 public-release material; scientific results unchanged from the frozen revised Core-10 archive,61f0e5d847e6f82035142e565330f279b029424ea3e520fbaf4072b8aa52e547
README.md,documentation_or_config,current V9 public-release material; scientific results unchanged from the frozen revised Core-10 archive,6b7bdf7d50be3b50a95dda3c495fec396af734adf0ac231e2e9dc80cde2e9d02
RELEASE_CHECKLIST_CN.md,documentation_or_config,current V9 public-release material; scientific results unchanged from the frozen revised Core-10 archive,57376f393faef19c2450f819991b40d2d7c45ab30c0a60a9c84199189b83d2fe
REPRODUCIBILITY.md,documentation_or_config,current V9 public-release material; scientific results unchanged from the frozen revised Core-10 archive,9d94238295181838a6b66b1fb9381c3e7656929fd9cf0b243ebba23b138b08e6
requirements-audit.txt,documentation_or_config,current V9 public-release material; scientific results unchanged from the frozen revised Core-10 archive,e3f07fa31656cdf6299e3371f0cbd002958f3ca427af195a8cd6415bf6a14486
requirements-classic.txt,documentation_or_config,current V9 public-release material; scientific results unchanged from the frozen revised Core-10 archive,c64cc3144a50aecb224a13d34f5bf4cd336b4f558a367419f953105033381f3e
requirements-dev.txt,documentation_or_config,current V9 public-release material; scientific results unchanged from the frozen revised Core-10 archive,0e7d800c45d87cda68e95d462890ae6a7a006b839af6247af7dc55d25aa725dc
requirements-formal-lock.txt,documentation_or_config,current V9 public-release material; scientific results unchanged from the frozen revised Core-10 archive,ce388f2e4991853950d7d194b365598bcb41b43dbf30194c61d7f098dc320a83
requirements.txt,documentation_or_config,current V9 public-release material; scientific results unchanged from the frozen revised Core-10 archive,81c1c7df76108c2896897aa11d6306df0b471c40911d43fecf277cbe3c26b662
scripts/rebuild_paper_results.py,source,current V9 public-release material; scientific results unchanged from the frozen revised Core-10 archive,df9eef3fa6c37d0d7bfbeb37daaf48f444daca996335a677ff53db10407818e7
scripts/rebuild_portable_manifests.py,source,current V9 public-release material; scientific results unchanged from the frozen revised Core-10 archive,79cb4e449ffea411f0f721e2b094caf30bdd285c0d2a57506ce919707c62f084
scripts/rebuild_table2.py,source,current V9 public-release material; scientific results unchanged from the frozen revised Core-10 archive,33b4d627442067a3b46d77e641fadfd192dec1e27164076ed132ebf30c3ae222
scripts/validate_release.py,source,current V9 public-release material; scientific results unchanged from the frozen revised Core-10 archive,749fd70c03c0226cf62b480e8753ee5088c2e4b63d2d1682a90349571d176929
tests/conftest.py,source,current V9 public-release material; scientific results unchanged from the frozen revised Core-10 archive,75593602351a1ac507273ed40577a4436368b0bd1f439851496e3ff9851e617b
tests/test_classic_baselines.py,source,current V9 public-release material; scientific results unchanged from the frozen revised Core-10 archive,6630af04bb1cea11592670f65b87c47dc59a8ca53b998b453e1b1d2f932a5009
tests/test_core.py,source,current V9 public-release material; scientific results unchanged from the frozen revised Core-10 archive,2b61399fe51b8c957fa3ff3e9b327ea272b9b3bd29adde076fc9a6061fa82c09
tests/test_external_baselines_v4.py,source,current V9 public-release material; scientific results unchanged from the frozen revised Core-10 archive,865c447d5eea34d8a66c729e778c503aeaf55f85e826396dceff9b9953b2b555
tests/test_metrics.py,source,current V9 public-release material; scientific results unchanged from the frozen revised Core-10 archive,44eef4728e038030dd6676fe8c7925b3345d34d7ba62233dd2a1a9e3845c82c7
tests/test_reporting_v4.py,source,current V9 public-release material; scientific results unchanged from the frozen revised Core-10 archive,7fdad453d391d9274fbecd54f02ae9cb42e1a1039d5c0ff2f58960ac2a574af9
THIRD_PARTY.md,documentation_or_config,current V9 public-release material; scientific results unchanged from the frozen revised Core-10 archive,6e48af0a0e76824648b33603dabd66cfcacb4e1ed515d273b7be3e6dfa1fea01
VERSION_LOCK.json,documentation_or_config,current V9 public-release material; scientific results unchanged from the frozen revised Core-10 archive,652400eded5bf7468e6cf12cc866c866ebb39092503cde6ab0e5715b61facac4
