cohort,metric,direction,comparator,n_valid_datasets,mean_raw_delta_psf_minus_comparator,median_raw_delta_psf_minus_comparator,mean_directional_advantage,median_directional_advantage,wins,ties,losses,favorable
REVISED_CORE10_NATIVE,homogeneity,higher,MCLA,10,0.011904441468328513,-0.0034648414708593825,0.011904441468328513,-0.0034648414708593825,5,0,5,False
REVISED_CORE10_NATIVE,homogeneity,higher,HBGF,10,0.02167562853299012,0.015927911221328334,0.02167562853299012,0.015927911221328334,7,0,3,True
REVISED_CORE10_NATIVE,homogeneity,higher,CEHM,10,0.011897933165342428,0.0018117750269229238,0.011897933165342428,0.0018117750269229238,5,1,4,True
REVISED_CORE10_NATIVE,homogeneity,higher,YACHT,10,0.0358726239812456,0.039537539470416924,0.0358726239812456,0.039537539470416924,6,0,4,True
REVISED_CORE10_NATIVE,homogeneity,higher,RANGE,10,0.0036747448886344904,0.015196918469900927,0.0036747448886344904,0.015196918469900927,6,0,4,True
REVISED_CORE10_NATIVE,homogeneity,higher,GPEC,10,0.008716684428554378,0.0051590223290088055,0.008716684428554378,0.0051590223290088055,6,0,4,True
REVISED_CORE10_NATIVE,MacroMixEntropy,lower,MCLA,10,-0.0940002347242325,-0.06478253917004215,0.0940002347242325,0.06478253917004215,7,0,3,True
REVISED_CORE10_NATIVE,MacroMixEntropy,lower,HBGF,10,-0.12427948644460318,-0.09060676155121,0.12427948644460318,0.09060676155121,9,0,1,True
REVISED_CORE10_NATIVE,MacroMixEntropy,lower,CEHM,10,0.017115878717697562,0.007244890803936345,-0.017115878717697562,-0.007244890803936345,3,1,6,False
REVISED_CORE10_NATIVE,MacroMixEntropy,lower,YACHT,10,-0.11929161100938664,-0.05419132336217113,0.11929161100938664,0.05419132336217113,9,0,1,True
REVISED_CORE10_NATIVE,MacroMixEntropy,lower,RANGE,10,-0.09123254478053829,-0.03930790965547792,0.09123254478053829,0.03930790965547792,8,0,2,True
REVISED_CORE10_NATIVE,MacroMixEntropy,lower,GPEC,10,-0.0689499904941582,-0.035365126367261655,0.0689499904941582,0.035365126367261655,8,0,2,True
REVISED_CORE10_NATIVE,MacroPurity,higher,MCLA,10,0.06184252392995743,0.05888317605492288,0.06184252392995743,0.05888317605492288,7,0,3,True
REVISED_CORE10_NATIVE,MacroPurity,higher,HBGF,10,0.08932610057277576,0.0833797095967081,0.08932610057277576,0.0833797095967081,8,0,2,True
REVISED_CORE10_NATIVE,MacroPurity,higher,CEHM,10,-0.009676116802962414,-0.007173650631028428,-0.009676116802962414,-0.007173650631028428,3,1,6,False
REVISED_CORE10_NATIVE,MacroPurity,higher,YACHT,10,0.07946357239603401,0.043873451531920515,0.07946357239603401,0.043873451531920515,9,0,1,True
REVISED_CORE10_NATIVE,MacroPurity,higher,RANGE,10,0.047880540817631295,0.043666710734379666,0.047880540817631295,0.043666710734379666,8,0,2,True
REVISED_CORE10_NATIVE,MacroPurity,higher,GPEC,10,0.04729973735311569,0.03904971280078695,0.04729973735311569,0.03904971280078695,7,0,3,True
REVISED_CORE10_NATIVE,PairMixRate,lower,MCLA,10,0.03936120771385036,0.013111532281067234,-0.03936120771385036,-0.013111532281067234,2,0,8,False
REVISED_CORE10_NATIVE,PairMixRate,lower,HBGF,10,0.041418512233806534,0.01079950159794743,-0.041418512233806534,-0.01079950159794743,2,0,8,False
REVISED_CORE10_NATIVE,PairMixRate,lower,CEHM,10,-0.014722182112779602,-0.004429623723910453,0.014722182112779602,0.004429623723910453,6,1,3,True
REVISED_CORE10_NATIVE,PairMixRate,lower,YACHT,10,0.02152121600454592,0.00046424464777899965,-0.02152121600454592,-0.00046424464777899965,5,0,5,False
REVISED_CORE10_NATIVE,PairMixRate,lower,RANGE,10,0.051760933310015855,0.031706621928038414,-0.051760933310015855,-0.031706621928038414,3,0,7,False
REVISED_CORE10_NATIVE,PairMixRate,lower,GPEC,10,0.030158160717167377,0.005108881131847376,-0.030158160717167377,-0.005108881131847376,2,0,8,False
REVISED_CORE10_NATIVE,rho_size_entropy,higher,MCLA,8,0.1713190108993902,0.21209138651487205,0.1713190108993902,0.21209138651487205,5,2,1,True
REVISED_CORE10_NATIVE,rho_size_entropy,higher,HBGF,8,0.07005474729664757,0.3033379430902062,0.07005474729664757,0.3033379430902062,6,0,2,True
REVISED_CORE10_NATIVE,rho_size_entropy,higher,CEHM,8,-0.049924649835185714,0.0,-0.049924649835185714,0.0,2,4,2,False
REVISED_CORE10_NATIVE,rho_size_entropy,higher,YACHT,8,0.047231392813074785,0.07478482010447686,0.047231392813074785,0.07478482010447686,5,1,2,True
REVISED_CORE10_NATIVE,rho_size_entropy,higher,RANGE,8,0.05677228096625409,-0.02088676091985059,0.05677228096625409,-0.02088676091985059,3,1,4,False
REVISED_CORE10_NATIVE,rho_size_entropy,higher,GPEC,8,-0.0061795827561585345,0.0,-0.0061795827561585345,0.0,3,3,2,False
REVISED_CORE10_NATIVE,rho_size_pairmix,higher,MCLA,8,0.157002739274009,0.22801095709603605,0.157002739274009,0.22801095709603605,5,1,2,True
REVISED_CORE10_NATIVE,rho_size_pairmix,higher,HBGF,8,0.08253379065002149,0.36348994269337476,0.08253379065002149,0.36348994269337476,6,0,2,True
REVISED_CORE10_NATIVE,rho_size_pairmix,higher,CEHM,8,-0.04461721509300573,0.0,-0.04461721509300573,0.0,3,3,2,False
REVISED_CORE10_NATIVE,rho_size_pairmix,higher,YACHT,8,0.054228040513185374,0.10172591982633841,0.054228040513185374,0.10172591982633841,5,1,2,True
REVISED_CORE10_NATIVE,rho_size_pairmix,higher,RANGE,8,0.07339113356768362,0.016666666666666663,0.07339113356768362,0.016666666666666663,4,1,3,True
REVISED_CORE10_NATIVE,rho_size_pairmix,higher,GPEC,8,0.018252355600169204,0.0,0.018252355600169204,0.0,3,3,2,False
REVISED_CORE10_NATIVE,LCMER,higher,MCLA,10,-0.016313454634343416,0.021697249317072564,-0.016313454634343416,0.021697249317072564,6,0,4,False
REVISED_CORE10_NATIVE,LCMER,higher,HBGF,10,-0.02830028532480856,0.0097181675260678,-0.02830028532480856,0.0097181675260678,6,0,4,False
REVISED_CORE10_NATIVE,LCMER,higher,CEHM,10,0.0016039460323776344,9.241782265145826e-05,0.0016039460323776344,9.241782265145826e-05,5,1,4,True
REVISED_CORE10_NATIVE,LCMER,higher,YACHT,10,-0.06126228190934879,-0.026990087679265917,-0.06126228190934879,-0.026990087679265917,3,0,7,False
REVISED_CORE10_NATIVE,LCMER,higher,RANGE,10,-0.05203923098900365,-0.005757019871188707,-0.05203923098900365,-0.005757019871188707,5,0,5,False
REVISED_CORE10_NATIVE,LCMER,higher,GPEC,10,-0.01997222405225938,-0.023182602934687768,-0.01997222405225938,-0.023182602934687768,3,0,7,False
REVISED_CORE10_NATIVE,Top1MixExcessRatio,higher,MCLA,10,0.03423202494404641,0.02421046568781232,0.03423202494404641,0.02421046568781232,6,0,4,True
REVISED_CORE10_NATIVE,Top1MixExcessRatio,higher,HBGF,10,0.013064781068129106,0.0097181675260678,0.013064781068129106,0.0097181675260678,6,0,4,True
REVISED_CORE10_NATIVE,Top1MixExcessRatio,higher,CEHM,10,0.0459024812677181,0.00124246558793073,0.0459024812677181,0.00124246558793073,5,1,4,True
REVISED_CORE10_NATIVE,Top1MixExcessRatio,higher,YACHT,10,-0.011991915747431681,-0.0007790496590125429,-0.011991915747431681,-0.0007790496590125429,5,0,5,False
REVISED_CORE10_NATIVE,Top1MixExcessRatio,higher,RANGE,10,-0.04024331325182171,-0.009378968136425359,-0.04024331325182171,-0.009378968136425359,5,0,5,False
REVISED_CORE10_NATIVE,Top1MixExcessRatio,higher,GPEC,10,0.1153528620794743,-0.03002570872563859,0.1153528620794743,-0.03002570872563859,3,0,7,False
REVISED_CORE10_NATIVE,MixingHHI,higher,MCLA,10,0.15305225700419692,0.10949662461194376,0.15305225700419692,0.10949662461194376,9,0,1,True
REVISED_CORE10_NATIVE,MixingHHI,higher,HBGF,10,0.3136198703066285,0.36464384515522935,0.3136198703066285,0.36464384515522935,9,0,1,True
REVISED_CORE10_NATIVE,MixingHHI,higher,CEHM,10,-0.047122623111171776,-0.017418386934129393,-0.047122623111171776,-0.017418386934129393,2,1,7,False
REVISED_CORE10_NATIVE,MixingHHI,higher,YACHT,10,0.2258790509979276,0.30654546130724536,0.2258790509979276,0.30654546130724536,7,0,3,True
REVISED_CORE10_NATIVE,MixingHHI,higher,RANGE,10,0.23716813112630275,0.2550632639611682,0.23716813112630275,0.2550632639611682,8,0,2,True
REVISED_CORE10_NATIVE,MixingHHI,higher,GPEC,10,0.16067680180277513,0.11465722492691496,0.16067680180277513,0.11465722492691496,8,0,2,True
REVISED_CORE10_NATIVE,PurityGap,higher,MCLA,10,0.08641457553549561,0.07952881276835272,0.08641457553549561,0.07952881276835272,8,0,2,True
REVISED_CORE10_NATIVE,PurityGap,higher,HBGF,9,0.091690715954125,0.07147364119731453,0.091690715954125,0.07147364119731453,7,0,2,True
REVISED_CORE10_NATIVE,PurityGap,higher,CEHM,10,-0.002379424768372802,-0.006074621376985209,-0.002379424768372802,-0.006074621376985209,4,1,5,False
REVISED_CORE10_NATIVE,PurityGap,higher,YACHT,10,0.023042057855904387,-0.036119494768129784,0.023042057855904387,-0.036119494768129784,3,0,7,False
REVISED_CORE10_NATIVE,PurityGap,higher,RANGE,10,0.07986706927677344,0.06177414623857093,0.07986706927677344,0.06177414623857093,6,1,3,True
REVISED_CORE10_NATIVE,PurityGap,higher,GPEC,10,0.03817647101683793,0.022111892009426787,0.03817647101683793,0.022111892009426787,6,1,3,True
REVISED_CORE10_NATIVE,EntropyGap,higher,MCLA,10,0.19775342676270635,0.15514912735149333,0.19775342676270635,0.15514912735149333,8,0,2,True
REVISED_CORE10_NATIVE,EntropyGap,higher,HBGF,9,0.10051237727948518,0.031812727598791946,0.10051237727948518,0.031812727598791946,6,0,3,True
REVISED_CORE10_NATIVE,EntropyGap,higher,CEHM,10,-0.011222324336933473,-0.0017386390712813941,-0.011222324336933473,-0.0017386390712813941,4,1,5,False
REVISED_CORE10_NATIVE,EntropyGap,higher,YACHT,10,0.09567015307204271,-0.03577014462363532,0.09567015307204271,-0.03577014462363532,4,0,6,False
REVISED_CORE10_NATIVE,EntropyGap,higher,RANGE,10,0.1591801430930601,0.06266296463301595,0.1591801430930601,0.06266296463301595,6,1,3,True
REVISED_CORE10_NATIVE,EntropyGap,higher,GPEC,10,0.09910757239472252,0.046742912000437176,0.09910757239472252,0.046742912000437176,6,1,3,True
REVISED_CORE10_NATIVE,PairMixGap,higher,MCLA,10,0.11335067751695031,0.14003365417903113,0.11335067751695031,0.14003365417903113,8,0,2,True
REVISED_CORE10_NATIVE,PairMixGap,higher,HBGF,9,0.09206636111848672,0.025722850225678162,0.09206636111848672,0.025722850225678162,8,0,1,True
REVISED_CORE10_NATIVE,PairMixGap,higher,CEHM,10,0.0004541647273883159,-0.0024098130860892106,0.0004541647273883159,-0.0024098130860892106,4,1,5,False
REVISED_CORE10_NATIVE,PairMixGap,higher,YACHT,10,0.037562771755360866,-0.016515949723982876,0.037562771755360866,-0.016515949723982876,4,0,6,False
REVISED_CORE10_NATIVE,PairMixGap,higher,RANGE,10,0.08107825227429304,0.06934647299473874,0.08107825227429304,0.06934647299473874,6,1,3,True
REVISED_CORE10_NATIVE,PairMixGap,higher,GPEC,10,0.04567494541963306,0.03271847059623556,0.04567494541963306,0.03271847059623556,6,1,3,True
REVISED_CORE10_NATIVE,H_Y_given_Z,lower,MCLA,10,0.0016948541661225614,0.0012901207470359943,-0.0016948541661225614,-0.0012901207470359943,5,0,5,False
REVISED_CORE10_NATIVE,H_Y_given_Z,lower,HBGF,10,-0.017412595870700476,-0.02808481536361368,0.017412595870700476,0.02808481536361368,7,0,3,True
REVISED_CORE10_NATIVE,H_Y_given_Z,lower,CEHM,10,-0.017270074339749208,-0.004340081559868203,0.017270074339749208,0.004340081559868203,5,1,4,True
REVISED_CORE10_NATIVE,H_Y_given_Z,lower,YACHT,10,-0.01665559438700822,-0.02672509970035497,0.01665559438700822,0.02672509970035497,6,0,4,True
REVISED_CORE10_NATIVE,H_Y_given_Z,lower,RANGE,10,0.020493784782661083,-0.01983704669019626,-0.020493784782661083,0.01983704669019626,6,0,4,False
REVISED_CORE10_NATIVE,H_Y_given_Z,lower,GPEC,10,-0.0015623079490689029,-0.005627762876701248,0.0015623079490689029,0.005627762876701248,6,0,4,True
REVISED_CORE10_NATIVE,MixingEffectiveClusters,lower,MCLA,10,-2.201476928422097,-0.37627492998995127,2.201476928422097,0.37627492998995127,9,0,1,True
REVISED_CORE10_NATIVE,MixingEffectiveClusters,lower,HBGF,10,-3.701234300712965,-1.7584085100614968,3.701234300712965,1.7584085100614968,9,0,1,True
REVISED_CORE10_NATIVE,MixingEffectiveClusters,lower,CEHM,10,0.06509420695640362,0.01854699625487488,-0.06509420695640362,-0.01854699625487488,2,1,7,False
REVISED_CORE10_NATIVE,MixingEffectiveClusters,lower,YACHT,10,-2.0126798244124293,-0.8529987174290241,2.0126798244124293,0.8529987174290241,7,0,3,True
REVISED_CORE10_NATIVE,MixingEffectiveClusters,lower,RANGE,10,-1.9199252899653856,-0.8468518726024543,1.9199252899653856,0.8468518726024543,8,0,2,True
REVISED_CORE10_NATIVE,MixingEffectiveClusters,lower,GPEC,10,-1.7039127592640397,-0.36736972565194936,1.7039127592640397,0.36736972565194936,8,0,2,True
REVISED_CORE10_NATIVE,MixingBurdenEntropy,lower,MCLA,10,-0.23787226045236382,-0.14053908804172952,0.23787226045236382,0.14053908804172952,9,0,1,True
REVISED_CORE10_NATIVE,MixingBurdenEntropy,lower,HBGF,10,-0.43622384710572426,-0.4957876562356721,0.43622384710572426,0.4957876562356721,9,0,1,True
REVISED_CORE10_NATIVE,MixingBurdenEntropy,lower,CEHM,10,0.04980047613931025,0.0330686889379075,-0.04980047613931025,-0.0330686889379075,1,1,8,False
REVISED_CORE10_NATIVE,MixingBurdenEntropy,lower,YACHT,10,-0.30956334504286853,-0.3934750486491403,0.30956334504286853,0.3934750486491403,7,0,3,True
REVISED_CORE10_NATIVE,MixingBurdenEntropy,lower,RANGE,10,-0.32054092366703635,-0.3088558653653673,0.32054092366703635,0.3088558653653673,8,0,2,True
REVISED_CORE10_NATIVE,MixingBurdenEntropy,lower,GPEC,10,-0.2156373725553789,-0.15700386730744592,0.2156373725553789,0.15700386730744592,9,0,1,True
REVISED_CORE10_NATIVE,MixingGini,higher,MCLA,10,0.13079280228941723,0.10170607446893826,0.13079280228941723,0.10170607446893826,9,0,1,True
REVISED_CORE10_NATIVE,MixingGini,higher,HBGF,10,0.3383711860665502,0.3222400512038971,0.3383711860665502,0.3222400512038971,9,0,1,True
REVISED_CORE10_NATIVE,MixingGini,higher,CEHM,10,-0.013040633046380128,-0.007313806536667161,-0.013040633046380128,-0.007313806536667161,0,1,9,False
REVISED_CORE10_NATIVE,MixingGini,higher,YACHT,10,0.15859491851093077,0.20940744368922015,0.15859491851093077,0.20940744368922015,7,0,3,True
REVISED_CORE10_NATIVE,MixingGini,higher,RANGE,10,0.1797671740060506,0.20734548495953675,0.1797671740060506,0.20734548495953675,8,0,2,True
REVISED_CORE10_NATIVE,MixingGini,higher,GPEC,10,0.12478229995402886,0.11602682189801544,0.12478229995402886,0.11602682189801544,8,0,2,True
REVISED_CORE10_NATIVE,cluster_size_cv,higher,MCLA,10,0.19288202892137893,0.2162466437332754,0.19288202892137893,0.2162466437332754,8,0,2,True
REVISED_CORE10_NATIVE,cluster_size_cv,higher,HBGF,10,0.4988864982664224,0.49457071908463257,0.4988864982664224,0.49457071908463257,10,0,0,True
REVISED_CORE10_NATIVE,cluster_size_cv,higher,CEHM,10,-0.0897946873358728,-0.03128074697986381,-0.0897946873358728,-0.03128074697986381,0,1,9,False
REVISED_CORE10_NATIVE,cluster_size_cv,higher,YACHT,10,0.3205898492813195,0.4430307249891266,0.3205898492813195,0.4430307249891266,7,0,3,True
REVISED_CORE10_NATIVE,cluster_size_cv,higher,RANGE,10,0.34389573662402373,0.3752904443183781,0.34389573662402373,0.3752904443183781,9,0,1,True
REVISED_CORE10_NATIVE,cluster_size_cv,higher,GPEC,10,0.22392700082287748,0.19950943147607883,0.22392700082287748,0.19950943147607883,8,0,2,True
REVISED_CORE10_NATIVE,largest_cluster_fraction,higher,MCLA,10,0.060698153999128326,0.05576590890377836,0.060698153999128326,0.05576590890377836,8,0,2,True
REVISED_CORE10_NATIVE,largest_cluster_fraction,higher,HBGF,10,0.1731088204386096,0.15652777777777774,0.1731088204386096,0.15652777777777774,10,0,0,True
REVISED_CORE10_NATIVE,largest_cluster_fraction,higher,CEHM,10,-0.03550156059395829,-0.012101998906752481,-0.03550156059395829,-0.012101998906752481,1,2,7,False
REVISED_CORE10_NATIVE,largest_cluster_fraction,higher,YACHT,10,0.11327349031142313,0.13662091744624977,0.11327349031142313,0.13662091744624977,7,0,3,True
REVISED_CORE10_NATIVE,largest_cluster_fraction,higher,RANGE,10,0.1252924791237143,0.11656757754800594,0.1252924791237143,0.11656757754800594,9,0,1,True
REVISED_CORE10_NATIVE,largest_cluster_fraction,higher,GPEC,10,0.08087625453977837,0.07856481481481477,0.08087625453977837,0.07856481481481477,8,0,2,True
REVISED_CORE10_NATIVE,LargeClusterSampleShare,higher,MCLA,10,0.10329528076354835,0.0679337822811569,0.10329528076354835,0.0679337822811569,9,0,1,True
REVISED_CORE10_NATIVE,LargeClusterSampleShare,higher,HBGF,10,0.15602219795760158,0.14466483011937553,0.15602219795760158,0.14466483011937553,9,0,1,True
REVISED_CORE10_NATIVE,LargeClusterSampleShare,higher,CEHM,10,-0.018994341383974978,-0.006186915742564664,-0.018994341383974978,-0.006186915742564664,1,2,7,False
REVISED_CORE10_NATIVE,LargeClusterSampleShare,higher,YACHT,10,0.13743437855884255,0.21277832485365714,0.13743437855884255,0.21277832485365714,7,0,3,True
REVISED_CORE10_NATIVE,LargeClusterSampleShare,higher,RANGE,10,0.12253637173435679,0.16595657623048282,0.12253637173435679,0.16595657623048282,8,0,2,True
REVISED_CORE10_NATIVE,LargeClusterSampleShare,higher,GPEC,10,0.0955118697768953,0.10140393347557303,0.0955118697768953,0.10140393347557303,8,0,2,True
REVISED_CORE10_NATIVE,LCMS,higher,MCLA,10,0.138125841593834,0.12237880475170443,0.138125841593834,0.12237880475170443,10,0,0,True
REVISED_CORE10_NATIVE,LCMS,higher,HBGF,10,0.2746081023210453,0.3021922363132787,0.2746081023210453,0.3021922363132787,9,0,1,True
REVISED_CORE10_NATIVE,LCMS,higher,CEHM,10,-0.013250989479441155,-0.007083698497595825,-0.013250989479441155,-0.007083698497595825,0,1,9,False
REVISED_CORE10_NATIVE,LCMS,higher,YACHT,10,0.14525197001576995,0.14287709797089837,0.14525197001576995,0.14287709797089837,7,0,3,True
REVISED_CORE10_NATIVE,LCMS,higher,RANGE,10,0.15788210777930423,0.16346042359762258,0.15788210777930423,0.16346042359762258,8,0,2,True
REVISED_CORE10_NATIVE,LCMS,higher,GPEC,10,0.1126112474280789,0.10493056741443813,0.1126112474280789,0.10493056741443813,8,0,2,True
REVISED_CORE10_NATIVE,LCPCS,higher,MCLA,10,0.13456956433519948,0.1005978110262189,0.13456956433519948,0.1005978110262189,9,0,1,True
REVISED_CORE10_NATIVE,LCPCS,higher,HBGF,10,0.26333678773985786,0.26168836666089523,0.26333678773985786,0.26168836666089523,9,0,1,True
REVISED_CORE10_NATIVE,LCPCS,higher,CEHM,10,-0.01593626841713903,-0.006808027844308229,-0.01593626841713903,-0.006808027844308229,1,1,8,False
REVISED_CORE10_NATIVE,LCPCS,higher,YACHT,10,0.17414206729557563,0.23942209641303713,0.17414206729557563,0.23942209641303713,7,0,3,True
REVISED_CORE10_NATIVE,LCPCS,higher,RANGE,10,0.1743225340829006,0.17309965554636408,0.1743225340829006,0.17309965554636408,8,0,2,True
REVISED_CORE10_NATIVE,LCPCS,higher,GPEC,10,0.12138855844660786,0.10214786551462934,0.12138855844660786,0.10214786551462934,8,0,2,True
REVISED_CORE10_NATIVE,Top1CrossMixShare,higher,MCLA,10,0.1577014930434344,0.10047301923795399,0.1577014930434344,0.10047301923795399,10,0,0,True
REVISED_CORE10_NATIVE,Top1CrossMixShare,higher,HBGF,10,0.3675995160913711,0.3767784596313746,0.3675995160913711,0.3767784596313746,10,0,0,True
REVISED_CORE10_NATIVE,Top1CrossMixShare,higher,CEHM,10,-0.030728626998105624,-0.008991701148361397,-0.030728626998105624,-0.008991701148361397,2,1,7,False
REVISED_CORE10_NATIVE,Top1CrossMixShare,higher,YACHT,10,0.20469600894319054,0.2757015949500305,0.20469600894319054,0.2757015949500305,7,0,3,True
REVISED_CORE10_NATIVE,Top1CrossMixShare,higher,RANGE,10,0.24384343090151686,0.23079802642492758,0.24384343090151686,0.23079802642492758,8,0,2,True
REVISED_CORE10_NATIVE,Top1CrossMixShare,higher,GPEC,10,0.17954249849076312,0.15206491673630984,0.17954249849076312,0.15206491673630984,8,0,2,True
REVISED_CORE10_NATIVE,Top1PairCapacityShare,higher,MCLA,10,0.11327259591190261,0.09192039494783272,0.11327259591190261,0.09192039494783272,9,0,1,True
REVISED_CORE10_NATIVE,Top1PairCapacityShare,higher,HBGF,10,0.3163311649501591,0.3284530106094766,0.3163311649501591,0.3284530106094766,10,0,0,True
REVISED_CORE10_NATIVE,Top1PairCapacityShare,higher,CEHM,10,-0.03992723228908996,-0.01994477237178363,-0.03992723228908996,-0.01994477237178363,3,1,6,False
REVISED_CORE10_NATIVE,Top1PairCapacityShare,higher,YACHT,10,0.18666222626262052,0.27649423159079395,0.18666222626262052,0.27649423159079395,7,0,3,True
REVISED_CORE10_NATIVE,Top1PairCapacityShare,higher,RANGE,10,0.21559433608114947,0.23061804669757907,0.21559433608114947,0.23061804669757907,9,0,1,True
REVISED_CORE10_NATIVE,Top1PairCapacityShare,higher,GPEC,10,0.13953377794133057,0.09508105139826206,0.13953377794133057,0.09508105139826206,9,0,1,True
REVISED_CORE9_NO_CHAMELEON,homogeneity,higher,MCLA,9,0.013007759102467252,-0.008904265702798647,0.013007759102467252,-0.008904265702798647,4,0,5,False
REVISED_CORE9_NO_CHAMELEON,homogeneity,higher,HBGF,9,0.023784460781902304,0.019898294691421514,0.023784460781902304,0.019898294691421514,6,0,3,True
REVISED_CORE9_NO_CHAMELEON,homogeneity,higher,CEHM,9,0.01342394294445592,0.0036235500538458476,0.01342394294445592,0.0036235500538458476,5,1,3,True
REVISED_CORE9_NO_CHAMELEON,homogeneity,higher,YACHT,9,0.042150542097330664,0.0737875967543554,0.042150542097330664,0.0737875967543554,6,0,3,True
REVISED_CORE9_NO_CHAMELEON,homogeneity,higher,RANGE,9,0.006159565414940251,0.022224175589454886,0.006159565414940251,0.022224175589454886,6,0,3,True
REVISED_CORE9_NO_CHAMELEON,homogeneity,higher,GPEC,9,0.011429227492997037,0.008444455134276996,0.011429227492997037,0.008444455134276996,6,0,3,True
REVISED_CORE9_NO_CHAMELEON,MacroMixEntropy,lower,MCLA,9,-0.10509398223161927,-0.08220532978175149,0.10509398223161927,0.08220532978175149,7,0,2,True
REVISED_CORE9_NO_CHAMELEON,MacroMixEntropy,lower,HBGF,9,-0.13524345604029073,-0.11180116391558925,0.13524345604029073,0.11180116391558925,8,0,1,True
REVISED_CORE9_NO_CHAMELEON,MacroMixEntropy,lower,CEHM,9,0.018325601475811637,0.008261407713201788,-0.018325601475811637,-0.008261407713201788,3,1,5,False
REVISED_CORE9_NO_CHAMELEON,MacroMixEntropy,lower,YACHT,9,-0.13372715265177954,-0.05708472013664344,0.13372715265177954,0.05708472013664344,9,0,0,True
REVISED_CORE9_NO_CHAMELEON,MacroMixEntropy,lower,RANGE,9,-0.10383446426806406,-0.04932567339723637,0.10383446426806406,0.04932567339723637,8,0,1,True
REVISED_CORE9_NO_CHAMELEON,MacroMixEntropy,lower,GPEC,9,-0.07762242780460853,-0.03786023642755676,0.07762242780460853,0.03786023642755676,8,0,1,True
REVISED_CORE9_NO_CHAMELEON,MacroPurity,higher,MCLA,9,0.07007456309975903,0.0747811952795181,0.07007456309975903,0.0747811952795181,7,0,2,True
REVISED_CORE9_NO_CHAMELEON,MacroPurity,higher,HBGF,9,0.09561063007843723,0.09500500152365554,0.09561063007843723,0.09500500152365554,7,0,2,True
REVISED_CORE9_NO_CHAMELEON,MacroPurity,higher,CEHM,9,-0.008388783757763961,-0.0038452154394182925,-0.008388783757763961,-0.0038452154394182925,3,1,5,False
REVISED_CORE9_NO_CHAMELEON,MacroPurity,higher,YACHT,9,0.08818206167564809,0.06114456842605753,0.08818206167564809,0.06114456842605753,8,0,1,True
REVISED_CORE9_NO_CHAMELEON,MacroPurity,higher,RANGE,9,0.05480509899742861,0.06001860665394454,0.05480509899742861,0.06001860665394454,8,0,1,True
REVISED_CORE9_NO_CHAMELEON,MacroPurity,higher,GPEC,9,0.05420636547813614,0.0410484780973015,0.05420636547813614,0.0410484780973015,7,0,2,True
REVISED_CORE9_NO_CHAMELEON,PairMixRate,lower,MCLA,9,0.04371098738913224,0.019167621447357786,-0.04371098738913224,-0.019167621447357786,2,0,7,False
REVISED_CORE9_NO_CHAMELEON,PairMixRate,lower,HBGF,9,0.04532806404533865,0.013009398005653816,-0.04532806404533865,-0.013009398005653816,2,0,7,False
REVISED_CORE9_NO_CHAMELEON,PairMixRate,lower,CEHM,9,-0.016458563287701504,-0.0053823358573419355,0.016458563287701504,0.0053823358573419355,6,1,2,True
REVISED_CORE9_NO_CHAMELEON,PairMixRate,lower,YACHT,9,0.02268612187340398,-0.0009885314366723796,-0.02268612187340398,0.0009885314366723796,5,0,4,False
REVISED_CORE9_NO_CHAMELEON,PairMixRate,lower,RANGE,9,0.05708643821016701,0.03252557686083113,-0.05708643821016701,-0.03252557686083113,3,0,6,False
REVISED_CORE9_NO_CHAMELEON,PairMixRate,lower,GPEC,9,0.0329010941915123,0.004746002815631645,-0.0329010941915123,-0.004746002815631645,2,0,7,False
REVISED_CORE9_NO_CHAMELEON,rho_size_entropy,higher,MCLA,7,0.30531696483739834,0.2915598114936322,0.30531696483739834,0.2915598114936322,5,2,0,True
REVISED_CORE9_NO_CHAMELEON,rho_size_entropy,higher,HBGF,7,0.018157806434263884,0.23914327444424055,0.018157806434263884,0.23914327444424055,5,0,2,True
REVISED_CORE9_NO_CHAMELEON,rho_size_entropy,higher,CEHM,7,8.611447407346524e-05,0.0,8.611447407346524e-05,0.0,2,4,1,False
REVISED_CORE9_NO_CHAMELEON,rho_size_entropy,higher,YACHT,7,0.09207397273875215,0.08996485005971913,0.09207397273875215,0.08996485005971913,5,1,1,True
REVISED_CORE9_NO_CHAMELEON,rho_size_entropy,higher,RANGE,7,0.14107308300905227,0.0,0.14107308300905227,0.0,3,1,3,False
REVISED_CORE9_NO_CHAMELEON,rho_size_entropy,higher,GPEC,7,0.035794762564390244,0.0,0.035794762564390244,0.0,3,3,1,False
REVISED_CORE9_NO_CHAMELEON,rho_size_pairmix,higher,MCLA,7,0.2794317020274389,0.29291780181149163,0.2794317020274389,0.29291780181149163,5,1,1,True
REVISED_CORE9_NO_CHAMELEON,rho_size_pairmix,higher,HBGF,7,0.03241957026669123,0.2936465520534161,0.03241957026669123,0.2936465520534161,5,0,2,True
REVISED_CORE9_NO_CHAMELEON,rho_size_pairmix,higher,CEHM,7,0.006151754179422019,0.0,0.006151754179422019,0.0,3,3,1,False
REVISED_CORE9_NO_CHAMELEON,rho_size_pairmix,higher,YACHT,7,0.10007014153887853,0.10521471024868756,0.10007014153887853,0.10521471024868756,5,1,1,True
REVISED_CORE9_NO_CHAMELEON,rho_size_pairmix,higher,RANGE,7,0.15530415264878128,0.033333333333333326,0.15530415264878128,0.033333333333333326,4,1,2,True
REVISED_CORE9_NO_CHAMELEON,rho_size_pairmix,higher,GPEC,7,0.05419316830495528,0.0,0.05419316830495528,0.0,3,3,1,False
REVISED_CORE9_NO_CHAMELEON,LCMER,higher,MCLA,9,-0.017147209637599872,0.026194815749541522,-0.017147209637599872,0.026194815749541522,6,0,3,False
REVISED_CORE9_NO_CHAMELEON,LCMER,higher,HBGF,9,-0.034349690156057044,0.002801904106634945,-0.034349690156057044,0.002801904106634945,5,0,4,False
REVISED_CORE9_NO_CHAMELEON,LCMER,higher,CEHM,9,0.0017616249642748254,0.0,0.0017616249642748254,0.0,4,1,4,False
REVISED_CORE9_NO_CHAMELEON,LCMER,higher,YACHT,9,-0.06651889471449048,-0.03610999348747734,-0.06651889471449048,-0.03610999348747734,3,0,6,False
REVISED_CORE9_NO_CHAMELEON,LCMER,higher,RANGE,9,-0.05604935406806555,0.004434083535069133,-0.05604935406806555,0.004434083535069133,5,0,4,False
REVISED_CORE9_NO_CHAMELEON,LCMER,higher,GPEC,9,-0.020063717784505997,-0.02721642540733571,-0.020063717784505997,-0.02721642540733571,3,0,6,False
REVISED_CORE9_NO_CHAMELEON,Top1MixExcessRatio,higher,MCLA,9,0.0381393448804206,0.031221248491021036,0.0381393448804206,0.031221248491021036,6,0,3,True
REVISED_CORE9_NO_CHAMELEON,Top1MixExcessRatio,higher,HBGF,9,0.008539825921759059,0.002801904106634945,0.008539825921759059,0.002801904106634945,5,0,4,True
REVISED_CORE9_NO_CHAMELEON,Top1MixExcessRatio,higher,CEHM,9,0.05120779563146259,0.00248493117586146,0.05120779563146259,0.00248493117586146,5,1,3,True
REVISED_CORE9_NO_CHAMELEON,Top1MixExcessRatio,higher,YACHT,9,-0.011054600211684053,0.016312082553029406,-0.011054600211684053,0.016312082553029406,5,0,4,False
REVISED_CORE9_NO_CHAMELEON,Top1MixExcessRatio,higher,RANGE,9,-0.041214369879168315,0.004434083535069133,-0.041214369879168315,0.004434083535069133,5,0,4,False
REVISED_CORE9_NO_CHAMELEON,Top1MixExcessRatio,higher,GPEC,9,0.13181817920429828,-0.02721642540733571,0.13181817920429828,-0.02721642540733571,3,0,6,False
REVISED_CORE9_NO_CHAMELEON,MixingHHI,higher,MCLA,9,0.15579701116754585,0.09801442195732457,0.15579701116754585,0.09801442195732457,8,0,1,True
REVISED_CORE9_NO_CHAMELEON,MixingHHI,higher,HBGF,9,0.29730062254556905,0.3078604656450681,0.29730062254556905,0.3078604656450681,8,0,1,True
REVISED_CORE9_NO_CHAMELEON,MixingHHI,higher,CEHM,9,-0.05262844714693202,-0.019153378126142484,-0.05262844714693202,-0.019153378126142484,1,1,7,False
REVISED_CORE9_NO_CHAMELEON,MixingHHI,higher,YACHT,9,0.20918015121971678,0.2917370848706476,0.20918015121971678,0.2917370848706476,6,0,3,True
REVISED_CORE9_NO_CHAMELEON,MixingHHI,higher,RANGE,9,0.23499629655400833,0.25341188564538386,0.23499629655400833,0.25341188564538386,7,0,2,True
REVISED_CORE9_NO_CHAMELEON,MixingHHI,higher,GPEC,9,0.14908136330287275,0.07839819826719079,0.14908136330287275,0.07839819826719079,7,0,2,True
REVISED_CORE9_NO_CHAMELEON,PurityGap,higher,MCLA,9,0.10454954575838525,0.10120875033583822,0.10454954575838525,0.10120875033583822,8,0,1,True
REVISED_CORE9_NO_CHAMELEON,PurityGap,higher,HBGF,8,0.08885118140488563,0.04277043857948022,0.08885118140488563,0.04277043857948022,6,0,2,True
REVISED_CORE9_NO_CHAMELEON,PurityGap,higher,CEHM,9,-0.0003438852008610475,0.0,-0.0003438852008610475,0.0,4,1,4,False
REVISED_CORE9_NO_CHAMELEON,PurityGap,higher,YACHT,9,0.028458090494747654,-0.04653675364257448,0.028458090494747654,-0.04653675364257448,3,0,6,False
REVISED_CORE9_NO_CHAMELEON,PurityGap,higher,RANGE,9,0.0977097291854922,0.10844692441672645,0.0977097291854922,0.10844692441672645,6,1,2,True
REVISED_CORE9_NO_CHAMELEON,PurityGap,higher,GPEC,9,0.05064535307140097,0.03995891308731597,0.05064535307140097,0.03995891308731597,6,1,2,True
REVISED_CORE9_NO_CHAMELEON,EntropyGap,higher,MCLA,9,0.22455789120969374,0.15538428386882017,0.22455789120969374,0.15538428386882017,8,0,1,True
REVISED_CORE9_NO_CHAMELEON,EntropyGap,higher,HBGF,8,0.10224402955098716,0.030676504542236055,0.10224402955098716,0.030676504542236055,5,0,3,True
REVISED_CORE9_NO_CHAMELEON,EntropyGap,higher,CEHM,9,-0.01208288502519688,0.0,-0.01208288502519688,0.0,4,1,4,False
REVISED_CORE9_NO_CHAMELEON,EntropyGap,higher,YACHT,9,0.1091484966918168,-0.04590534974134669,0.1091484966918168,-0.04590534974134669,4,0,5,False
REVISED_CORE9_NO_CHAMELEON,EntropyGap,higher,RANGE,9,0.1833378873245003,0.0714745497622561,0.1833378873245003,0.0714745497622561,6,1,2,True
REVISED_CORE9_NO_CHAMELEON,EntropyGap,higher,GPEC,9,0.1141447896121228,0.06926522291066606,0.1141447896121228,0.06926522291066606,6,1,2,True
REVISED_CORE9_NO_CHAMELEON,PairMixGap,higher,MCLA,9,0.1291730679017993,0.17554813679032988,0.1291730679017993,0.17554813679032988,8,0,1,True
REVISED_CORE9_NO_CHAMELEON,PairMixGap,higher,HBGF,8,0.09690766483224152,0.022098485160374937,0.09690766483224152,0.022098485160374937,7,0,1,True
REVISED_CORE9_NO_CHAMELEON,PairMixGap,higher,CEHM,9,0.0010401414940068422,0.0,0.0010401414940068422,0.0,4,1,4,False
REVISED_CORE9_NO_CHAMELEON,PairMixGap,higher,YACHT,9,0.04369020486164911,-0.015447773246732466,0.04369020486164911,-0.015447773246732466,4,0,5,False
REVISED_CORE9_NO_CHAMELEON,PairMixGap,higher,RANGE,9,0.09477564214303734,0.08772387883491223,0.09477564214303734,0.08772387883491223,6,1,2,True
REVISED_CORE9_NO_CHAMELEON,PairMixGap,higher,GPEC,9,0.053882009611016905,0.05846576189424785,0.053882009611016905,0.05846576189424785,6,1,2,True
REVISED_CORE9_NO_CHAMELEON,H_Y_given_Z,lower,MCLA,9,0.0022353193913664526,0.005749574355144449,-0.0022353193913664526,-0.005749574355144449,4,0,5,False
REVISED_CORE9_NO_CHAMELEON,H_Y_given_Z,lower,HBGF,9,-0.01886649806838693,-0.04303294379763045,0.01886649806838693,0.04303294379763045,6,0,3,True
REVISED_CORE9_NO_CHAMELEON,H_Y_given_Z,lower,CEHM,9,-0.019516432279500655,-0.008680163119736406,0.019516432279500655,0.008680163119736406,5,1,3,True
REVISED_CORE9_NO_CHAMELEON,H_Y_given_Z,lower,YACHT,9,-0.022185137986588315,-0.04764539695768932,0.022185137986588315,0.04764539695768932,6,0,3,True
REVISED_CORE9_NO_CHAMELEON,H_Y_given_Z,lower,RANGE,9,0.019437930428228983,-0.02044368468481461,-0.019437930428228983,0.02044368468481461,6,0,3,False
REVISED_CORE9_NO_CHAMELEON,H_Y_given_Z,lower,GPEC,9,-0.004535166588538592,-0.00919862671127647,0.004535166588538592,0.00919862671127647,6,0,3,True
REVISED_CORE9_NO_CHAMELEON,MixingEffectiveClusters,lower,MCLA,9,-2.3872971239058294,-0.2234546909113979,2.3872971239058294,0.2234546909113979,8,0,1,True
REVISED_CORE9_NO_CHAMELEON,MixingEffectiveClusters,lower,HBGF,9,-3.7261199607879365,-0.9790598456278008,3.7261199607879365,0.9790598456278008,8,0,1,True
REVISED_CORE9_NO_CHAMELEON,MixingEffectiveClusters,lower,CEHM,9,0.07294784939337075,0.021113283743131595,-0.07294784939337075,-0.021113283743131595,1,1,7,False
REVISED_CORE9_NO_CHAMELEON,MixingEffectiveClusters,lower,YACHT,9,-1.9958523570697535,-0.7767680509634152,1.9958523570697535,0.7767680509634152,6,0,3,True
REVISED_CORE9_NO_CHAMELEON,MixingEffectiveClusters,lower,RANGE,9,-2.002788359952979,-0.6652487861245215,2.002788359952979,0.6652487861245215,7,0,2,True
REVISED_CORE9_NO_CHAMELEON,MixingEffectiveClusters,lower,GPEC,9,-1.7742909030117557,-0.32034240561761274,1.7742909030117557,0.32034240561761274,7,0,2,True
REVISED_CORE9_NO_CHAMELEON,MixingBurdenEntropy,lower,MCLA,9,-0.2450804546808905,-0.1080796636878355,0.2450804546808905,0.1080796636878355,8,0,1,True
REVISED_CORE9_NO_CHAMELEON,MixingBurdenEntropy,lower,HBGF,9,-0.41874711921080227,-0.4488241527358295,0.41874711921080227,0.4488241527358295,8,0,1,True
REVISED_CORE9_NO_CHAMELEON,MixingBurdenEntropy,lower,CEHM,9,0.054824504212124,0.03400418865913038,-0.054824504212124,-0.03400418865913038,1,1,7,False
REVISED_CORE9_NO_CHAMELEON,MixingBurdenEntropy,lower,YACHT,9,-0.292382375053176,-0.3853572744302638,0.292382375053176,0.3853572744302638,6,0,3,True
REVISED_CORE9_NO_CHAMELEON,MixingBurdenEntropy,lower,RANGE,9,-0.3207248821177743,-0.29882643312033946,0.3207248821177743,0.29882643312033946,7,0,2,True
REVISED_CORE9_NO_CHAMELEON,MixingBurdenEntropy,lower,GPEC,9,-0.20393490170513165,-0.11177695588674919,0.20393490170513165,0.11177695588674919,8,0,1,True
REVISED_CORE9_NO_CHAMELEON,MixingGini,higher,MCLA,9,0.13003711672880738,0.06581817660297085,0.13003711672880738,0.06581817660297085,8,0,1,True
REVISED_CORE9_NO_CHAMELEON,MixingGini,higher,HBGF,9,0.3017671137744965,0.3008201863792981,0.3017671137744965,0.3008201863792981,8,0,1,True
REVISED_CORE9_NO_CHAMELEON,MixingGini,higher,CEHM,9,-0.01413348667460714,-0.007916034626557045,-0.01413348667460714,-0.007916034626557045,0,1,8,False
REVISED_CORE9_NO_CHAMELEON,MixingGini,higher,YACHT,9,0.13474235350512284,0.17641825936584477,0.13474235350512284,0.17641825936584477,6,0,3,True
REVISED_CORE9_NO_CHAMELEON,MixingGini,higher,RANGE,9,0.17598489772892897,0.20088330941892846,0.17598489772892897,0.20088330941892846,7,0,2,True
REVISED_CORE9_NO_CHAMELEON,MixingGini,higher,GPEC,9,0.1167725720302643,0.0900746345732566,0.1167725720302643,0.0900746345732566,7,0,2,True
REVISED_CORE9_NO_CHAMELEON,cluster_size_cv,higher,MCLA,9,0.1882071229597175,0.19753710489021914,0.1882071229597175,0.19753710489021914,7,0,2,True
REVISED_CORE9_NO_CHAMELEON,cluster_size_cv,higher,HBGF,9,0.4555086903144173,0.4311240411562995,0.4555086903144173,0.4311240411562995,9,0,0,True
REVISED_CORE9_NO_CHAMELEON,cluster_size_cv,higher,CEHM,9,-0.09788990686498591,-0.03813619167134644,-0.09788990686498591,-0.03813619167134644,0,1,8,False
REVISED_CORE9_NO_CHAMELEON,cluster_size_cv,higher,YACHT,9,0.289861548042167,0.38815033645166586,0.289861548042167,0.38815033645166586,6,0,3,True
REVISED_CORE9_NO_CHAMELEON,cluster_size_cv,higher,RANGE,9,0.33440519864394497,0.3212703101920237,0.33440519864394497,0.3212703101920237,8,0,1,True
REVISED_CORE9_NO_CHAMELEON,cluster_size_cv,higher,GPEC,9,0.20305162538384008,0.16932905497579132,0.20305162538384008,0.16932905497579132,7,0,2,True
REVISED_CORE9_NO_CHAMELEON,largest_cluster_fraction,higher,MCLA,9,0.060529463714121184,0.04931545124336406,0.060529463714121184,0.04931545124336406,7,0,2,True
REVISED_CORE9_NO_CHAMELEON,largest_cluster_fraction,higher,HBGF,9,0.15528983106689145,0.09083333333333331,0.15528983106689145,0.09083333333333331,9,0,0,True
REVISED_CORE9_NO_CHAMELEON,largest_cluster_fraction,higher,CEHM,9,-0.03910459838600646,-0.016859504132231418,-0.03910459838600646,-0.016859504132231418,1,2,6,False
REVISED_CORE9_NO_CHAMELEON,largest_cluster_fraction,higher,YACHT,9,0.09828904379012855,0.07916666666666664,0.09828904379012855,0.07916666666666664,6,0,3,True
REVISED_CORE9_NO_CHAMELEON,largest_cluster_fraction,higher,RANGE,9,0.12000405421267302,0.07249999999999998,0.12000405421267302,0.07249999999999998,8,0,1,True
REVISED_CORE9_NO_CHAMELEON,largest_cluster_fraction,higher,GPEC,9,0.07083161644809219,0.06916666666666663,0.07083161644809219,0.06916666666666663,7,0,2,True
REVISED_CORE9_NO_CHAMELEON,LargeClusterSampleShare,higher,MCLA,9,0.09069927339348376,0.047219893825090786,0.09069927339348376,0.047219893825090786,8,0,1,True
REVISED_CORE9_NO_CHAMELEON,LargeClusterSampleShare,higher,HBGF,9,0.1317014971369698,0.06710743801652891,0.1317014971369698,0.06710743801652891,8,0,1,True
REVISED_CORE9_NO_CHAMELEON,LargeClusterSampleShare,higher,CEHM,9,-0.01981983213681631,-0.005029337803855782,-0.01981983213681631,-0.005029337803855782,1,2,6,False
REVISED_CORE9_NO_CHAMELEON,LargeClusterSampleShare,higher,YACHT,9,0.12381695211949667,0.19407516822583293,0.12381695211949667,0.19407516822583293,6,0,3,True
REVISED_CORE9_NO_CHAMELEON,LargeClusterSampleShare,higher,RANGE,9,0.11712063555317934,0.1606351550960119,0.11712063555317934,0.1606351550960119,7,0,2,True
REVISED_CORE9_NO_CHAMELEON,LargeClusterSampleShare,higher,GPEC,9,0.08732113119048322,0.08796296296296291,0.08732113119048322,0.08796296296296291,7,0,2,True
REVISED_CORE9_NO_CHAMELEON,LCMS,higher,MCLA,9,0.1317683421790511,0.04941427317652847,0.1317683421790511,0.04941427317652847,9,0,0,True
REVISED_CORE9_NO_CHAMELEON,LCMS,higher,HBGF,9,0.24404830948117195,0.2900588377447413,0.24404830948117195,0.2900588377447413,8,0,1,True
REVISED_CORE9_NO_CHAMELEON,LCMS,higher,CEHM,9,-0.0142677511027088,-0.0079160346265571,-0.0142677511027088,-0.0079160346265571,0,1,8,False
REVISED_CORE9_NO_CHAMELEON,LCMS,higher,YACHT,9,0.1258700705762249,0.13164297436546546,0.1258700705762249,0.13164297436546546,6,0,3,True
REVISED_CORE9_NO_CHAMELEON,LCMS,higher,RANGE,9,0.1574043715492408,0.16473911334537028,0.1574043715492408,0.16473911334537028,7,0,2,True
REVISED_CORE9_NO_CHAMELEON,LCMS,higher,GPEC,9,0.10766117463869278,0.08598513802517105,0.10766117463869278,0.08598513802517105,7,0,2,True
REVISED_CORE9_NO_CHAMELEON,LCPCS,higher,MCLA,9,0.12711856583529194,0.045381640202433626,0.12711856583529194,0.045381640202433626,8,0,1,True
REVISED_CORE9_NO_CHAMELEON,LCPCS,higher,HBGF,9,0.23282296113072892,0.1929576070871432,0.23282296113072892,0.1929576070871432,8,0,1,True
REVISED_CORE9_NO_CHAMELEON,LCPCS,higher,CEHM,9,-0.01723239420637679,-0.00787332256194162,-0.01723239420637679,-0.00787332256194162,1,1,7,False
REVISED_CORE9_NO_CHAMELEON,LCPCS,higher,YACHT,9,0.15698229335200045,0.21608576455175643,0.15698229335200045,0.21608576455175643,6,0,3,True
REVISED_CORE9_NO_CHAMELEON,LCPCS,higher,RANGE,9,0.17430597616849922,0.17172775578021526,0.17430597616849922,0.17172775578021526,7,0,2,True
REVISED_CORE9_NO_CHAMELEON,LCPCS,higher,GPEC,9,0.11577562784822598,0.0713675105029431,0.11577562784822598,0.0713675105029431,7,0,2,True
REVISED_CORE9_NO_CHAMELEON,Top1CrossMixShare,higher,MCLA,9,0.16088281687984843,0.07187645996019965,0.16088281687984843,0.07187645996019965,9,0,0,True
REVISED_CORE9_NO_CHAMELEON,Top1CrossMixShare,higher,HBGF,9,0.3421637453563763,0.3337182223519417,0.3421637453563763,0.3337182223519417,9,0,0,True
REVISED_CORE9_NO_CHAMELEON,Top1CrossMixShare,higher,CEHM,9,-0.034467830359733234,-0.010067367670165694,-0.034467830359733234,-0.010067367670165694,1,1,7,False
REVISED_CORE9_NO_CHAMELEON,Top1CrossMixShare,higher,YACHT,9,0.18265834253853214,0.22125475194157973,0.18265834253853214,0.22125475194157973,6,0,3,True
REVISED_CORE9_NO_CHAMELEON,Top1CrossMixShare,higher,RANGE,9,0.24402788626346789,0.21941272020589755,0.24402788626346789,0.21941272020589755,7,0,2,True
REVISED_CORE9_NO_CHAMELEON,Top1CrossMixShare,higher,GPEC,9,0.17320478646490386,0.1238759968037052,0.17320478646490386,0.1238759968037052,7,0,2,True
REVISED_CORE9_NO_CHAMELEON,Top1PairCapacityShare,higher,MCLA,9,0.11152296760690211,0.05482153923875821,0.11152296760690211,0.05482153923875821,8,0,1,True
REVISED_CORE9_NO_CHAMELEON,Top1PairCapacityShare,higher,HBGF,9,0.2868770513743923,0.326486894984306,0.2868770513743923,0.326486894984306,9,0,0,True
REVISED_CORE9_NO_CHAMELEON,Top1PairCapacityShare,higher,CEHM,9,-0.04484667204501007,-0.034146811616892425,-0.04484667204501007,-0.034146811616892425,2,1,6,False
REVISED_CORE9_NO_CHAMELEON,Top1PairCapacityShare,higher,YACHT,9,0.16190371802928816,0.26275842827431783,0.16190371802928816,0.26275842827431783,6,0,3,True
REVISED_CORE9_NO_CHAMELEON,Top1PairCapacityShare,higher,RANGE,9,0.21107961715370932,0.20500928696704723,0.21107961715370932,0.20500928696704723,8,0,1,True
REVISED_CORE9_NO_CHAMELEON,Top1PairCapacityShare,higher,GPEC,9,0.12699502058046327,0.057233882270208536,0.12699502058046327,0.057233882270208536,8,0,1,True
