variant,dataset,ACC,NMI,ARI,F1
PSF-CE,100Leaves,0.8185416666666666,0.9249927146254923,0.6579565207454654,0.8131420035055692
PSF-CE,10X PBMC,0.723952236010302,0.7484326194692409,0.6379551595442648,0.4983437185000135
PSF-CE,11_Tumors,0.5689655172413793,0.600862091454231,0.40260653046225,0.4648767257698738
PSF-CE,3Sources,0.4161735700197238,0.1663011777797464,0.003638742377112566,0.20411979217861345
PSF-CE,ACM,0.6846280991735537,0.4584156699714208,0.4158671850895992,0.6912323283244156
PSF-CE,ALOI,0.6833641975308642,0.8026014774316449,0.22735758717553897,0.7131316831042923
PSF-CE,Actor,0.2609210526315789,0.0008775698851171999,0.0010630493214675667,0.11655080878566894
PSF-CE,Amazon Computers,0.5239965095986038,0.45138848288950495,0.29849820019645223,0.5263518473143388
PSF-CE,Amazon Photo,0.5912854030501089,0.539975141280013,0.36963554052199443,0.5209606887761241
PSF-CE,BBC News Sport,0.40298507462686567,0.20849180207468362,0.062491966148296864,0.3447613324505949
PSF-CE,BBC-MV,0.33041362530413615,0.0141642838176548,0.0018393328630827667,0.11472689999932294
PSF-CE,BBCSport-MV,0.4889705882352941,0.254786142068991,0.0877308842181558,0.3456523235833356
PSF-CE,COIL100,0.5241203703703704,0.785312899789207,0.4275666795810987,0.501432622156593
PSF-CE,COIL20,0.700462962962963,0.8112964880692245,0.6467365292047308,0.6846745925113233
PSF-CE,Caltech101-20,0.2608270466610785,0.3995215315830893,0.1516521328944845,0.20425389338094893
PSF-CE,Caltech101-20-MV,0.4800223526124616,0.6237168688727814,0.3620336174305557,0.4483661288072769
PSF-CE,Cardiotocography,0.4084352461586704,0.35808674691229064,0.18005573080551307,0.3589501098713876
PSF-CE,Chameleon,0.3227931488801054,0.0645215350884266,0.0473192878258633,0.2713430424915679
PSF-CE,CiteSeer,0.37882447665056357,0.1462536468546972,0.15655169477170705,0.31027547640510833
PSF-CE,Coauthor CS,0.6126656848306333,0.613138515972724,0.4951622729774036,0.5674509540488476
PSF-CE,Coauthor Physics,0.7787183873056369,0.5966274017387376,0.6934928343119755,0.6906839751023929
PSF-CE,Cora,0.48375184638109303,0.3613695087694788,0.258262019200098,0.3560416242662696
PSF-CE,CoraFull,0.3339059263375941,0.48808600392435536,0.2288447561331588,0.24401098312613856
PSF-CE,DBLP,0.8861227508010844,0.6715503255188654,0.7322139624754304,0.8803210443402639
PSF-CE,Extended Yale-B,0.09624413145539905,0.12473399086567964,0.014309642251677232,0.1020029019619097
PSF-CE,Handwritten,0.9485,0.9045647997037781,0.8902010491769499,0.9489746193655305
PSF-CE,Human Kidney,0.34984126984126984,0.2684961541480039,0.10567871299436553,0.2402473991823135
PSF-CE,IMDB,0.3548387096774193,0.0033648011099123,-0.0010244027338201917,0.30762915340148766
PSF-CE,Isolet,0.6089743589743589,0.050995534336719495,0.06293599500037977,0.5808517073304812
PSF-CE,LandUse-21,0.21555555555555553,0.31223272368558264,0.0997052096267092,0.1702196620400517
PSF-CE,Letter,0.27175,0.3858554789400645,0.1275770340212334,0.2830986294929166
PSF-CE,Leukemia,0.7083333333333334,0.1253125064853033,0.162077515013866,0.6950998185117966
PSF-CE,Leukemia2,0.601851851851852,0.46743271761603283,0.34445302044529186,0.49296730512535986
PSF-CE,MFeat-pix,0.8403333333333333,0.811533676421722,0.7499627551212971,0.8376429002589453
PSF-CE,MSRC-v1,0.7380952380952381,0.6801608102524233,0.5951039449060458,0.7049552207331033
PSF-CE,Movies617,0.12209616423554832,0.09990786659044537,0.006841197943334566,0.06107311049867903
PSF-CE,NGs,0.208,0.019240577854226334,4.78712361580198e-05,0.0829658156750414
PSF-CE,NUSWIDE-Object-2000,0.1688333333333333,0.16873379171811362,0.04400079375268917,0.11116621985956136
PSF-CE,ORL,0.6591666666666667,0.8383765883539679,0.46548510155805706,0.6555866589798875
PSF-CE,PubMed,0.5159845142093963,0.158854984438185,0.1119400391005031,0.43648021964514766
PSF-CE,Reuters,0.47244444444444444,0.20761171532570155,0.1682705703302574,0.21095083102887416
PSF-CE,Scene15,0.40527684875510955,0.4204060229486423,0.22841194566545633,0.3946131947862801
PSF-CE,Squirrel,0.23437800422995572,0.010062267095205966,0.004247195636062867,0.19053023526965648
PSF-CE,UMIST,0.41565217391304343,0.6054917776886062,0.2968953768756319,0.41097114870715884
PSF-CE,USPS3568,0.6742375081116158,0.6465863827808077,0.536683243173251,0.6107844241422171
PSF-CE,WebKB,0.780209324452902,0.0008822294415695,-0.001367446150206,0.4382683057188668
PSF-CE,WebKB-Cornell,0.34017094017094013,0.08488625666188143,0.023641611938271165,0.2808736162955726
PSF-CE,WebKB-Texas,0.4260249554367201,0.0400511331827437,0.035762309383478366,0.22075867882662492
PSF-CE,WebKB-Washington,0.44637681159420284,0.07478179678145187,0.05479467365053161,0.22968946559719447
PSF-CE,WebKB-Wisconsin,0.31320754716981125,0.0402667409298584,0.015176993102498698,0.2531821748988441
PSF-CE,Wiki,0.5053500814142824,0.4321343134664459,0.3235395708739252,0.48653395360910245
PSF-CE,WikiCS,0.4297638378486169,0.35511322534947815,0.24800146279496307,0.27505039743225485
PSF-CE,Worm Neuron,0.3388278388278388,0.22069259533670324,0.045257105834262436,0.261088415195277
PSF-CE w/o nonlinear filtering,100Leaves,0.8183333333333334,0.9239239831682132,0.6625868411660772,0.8096396874440397
PSF-CE w/o nonlinear filtering,10X PBMC,0.723952236010302,0.74853722015779,0.6379495079952943,0.4983618095062467
PSF-CE w/o nonlinear filtering,11_Tumors,0.5632183908045977,0.6016068137216731,0.38997171304172334,0.44872164392478675
PSF-CE w/o nonlinear filtering,3Sources,0.418145956607495,0.16881185172457316,0.004461136667841633,0.20562668185075886
PSF-CE w/o nonlinear filtering,ACM,0.6836363636363636,0.45714773199765046,0.41467571377468654,0.6902833162797247
PSF-CE w/o nonlinear filtering,ALOI,0.6929012345679012,0.8064550103868844,0.279534377034469,0.7173776879858084
PSF-CE w/o nonlinear filtering,Actor,0.2609210526315789,0.0008775698851171999,0.0010630493214675667,0.11655080878566894
PSF-CE w/o nonlinear filtering,Amazon Computers,0.5246509598603839,0.4522082274655153,0.300061975910044,0.5276730754678266
PSF-CE w/o nonlinear filtering,Amazon Photo,0.5913725490196078,0.540030459148087,0.3696944030404918,0.5210709522468585
PSF-CE w/o nonlinear filtering,BBC News Sport,0.4477611940298507,0.2612363459470592,0.10620436659109249,0.40743922069074845
PSF-CE w/o nonlinear filtering,BBC-MV,0.33041362530413615,0.0141642838176548,0.0018393328630827667,0.11472689999932294
PSF-CE w/o nonlinear filtering,BBCSport-MV,0.4889705882352941,0.254786142068991,0.0877308842181558,0.3456523235833356
PSF-CE w/o nonlinear filtering,COIL100,0.523287037037037,0.7852686367060059,0.4247972486002641,0.5001012351669223
PSF-CE w/o nonlinear filtering,COIL20,0.7002314814814815,0.8139632038767101,0.6508481095274762,0.6854103740250905
PSF-CE w/o nonlinear filtering,Caltech101-20,0.2608270466610785,0.3996663382269172,0.15067187765569048,0.2029965981479078
PSF-CE w/o nonlinear filtering,Caltech101-20-MV,0.48016205644034643,0.6243709995649885,0.36316343625664516,0.4484301791514191
PSF-CE w/o nonlinear filtering,Cardiotocography,0.4084352461586704,0.35817994091754807,0.18003024238158283,0.3590134742884587
PSF-CE w/o nonlinear filtering,Chameleon,0.3227931488801054,0.0645215350884266,0.0473192878258633,0.2713430424915679
PSF-CE w/o nonlinear filtering,CiteSeer,0.37882447665056357,0.14625364685469724,0.15655169477170705,0.30930122918660446
PSF-CE w/o nonlinear filtering,Coauthor CS,0.6126293205331006,0.613986466236594,0.4965352689661682,0.5678499049403043
PSF-CE w/o nonlinear filtering,Coauthor Physics,0.7768436107809314,0.5949569439494592,0.6899855050440332,0.6795040159225874
PSF-CE w/o nonlinear filtering,Cora,0.48375184638109303,0.36115673671306964,0.25799856448573294,0.35607788673713037
PSF-CE w/o nonlinear filtering,CoraFull,0.3318344869398272,0.48684938111437953,0.2274716437835748,0.2406689955923537
PSF-CE w/o nonlinear filtering,DBLP,0.8853011256264892,0.6705180537914974,0.7307403243538216,0.8794356924642849
PSF-CE w/o nonlinear filtering,Extended Yale-B,0.09624413145539905,0.12502269122719406,0.0144244172399801,0.10189390011277533
PSF-CE w/o nonlinear filtering,Handwritten,0.9485,0.9045463997735771,0.8901357636452456,0.9489840485118428
PSF-CE w/o nonlinear filtering,Human Kidney,0.3495238095238095,0.2677381412646245,0.10631529998604239,0.23824057306125365
PSF-CE w/o nonlinear filtering,IMDB,0.3548387096774193,0.003368230427138267,-0.0010326457085545915,0.3076615567049848
PSF-CE w/o nonlinear filtering,Isolet,0.6089743589743589,0.050995534336719495,0.06293599500037977,0.5808517073304812
PSF-CE w/o nonlinear filtering,LandUse-21,0.21571428571428566,0.31266646563174577,0.09834835369279016,0.1717414440742641
PSF-CE w/o nonlinear filtering,Letter,0.2743333333333333,0.3885909511411006,0.1297617795405042,0.28513237964970434
PSF-CE w/o nonlinear filtering,Leukemia,0.7083333333333334,0.1253125064853033,0.162077515013866,0.6950998185117966
PSF-CE w/o nonlinear filtering,Leukemia2,0.601851851851852,0.46743271761603283,0.34445302044529186,0.49296730512535986
PSF-CE w/o nonlinear filtering,MFeat-pix,0.8406666666666666,0.8119825804671735,0.7505412184453869,0.8380378798112783
PSF-CE w/o nonlinear filtering,MSRC-v1,0.7365079365079366,0.6766183269796441,0.5920441346490172,0.7035511848284894
PSF-CE w/o nonlinear filtering,Movies617,0.12155591572123174,0.09952227897832581,0.0068232518239419,0.0600206927804204
PSF-CE w/o nonlinear filtering,NGs,0.208,0.019240577854226334,4.78712361580198e-05,0.0829658156750414
PSF-CE w/o nonlinear filtering,NUSWIDE-Object-2000,0.16866666666666666,0.17044814483624973,0.044836476062084435,0.11114135998446843
PSF-CE w/o nonlinear filtering,ORL,0.6558333333333334,0.8375665035120577,0.46763928944506533,0.6507845967461257
PSF-CE w/o nonlinear filtering,PubMed,0.5159676083244578,0.15885636495146194,0.1119346082478836,0.4364709526463925
PSF-CE w/o nonlinear filtering,Reuters,0.4726666666666666,0.20719591847661778,0.16861687751195156,0.21092867638921073
PSF-CE w/o nonlinear filtering,Scene15,0.4057227796358231,0.42071523444512643,0.22869642011480354,0.39505077836919983
PSF-CE w/o nonlinear filtering,Squirrel,0.23431391399089915,0.010610336514197035,0.004304373676860466,0.19075107632133648
PSF-CE w/o nonlinear filtering,UMIST,0.42144927536231885,0.6095922252668655,0.30077811852000175,0.41813229317830397
PSF-CE w/o nonlinear filtering,USPS3568,0.6740211983560459,0.6463054475181398,0.5361766739089943,0.6106358113764809
PSF-CE w/o nonlinear filtering,WebKB,0.780209324452902,0.0008822294415695,-0.001367446150206,0.4382683057188668
PSF-CE w/o nonlinear filtering,WebKB-Cornell,0.34017094017094013,0.08488625666188143,0.023641611938271165,0.2808736162955726
PSF-CE w/o nonlinear filtering,WebKB-Texas,0.4260249554367201,0.03985720888603513,0.03462747389785243,0.21906233285899324
PSF-CE w/o nonlinear filtering,WebKB-Washington,0.44637681159420284,0.07478179678145187,0.05479467365053161,0.22968946559719447
PSF-CE w/o nonlinear filtering,WebKB-Wisconsin,0.31320754716981125,0.0402667409298584,0.015176993102498698,0.24836306509625775
PSF-CE w/o nonlinear filtering,Wiki,0.5059316120027914,0.4312598915516859,0.3232599127810056,0.4868382849094268
PSF-CE w/o nonlinear filtering,WikiCS,0.4295644246930461,0.3550396019048269,0.2478824626716923,0.27495213211960773
PSF-CE w/o nonlinear filtering,Worm Neuron,0.34352603917821306,0.23009646320162036,0.048759181448731294,0.26967648670301303
w/o interaction,100Leaves,0.8183333333333334,0.9239239831682132,0.6625868411660772,0.8096396874440397
w/o interaction,10X PBMC,0.723952236010302,0.74853722015779,0.6379495079952943,0.4983618095062467
w/o interaction,11_Tumors,0.5632183908045977,0.6016068137216731,0.38997171304172334,0.44872164392478675
w/o interaction,3Sources,0.418145956607495,0.16881185172457316,0.004461136667841633,0.20562668185075886
w/o interaction,ACM,0.6836363636363636,0.45714773199765046,0.41467571377468654,0.6902833162797247
w/o interaction,ALOI,0.6929012345679012,0.8064550103868844,0.279534377034469,0.7173776879858084
w/o interaction,Actor,0.2609210526315789,0.0008775698851171999,0.0010630493214675667,0.11655080878566894
w/o interaction,Amazon Computers,0.5246509598603839,0.4522082274655153,0.300061975910044,0.5276730754678266
w/o interaction,Amazon Photo,0.5913725490196078,0.540030459148087,0.3696944030404918,0.5210709522468585
w/o interaction,BBC News Sport,0.45680687471732245,0.2990739197464176,0.14119166610786305,0.4232844789713423
w/o interaction,BBC-MV,0.33041362530413615,0.0141642838176548,0.0018393328630827667,0.11472689999932294
w/o interaction,BBCSport-MV,0.4889705882352941,0.254786142068991,0.0877308842181558,0.3456523235833356
w/o interaction,COIL100,0.523287037037037,0.7852686367060059,0.4247972486002641,0.5001012351669222
w/o interaction,COIL20,0.7002314814814815,0.8139632038767101,0.6508481095274762,0.6854103740250905
w/o interaction,Caltech101-20,0.2668343112601285,0.4015565419595268,0.1560765167573667,0.20995075423707363
w/o interaction,Caltech101-20-MV,0.48016205644034643,0.6243709995649885,0.36316343625664516,0.4484301791514191
w/o interaction,Cardiotocography,0.4084352461586704,0.35817994091754807,0.18003024238158283,0.3590134742884587
w/o interaction,Chameleon,0.3227931488801054,0.06452153508842656,0.0473192878258633,0.2713430424915679
w/o interaction,CiteSeer,0.37882447665056357,0.14625364685469724,0.15655169477170705,0.30930122918660446
w/o interaction,Coauthor CS,0.6126293205331006,0.613986466236594,0.4965352689661682,0.5678499049403043
w/o interaction,Coauthor Physics,0.7785830941543694,0.5969010985291847,0.6913257701430475,0.6815813045763998
w/o interaction,Cora,0.48375184638109303,0.36115673671306964,0.25799856448573294,0.35607788673713037
w/o interaction,CoraFull,0.3318344869398272,0.48684938111437953,0.2274716437835748,0.2406689955923537
w/o interaction,DBLP,0.8848903130391915,0.6698998674642839,0.7294935986177995,0.8792112193763121
w/o interaction,Extended Yale-B,0.09624413145539905,0.12502269122719406,0.0144244172399801,0.10189390011277533
w/o interaction,Handwritten,0.9485,0.9050302513680274,0.8905529177135296,0.9488926388411826
w/o interaction,Human Kidney,0.3522222222222222,0.26690840226984264,0.10674971442236797,0.24161062038089057
w/o interaction,IMDB,0.3548387096774193,0.003368230427138267,-0.0010326457085545915,0.3076615567049848
w/o interaction,Isolet,0.6072649572649572,0.04889369996919587,0.06016949122984721,0.5791608155147184
w/o interaction,LandUse-21,0.21571428571428566,0.31266646563174577,0.09834835369279016,0.1717414440742641
w/o interaction,Letter,0.2718,0.39005602003309864,0.13050072566722673,0.2845548692692691
w/o interaction,Leukemia,0.7083333333333334,0.1253125064853033,0.162077515013866,0.6950998185117966
w/o interaction,Leukemia2,0.601851851851852,0.46743271761603283,0.34445302044529186,0.49296730512535986
w/o interaction,MFeat-pix,0.7888333333333334,0.7993693369038158,0.7172204097790096,0.7843399659526121
w/o interaction,MSRC-v1,0.7365079365079366,0.6766183269796441,0.5920441346490172,0.7035511848284894
w/o interaction,Movies617,0.12155591572123174,0.09952227897832581,0.0068232518239419,0.0600206927804204
w/o interaction,NGs,0.208,0.019240577854226334,4.78712361580198e-05,0.0829658156750414
w/o interaction,NUSWIDE-Object-2000,0.16866666666666666,0.17044814483624973,0.044836476062084435,0.11114135998446843
w/o interaction,ORL,0.6558333333333334,0.8375665035120577,0.46763928944506533,0.6507845967461257
w/o interaction,PubMed,0.5159676083244578,0.15885636495146194,0.1119346082478836,0.4364709526463925
w/o interaction,Reuters,0.4726666666666666,0.20719591847661778,0.16861687751195156,0.21092867638921073
w/o interaction,Scene15,0.4057227796358231,0.42071523444512643,0.22869642011480354,0.39505077836919983
w/o interaction,Squirrel,0.23431391399089915,0.010610336514197035,0.004304373676860466,0.19075107632133648
w/o interaction,UMIST,0.42144927536231885,0.6095922252668655,0.30077811852000175,0.41813229317830397
w/o interaction,USPS3568,0.6744538178671858,0.6377045796041213,0.5336935120181029,0.6098457637604731
w/o interaction,WebKB,0.780209324452902,0.0008822294415695,-0.001367446150206,0.4382683057188668
w/o interaction,WebKB-Cornell,0.335042735042735,0.08257164589633283,0.022960730542831032,0.27872447042317033
w/o interaction,WebKB-Texas,0.4260249554367201,0.03985720888603513,0.03462747389785243,0.21906233285899324
w/o interaction,WebKB-Washington,0.44637681159420284,0.07478179678145187,0.05479467365053161,0.22968946559719447
w/o interaction,WebKB-Wisconsin,0.31320754716981125,0.0402667409298584,0.015176993102498698,0.24836306509625775
w/o interaction,Wiki,0.5059316120027914,0.4312598915516859,0.3232599127810056,0.4868382849094268
w/o interaction,WikiCS,0.4295644246930461,0.3550396019048269,0.2478824626716923,0.27495213211960773
w/o interaction,Worm Neuron,0.3487020226150661,0.23754238590086416,0.0505541663550035,0.2770545620383548
