dataset,pool,method,method_role,status,n,target_c,M,returned_k,ACC,NMI,ARI,F1,true_label_source_file_sha256,true_labels_sha256_int32_c,prediction_file_sha256,prediction_labels_sha256_int32_c,revision_protocol_id
BBC News Sport,0,MCLA,external,AVAILABLE,737,5,20,5,0.37720488466757124,0.18913996756869794,0.06339974130958899,0.27021726894067316,730b6843fb81cafa554c498f1ed602dce46cf2753b7c01f76201c1ed3f8f2be4,cd0404aaa637c415c8083128d6516f5aed21e5bacba39cc32c02fce443448d94,5e51cfe6069e7fb96f616ff1fed693695871a50122bb5a5794cae4d9117a025f,a377b038b2ca16bfc9130c82ee2046b474cef825d516c288bfa3ba337ada6e45,PSFCE-REVISED-CORE10-REPLACEMENT-20260921-V1
BBC News Sport,0,HBGF,external,AVAILABLE,737,5,20,5,0.41383989145183175,0.22959722959581821,0.15104380589020494,0.417769530910729,730b6843fb81cafa554c498f1ed602dce46cf2753b7c01f76201c1ed3f8f2be4,cd0404aaa637c415c8083128d6516f5aed21e5bacba39cc32c02fce443448d94,7e2b656f3da2f07d2dab8783ad973926b133a55b603659a7750a6c028fd2c8a0,52b6adc6bf6a935655aef4a5dd428cd4df3c180d112614e6379822c3290dcbb8,PSFCE-REVISED-CORE10-REPLACEMENT-20260921-V1
BBC News Sport,0,CEHM,external,AVAILABLE,737,5,20,5,0.38670284938941657,0.12601699985153342,0.017434246231957502,0.20610818588779659,730b6843fb81cafa554c498f1ed602dce46cf2753b7c01f76201c1ed3f8f2be4,cd0404aaa637c415c8083128d6516f5aed21e5bacba39cc32c02fce443448d94,41e754877bbfe1f4b25865492ed48ccf87143dc2c713f95960c0a5bdbbc7e7be,62441224b8cd5af359a8a90a53b964760c3f23bbc4c0e4ebe5b5ad94cc0566d6,PSFCE-REVISED-CORE10-REPLACEMENT-20260921-V1
BBC News Sport,0,YACHT,external,AVAILABLE,737,5,20,5,0.5264586160108549,0.3281237158009385,0.2283127897743436,0.5586996945119511,730b6843fb81cafa554c498f1ed602dce46cf2753b7c01f76201c1ed3f8f2be4,cd0404aaa637c415c8083128d6516f5aed21e5bacba39cc32c02fce443448d94,d20e9824444deb964336b0f1536fce4ceec3d14308b26b987c3afc54c00a4176,807335422b7ae51a5bde96b5ba5f9a52846399406ec0ed9e0b88d55265acfa3e,PSFCE-REVISED-CORE10-REPLACEMENT-20260921-V1
BBC News Sport,0,RANGE,external,AVAILABLE,737,5,20,5,0.5318860244233379,0.3588382569223098,0.24389080103723756,0.5649944373754865,730b6843fb81cafa554c498f1ed602dce46cf2753b7c01f76201c1ed3f8f2be4,cd0404aaa637c415c8083128d6516f5aed21e5bacba39cc32c02fce443448d94,63e1725a18ec723b41f61f15384bc0e521c266d9b25739695fa6973495a9c1f5,fd78ca89c42234d5c0103490922ed8d2dd83ce2eb413caa976de0dec287ce000,PSFCE-REVISED-CORE10-REPLACEMENT-20260921-V1
BBC News Sport,0,GPEC,external,AVAILABLE,737,5,20,5,0.4355495251017639,0.23899592467285802,0.09686566469530145,0.45598053263593014,730b6843fb81cafa554c498f1ed602dce46cf2753b7c01f76201c1ed3f8f2be4,cd0404aaa637c415c8083128d6516f5aed21e5bacba39cc32c02fce443448d94,0cad7a8994e77238f5b40d0550de9d306987e303f6fb12056ea7e6c57daf52e6,95419f135e035853c9e8b01734e5aa24d6d0ff8a8cee6d4f11dd27fdfaaae865,PSFCE-REVISED-CORE10-REPLACEMENT-20260921-V1
BBC News Sport,0,PSF-CE,ours,AVAILABLE,737,5,20,5,0.37449118046132973,0.18967445429725954,0.05094200232211933,0.31916291414646086,730b6843fb81cafa554c498f1ed602dce46cf2753b7c01f76201c1ed3f8f2be4,cd0404aaa637c415c8083128d6516f5aed21e5bacba39cc32c02fce443448d94,1e91f179736d3c7d264cee3bf41d407b4fa831fb440fd15f925366b5b61fb2f3,619f9547c376de30cf58fc659420283686ce2ba21b274713a3409bba4673d36f,PSFCE-REVISED-CORE10-REPLACEMENT-20260921-V1
BBC News Sport,1,MCLA,external,AVAILABLE,737,5,20,5,0.49525101763907736,0.3367929311095853,0.15304443453867594,0.5159656529611553,0d8f31aad19a96dbc4b5cd0c884fb0f3679215daeb74c0b0b46dd273e7b23ea8,cd0404aaa637c415c8083128d6516f5aed21e5bacba39cc32c02fce443448d94,0ff5b65d20da3f7f8b293b7df1619c93cb5a1d68a6a3375ff06ff80bceed4f29,edb35ef516c02f3aee27b31e8aba9601895823053f3985eda9bd4a3287742559,PSFCE-REVISED-CORE10-REPLACEMENT-20260921-V1
BBC News Sport,1,HBGF,external,AVAILABLE,737,5,20,5,0.4735413839891452,0.25643534920655203,0.15914739055286067,0.4828772931088475,0d8f31aad19a96dbc4b5cd0c884fb0f3679215daeb74c0b0b46dd273e7b23ea8,cd0404aaa637c415c8083128d6516f5aed21e5bacba39cc32c02fce443448d94,a8b8232ecd66bcf5659e18fc5e1f2783dd19b365bb94f4d7673de3da1aa560b9,521e61525a6246b83007040e3ff39d8d8e0cc3ed507c1507c23a8e9f43944cc6,PSFCE-REVISED-CORE10-REPLACEMENT-20260921-V1
BBC News Sport,1,CEHM,external,AVAILABLE,737,5,20,5,0.43826322930800543,0.21660358138341299,0.04603114625400289,0.3144620234136021,0d8f31aad19a96dbc4b5cd0c884fb0f3679215daeb74c0b0b46dd273e7b23ea8,cd0404aaa637c415c8083128d6516f5aed21e5bacba39cc32c02fce443448d94,ac0cb2087ca4c1cced3709c340620e0b19b7b5d04a0306eac179063d07ff79fa,a88141ba24cf9724a57b0dd59b650297a862abfc595f704077072864a0373ed2,PSFCE-REVISED-CORE10-REPLACEMENT-20260921-V1
BBC News Sport,1,YACHT,external,AVAILABLE,737,5,20,5,0.5156037991858887,0.36435883532262686,0.21216840609826176,0.5568370515396905,0d8f31aad19a96dbc4b5cd0c884fb0f3679215daeb74c0b0b46dd273e7b23ea8,cd0404aaa637c415c8083128d6516f5aed21e5bacba39cc32c02fce443448d94,c47b95c87a7c4a0ebde354f64682808b2f324fbaaa2fa7a0bbace8e63ad8bd1c,04daf4fa0d684f8e52ef70fd1527aa48d2695aad932875e2696eb046e5dd457e,PSFCE-REVISED-CORE10-REPLACEMENT-20260921-V1
BBC News Sport,1,RANGE,external,AVAILABLE,737,5,20,5,0.5671641791044776,0.43487973322687995,0.26964746101810455,0.6282690640756141,0d8f31aad19a96dbc4b5cd0c884fb0f3679215daeb74c0b0b46dd273e7b23ea8,cd0404aaa637c415c8083128d6516f5aed21e5bacba39cc32c02fce443448d94,248cc17ffdfa454c9d993b21e34c9ca9217442868ee779fe846083f37fe423ce,fcd8bf6ed8796107dfa7185088f52103f01e3d5420c5639e1fe44bb8f3665dfb,PSFCE-REVISED-CORE10-REPLACEMENT-20260921-V1
BBC News Sport,1,GPEC,external,AVAILABLE,737,5,20,5,0.45725915875169604,0.2902160745113644,0.1122425657624124,0.48854228000246974,0d8f31aad19a96dbc4b5cd0c884fb0f3679215daeb74c0b0b46dd273e7b23ea8,cd0404aaa637c415c8083128d6516f5aed21e5bacba39cc32c02fce443448d94,a8a3ebce1ce9d37e017b36abf6c94a342cd20bfa746c4c6609ab6edad70aac41,7b15cb274ab7273f052c5ff60899a50197c0470399696e4f113b90c478a238fd,PSFCE-REVISED-CORE10-REPLACEMENT-20260921-V1
BBC News Sport,1,PSF-CE,ours,AVAILABLE,737,5,20,5,0.4355495251017639,0.2667994590857897,0.083255310414426,0.4064837862727174,0d8f31aad19a96dbc4b5cd0c884fb0f3679215daeb74c0b0b46dd273e7b23ea8,cd0404aaa637c415c8083128d6516f5aed21e5bacba39cc32c02fce443448d94,726be4c46d4a83e29e1fde2990ac1a938750e6e54dd8d40c13367266f786f98b,564f5c93f15ccfd29969fded2f78dcfddbd4dc8bb79ccaf222eb95afb129be33,PSFCE-REVISED-CORE10-REPLACEMENT-20260921-V1
BBC News Sport,2,MCLA,external,AVAILABLE,737,5,20,5,0.4626865671641791,0.3364496888064087,0.17110325954649977,0.4447001679823345,1a60783054101d61bd713be9cc2060f8db605d9c18a691230a117f699f1dccb6,cd0404aaa637c415c8083128d6516f5aed21e5bacba39cc32c02fce443448d94,d3fc3cf61bf783bedfbf4c500335c8feb54e3c86121f04328522786334734f3e,33078e0a30fe82ce6ef755f1223386d8ec1b07f59ca1340e1c26dc0a2f143486,PSFCE-REVISED-CORE10-REPLACEMENT-20260921-V1
BBC News Sport,2,HBGF,external,AVAILABLE,737,5,20,5,0.45047489823609227,0.29204660054875414,0.1887337631787331,0.4648885874107752,1a60783054101d61bd713be9cc2060f8db605d9c18a691230a117f699f1dccb6,cd0404aaa637c415c8083128d6516f5aed21e5bacba39cc32c02fce443448d94,f6c9bd2905a8cb519982456d530bfb7794bc9260af08082931c31fb68d0ee4fd,c5e7f1f198b97d0f61fb952a1f80d25d0b9b3abfb2bb445ae2d14b5e1229ec89,PSFCE-REVISED-CORE10-REPLACEMENT-20260921-V1
BBC News Sport,2,CEHM,external,AVAILABLE,737,5,20,5,0.42469470827679784,0.17571807420681856,0.03821784858341868,0.2551571436783852,1a60783054101d61bd713be9cc2060f8db605d9c18a691230a117f699f1dccb6,cd0404aaa637c415c8083128d6516f5aed21e5bacba39cc32c02fce443448d94,6c8daa00ec6f64719a39277fb245ff6a4072c3456cb2ee69e68006e84b0a8ce2,1628afda5117d64d956b24b24f9523157ec829acda0c8ec776d95030edef2785,PSFCE-REVISED-CORE10-REPLACEMENT-20260921-V1
BBC News Sport,2,YACHT,external,AVAILABLE,737,5,20,5,0.45454545454545453,0.3309027520976011,0.20060713258255553,0.4830117530620995,1a60783054101d61bd713be9cc2060f8db605d9c18a691230a117f699f1dccb6,cd0404aaa637c415c8083128d6516f5aed21e5bacba39cc32c02fce443448d94,673bdb80e44a966c33c8975c1913bfb9e141690fcd85e9cf42adf470fe478cfd,764d1c8948eb73e1d6fae818c65c88ba46eaf34c4904ba0e6522323aefb7bd9b,PSFCE-REVISED-CORE10-REPLACEMENT-20260921-V1
BBC News Sport,2,RANGE,external,AVAILABLE,737,5,20,5,0.46675712347354137,0.3408503471055089,0.20821735742087857,0.49296279097167944,1a60783054101d61bd713be9cc2060f8db605d9c18a691230a117f699f1dccb6,cd0404aaa637c415c8083128d6516f5aed21e5bacba39cc32c02fce443448d94,0d0f31f9eb0bdf1eeb52df5c1d77e315d10489d98edff57d27c4a667173f22b0,ffd8c30c7e89e9c0aeda8070c66b1e9fec04bc19ee142294e2be811a4ccde5c0,PSFCE-REVISED-CORE10-REPLACEMENT-20260921-V1
BBC News Sport,2,GPEC,external,AVAILABLE,737,5,20,5,0.5671641791044776,0.3814471954839933,0.23541685875498136,0.5874014028168991,1a60783054101d61bd713be9cc2060f8db605d9c18a691230a117f699f1dccb6,cd0404aaa637c415c8083128d6516f5aed21e5bacba39cc32c02fce443448d94,f855e04285892189bb56228cfc81bee8de3f5a493cc78ba9bfd71b828e23f75c,b21ddb994bbcf0f8d65b947ef9ef1d1839db45b66ff84735c0e73f5ebdfa9201,PSFCE-REVISED-CORE10-REPLACEMENT-20260921-V1
BBC News Sport,2,PSF-CE,ours,AVAILABLE,737,5,20,5,0.3989145183175034,0.1690014928410016,0.05327858570834538,0.3086372969326066,1a60783054101d61bd713be9cc2060f8db605d9c18a691230a117f699f1dccb6,cd0404aaa637c415c8083128d6516f5aed21e5bacba39cc32c02fce443448d94,666ce7d760a803d5f7416c093d3d786aa968316ac4c3f7e25fe42fdce4948d72,6064fb0a3b70665395b8aeea430d4bfd2760e534df8c4d0bed34106a5dd21071,PSFCE-REVISED-CORE10-REPLACEMENT-20260921-V1
Leukemia,0,MCLA,external,AVAILABLE,72,2,20,2,0.7083333333333334,0.12531250648530332,0.16207751501386602,0.6950998185117967,ddfe734d8536b78098385371894e671a0de4574e6604b73bc80b4f3bac70e687,1fc1adc72726de1f8a507dfb0acc7f6cce24e1f046232148da44b79c65540446,c4b2e05d4a0dc9391136c2e24335259af3439c9b1cebe4c0c492dd4f0417acd0,ad6ee3e0167eeac6938c986d95e930a3ac4afcf95f739aff830d7c0ed9fef828,PSFCE-REVISED-CORE10-REPLACEMENT-20260921-V1
Leukemia,0,HBGF,external,AVAILABLE,72,2,20,2,0.7222222222222222,0.15089167046893165,0.18669009081446644,0.7113071371291099,ddfe734d8536b78098385371894e671a0de4574e6604b73bc80b4f3bac70e687,1fc1adc72726de1f8a507dfb0acc7f6cce24e1f046232148da44b79c65540446,44de918c8d83bd8c861de1505564e7436be27738de90fbf97a3646ec7885c90a,acdb8c457fbf5c670303f4cc3cc1fa695d76df49cf1e0d34e1e3aa50d48c6afc,PSFCE-REVISED-CORE10-REPLACEMENT-20260921-V1
Leukemia,0,CEHM,external,AVAILABLE,72,2,20,2,0.7083333333333334,0.12531250648530332,0.16207751501386602,0.6950998185117967,ddfe734d8536b78098385371894e671a0de4574e6604b73bc80b4f3bac70e687,1fc1adc72726de1f8a507dfb0acc7f6cce24e1f046232148da44b79c65540446,7c6d335f179d81447f01f7699aa90c9cd4ac2a80fac66397ff08b8d6c5be9c8a,6301cbd0e4c30dfe00e7cdf10b0c6caa152a64d8764191fb4e73f149629e0d21,PSFCE-REVISED-CORE10-REPLACEMENT-20260921-V1
Leukemia,0,YACHT,external,AVAILABLE,72,2,20,2,0.5277777777777778,0.01602197826279699,-0.01498713728527565,0.5274131274131274,ddfe734d8536b78098385371894e671a0de4574e6604b73bc80b4f3bac70e687,1fc1adc72726de1f8a507dfb0acc7f6cce24e1f046232148da44b79c65540446,0ad3feccca4549460f477f11d5354608fe0ae02a68924a6e1637adf42ca9a4a5,1d96a329904f0f91e56c4a9cc2f70882c4bdf144d94e6b0b497bf58febea0635,PSFCE-REVISED-CORE10-REPLACEMENT-20260921-V1
Leukemia,0,RANGE,external,AVAILABLE,72,2,20,2,0.7083333333333334,0.12531250648530332,0.16207751501386602,0.6950998185117967,ddfe734d8536b78098385371894e671a0de4574e6604b73bc80b4f3bac70e687,1fc1adc72726de1f8a507dfb0acc7f6cce24e1f046232148da44b79c65540446,0421289046defb0955f960ce11547ca50227d4d0a07adbe711778fa64b41fd3b,6301cbd0e4c30dfe00e7cdf10b0c6caa152a64d8764191fb4e73f149629e0d21,PSFCE-REVISED-CORE10-REPLACEMENT-20260921-V1
Leukemia,0,GPEC,external,AVAILABLE,72,2,20,2,0.7083333333333334,0.12531250648530332,0.16207751501386602,0.6950998185117967,ddfe734d8536b78098385371894e671a0de4574e6604b73bc80b4f3bac70e687,1fc1adc72726de1f8a507dfb0acc7f6cce24e1f046232148da44b79c65540446,522c654554f6f664e478dc2ff3bf149b4aa6a8b848fc5d6b91d58d6caa4b0d77,5be51848776b1fe2769b5680b939e45e49717467cbf6cf3d6162c664db98c229,PSFCE-REVISED-CORE10-REPLACEMENT-20260921-V1
Leukemia,0,PSF-CE,ours,AVAILABLE,72,2,20,2,0.7083333333333334,0.12531250648530332,0.16207751501386602,0.6950998185117967,ddfe734d8536b78098385371894e671a0de4574e6604b73bc80b4f3bac70e687,1fc1adc72726de1f8a507dfb0acc7f6cce24e1f046232148da44b79c65540446,a38945cb9b728d11c0db4cc2ed1dace00175f79c43be79e256f628bee76ab6dc,ad6ee3e0167eeac6938c986d95e930a3ac4afcf95f739aff830d7c0ed9fef828,PSFCE-REVISED-CORE10-REPLACEMENT-20260921-V1
Leukemia,1,MCLA,external,AVAILABLE,72,2,20,2,0.7083333333333334,0.12531250648530332,0.16207751501386602,0.6950998185117967,3d2168b1cfe953557c64188bf2950f386f4868e047b00d32027d3e8cf4eccd49,1fc1adc72726de1f8a507dfb0acc7f6cce24e1f046232148da44b79c65540446,fe2dbf16149c399d46acf4f8b643cf04d4eaa212f551f77048c3d629f42e1c31,6301cbd0e4c30dfe00e7cdf10b0c6caa152a64d8764191fb4e73f149629e0d21,PSFCE-REVISED-CORE10-REPLACEMENT-20260921-V1
Leukemia,1,HBGF,external,AVAILABLE,72,2,20,2,0.7083333333333334,0.12531250648530332,0.16207751501386602,0.6950998185117967,3d2168b1cfe953557c64188bf2950f386f4868e047b00d32027d3e8cf4eccd49,1fc1adc72726de1f8a507dfb0acc7f6cce24e1f046232148da44b79c65540446,da31d5a4639a22354b488daf0a6a5988132aec94b46a0f3621ba9c88d94c6a5c,6301cbd0e4c30dfe00e7cdf10b0c6caa152a64d8764191fb4e73f149629e0d21,PSFCE-REVISED-CORE10-REPLACEMENT-20260921-V1
Leukemia,1,CEHM,external,AVAILABLE,72,2,20,2,0.7083333333333334,0.12531250648530332,0.16207751501386602,0.6950998185117967,3d2168b1cfe953557c64188bf2950f386f4868e047b00d32027d3e8cf4eccd49,1fc1adc72726de1f8a507dfb0acc7f6cce24e1f046232148da44b79c65540446,f7b05119590a6b7fd3db7cd9789f6d1cc5c4d3c9f33d1efdba4764dc67f523e7,6301cbd0e4c30dfe00e7cdf10b0c6caa152a64d8764191fb4e73f149629e0d21,PSFCE-REVISED-CORE10-REPLACEMENT-20260921-V1
Leukemia,1,YACHT,external,AVAILABLE,72,2,20,2,0.7083333333333334,0.12531250648530332,0.16207751501386602,0.6950998185117967,3d2168b1cfe953557c64188bf2950f386f4868e047b00d32027d3e8cf4eccd49,1fc1adc72726de1f8a507dfb0acc7f6cce24e1f046232148da44b79c65540446,ae17ca6ef08c06238fb49079d6d072466e80170e83c20f1ffa2d8ca9faafef1a,ad6ee3e0167eeac6938c986d95e930a3ac4afcf95f739aff830d7c0ed9fef828,PSFCE-REVISED-CORE10-REPLACEMENT-20260921-V1
Leukemia,1,RANGE,external,AVAILABLE,72,2,20,2,0.6527777777777778,0.07892504742452423,0.08163714622252066,0.6444795575745605,3d2168b1cfe953557c64188bf2950f386f4868e047b00d32027d3e8cf4eccd49,1fc1adc72726de1f8a507dfb0acc7f6cce24e1f046232148da44b79c65540446,a5140a453fd34f0154b3188a4f84060a9aadfe41437e5cee39d6444e82ae0e37,a962ba8bdcf089030a298a238a93cb623e2d6074178e2f7b26ceae3f60d66a94,PSFCE-REVISED-CORE10-REPLACEMENT-20260921-V1
Leukemia,1,GPEC,external,AVAILABLE,72,2,20,2,0.7083333333333334,0.12531250648530332,0.16207751501386602,0.6950998185117967,3d2168b1cfe953557c64188bf2950f386f4868e047b00d32027d3e8cf4eccd49,1fc1adc72726de1f8a507dfb0acc7f6cce24e1f046232148da44b79c65540446,c6b22f68b631078c0b83eb667b7fff0ad80e7aa4ee809ecd87cff21e47828ad7,5be51848776b1fe2769b5680b939e45e49717467cbf6cf3d6162c664db98c229,PSFCE-REVISED-CORE10-REPLACEMENT-20260921-V1
Leukemia,1,PSF-CE,ours,AVAILABLE,72,2,20,2,0.7083333333333334,0.12531250648530332,0.16207751501386602,0.6950998185117967,3d2168b1cfe953557c64188bf2950f386f4868e047b00d32027d3e8cf4eccd49,1fc1adc72726de1f8a507dfb0acc7f6cce24e1f046232148da44b79c65540446,a44b0155f41e49d89fdf05d636c236d07f6e09b96e27f917ce29f7af350d22f0,ad6ee3e0167eeac6938c986d95e930a3ac4afcf95f739aff830d7c0ed9fef828,PSFCE-REVISED-CORE10-REPLACEMENT-20260921-V1
Leukemia,2,MCLA,external,AVAILABLE,72,2,20,2,0.7222222222222222,0.15089167046893165,0.18669009081446644,0.7113071371291099,e70f27de72593649913c0537c2e8331807cbbefb1ba92df3992786df11cc6d35,1fc1adc72726de1f8a507dfb0acc7f6cce24e1f046232148da44b79c65540446,5daf09c79ad71e459f182842e401e37e92eaf6b34987acf4363b27e614d21631,db2d3e75b1e77f7906fd041140836dc0775354873a351944286dc490f3c4326e,PSFCE-REVISED-CORE10-REPLACEMENT-20260921-V1
Leukemia,2,HBGF,external,AVAILABLE,72,2,20,2,0.7222222222222222,0.15089167046893165,0.18669009081446644,0.7113071371291099,e70f27de72593649913c0537c2e8331807cbbefb1ba92df3992786df11cc6d35,1fc1adc72726de1f8a507dfb0acc7f6cce24e1f046232148da44b79c65540446,70a69e806e2ee59ea428c423309a70f0e95c1a574eaf15abd4701f3287d9e958,acdb8c457fbf5c670303f4cc3cc1fa695d76df49cf1e0d34e1e3aa50d48c6afc,PSFCE-REVISED-CORE10-REPLACEMENT-20260921-V1
Leukemia,2,CEHM,external,AVAILABLE,72,2,20,2,0.7083333333333334,0.12531250648530332,0.16207751501386602,0.6950998185117967,e70f27de72593649913c0537c2e8331807cbbefb1ba92df3992786df11cc6d35,1fc1adc72726de1f8a507dfb0acc7f6cce24e1f046232148da44b79c65540446,6e1d5a3180d38706a7707d3849fd73a07f5e87b1978097736a1aa4080173fd6e,ad6ee3e0167eeac6938c986d95e930a3ac4afcf95f739aff830d7c0ed9fef828,PSFCE-REVISED-CORE10-REPLACEMENT-20260921-V1
Leukemia,2,YACHT,external,AVAILABLE,72,2,20,2,0.5416666666666666,0.02068814902456983,-0.009972085529054752,0.5408695652173914,e70f27de72593649913c0537c2e8331807cbbefb1ba92df3992786df11cc6d35,1fc1adc72726de1f8a507dfb0acc7f6cce24e1f046232148da44b79c65540446,7825399a368f759499fc41ef47dfd9babb94dd9c10e232daa2613b7e3c51f72c,921581c27b4a6606596cee915ae3a5036d6703cbc4fc81f75787b1fc20b73ac9,PSFCE-REVISED-CORE10-REPLACEMENT-20260921-V1
Leukemia,2,RANGE,external,AVAILABLE,72,2,20,2,0.6527777777777778,0.07892504742452423,0.08163714622252066,0.6444795575745605,e70f27de72593649913c0537c2e8331807cbbefb1ba92df3992786df11cc6d35,1fc1adc72726de1f8a507dfb0acc7f6cce24e1f046232148da44b79c65540446,172b0ebf7264568ebfe77642f891aacc4ac35fa0dbe69daa929411c186fa4ac5,a962ba8bdcf089030a298a238a93cb623e2d6074178e2f7b26ceae3f60d66a94,PSFCE-REVISED-CORE10-REPLACEMENT-20260921-V1
Leukemia,2,GPEC,external,AVAILABLE,72,2,20,2,0.6527777777777778,0.07892504742452423,0.08163714622252066,0.6444795575745605,e70f27de72593649913c0537c2e8331807cbbefb1ba92df3992786df11cc6d35,1fc1adc72726de1f8a507dfb0acc7f6cce24e1f046232148da44b79c65540446,3dcb1f8c63c7cd733a27e1c731c61f2665ed150002f841ca9eb3b1b923b568ac,b5dfa90211caa859ea9aca522a041ef578520e1d0c24a0c7c7f16c4075d5cd1e,PSFCE-REVISED-CORE10-REPLACEMENT-20260921-V1
Leukemia,2,PSF-CE,ours,AVAILABLE,72,2,20,2,0.7083333333333334,0.12531250648530332,0.16207751501386602,0.6950998185117967,e70f27de72593649913c0537c2e8331807cbbefb1ba92df3992786df11cc6d35,1fc1adc72726de1f8a507dfb0acc7f6cce24e1f046232148da44b79c65540446,a4bd0730c3fb0ac185cfebe4d945bf67f1b2cf4e40687d266ef6d142ffc39cd0,ad6ee3e0167eeac6938c986d95e930a3ac4afcf95f739aff830d7c0ed9fef828,PSFCE-REVISED-CORE10-REPLACEMENT-20260921-V1
Caltech101-20,0,MCLA,external,AVAILABLE,2386,20,20,20,0.26906957250628666,0.4123006511622987,0.17494805442810907,0.21806366592775048,ab104791b10bab62426cb73bf2601e3e8307c78fe26f9a1f3770042940a263d4,b3c88efbded318a5fff3bf19cc3e4500379e577967a51a3b7ea3582bfefe1a97,71c8ff8aad7b692bb6061a00132911bba039d4663e0ce90626557b5043defb8f,dbbcd6ff5f59f9dbece41439e03cb1e793c1762f553fe8559ea7602ae58f9b7d,PSFCE-REVISED-CORE10-REPLACEMENT-20260921-V1
Caltech101-20,0,HBGF,external,AVAILABLE,2386,20,20,20,0.2598491198658843,0.366462314115729,0.14480096990426344,0.21689459375338319,ab104791b10bab62426cb73bf2601e3e8307c78fe26f9a1f3770042940a263d4,b3c88efbded318a5fff3bf19cc3e4500379e577967a51a3b7ea3582bfefe1a97,0b2476ee571045f9a59ac574975d41444584432c59ecfc7a5bcd58973dace520,38f38e7cdcc57084add191348e91dd026c1acee73937ac8047f0e7ceb0c29695,PSFCE-REVISED-CORE10-REPLACEMENT-20260921-V1
Caltech101-20,0,CEHM,external,AVAILABLE,2386,20,20,20,0.26823134953897737,0.40004971720004895,0.16156607353072955,0.20714857569639653,ab104791b10bab62426cb73bf2601e3e8307c78fe26f9a1f3770042940a263d4,b3c88efbded318a5fff3bf19cc3e4500379e577967a51a3b7ea3582bfefe1a97,05136bd2c255cb41483cc64d16c13f8efbae3128469f6ba496b29cd1c59e8100,d5c0c25f399ee8a08811d59786a0193093452226d6f8d066db3b7db4524b93d4,PSFCE-REVISED-CORE10-REPLACEMENT-20260921-V1
Caltech101-20,0,YACHT,external,AVAILABLE,2386,20,20,20,0.2585917854149204,0.387105539038533,0.16974258052172972,0.2065752977390917,ab104791b10bab62426cb73bf2601e3e8307c78fe26f9a1f3770042940a263d4,b3c88efbded318a5fff3bf19cc3e4500379e577967a51a3b7ea3582bfefe1a97,0abf62a60f376bc3ef2602fd12f7d843903d23d43b49df3ee8e14083bdc5ccb4,83d29c100fa3e1f857de96d5b0e8b605c785016e6a0522248145036a5076f358,PSFCE-REVISED-CORE10-REPLACEMENT-20260921-V1
Caltech101-20,0,RANGE,external,AVAILABLE,2386,20,20,20,0.26320201173512153,0.38387477505956635,0.1630360830518423,0.21772594094092956,ab104791b10bab62426cb73bf2601e3e8307c78fe26f9a1f3770042940a263d4,b3c88efbded318a5fff3bf19cc3e4500379e577967a51a3b7ea3582bfefe1a97,9079b4edc090741e035b1c7a053cf858d65f67059ef28019dbd092dce7618ec5,1ac847bd21ea0f6e033b66c09a6e52f77bbd08be745ee47c83fd9ce7f3d88a35,PSFCE-REVISED-CORE10-REPLACEMENT-20260921-V1
Caltech101-20,0,GPEC,external,AVAILABLE,2386,20,20,20,0.32062028499580886,0.39815924728181995,0.21114074312621736,0.2385170975777255,ab104791b10bab62426cb73bf2601e3e8307c78fe26f9a1f3770042940a263d4,b3c88efbded318a5fff3bf19cc3e4500379e577967a51a3b7ea3582bfefe1a97,fb99900c1ba077f723b0a79094bdfff37745be35c99a271f042afeefc0dfe697,86be2ee9cf86d69a25162420b859bf122ca11b9bf33ebebaad0ede0eddec5cf1,PSFCE-REVISED-CORE10-REPLACEMENT-20260921-V1
Caltech101-20,0,PSF-CE,ours,AVAILABLE,2386,20,20,20,0.26110645431684826,0.40808882361691595,0.16741744699669334,0.2015102633041904,ab104791b10bab62426cb73bf2601e3e8307c78fe26f9a1f3770042940a263d4,b3c88efbded318a5fff3bf19cc3e4500379e577967a51a3b7ea3582bfefe1a97,6cdc8c500483478d425be3e5cfe8651e1ba751017f2bd012959819b2558e1b16,10b0ba4e5915c288417bd8a9cda6e169b4513196cb845e967ca5e918973ca60e,PSFCE-REVISED-CORE10-REPLACEMENT-20260921-V1
Caltech101-20,1,MCLA,external,AVAILABLE,2386,20,20,20,0.25901089689857504,0.4023905789823908,0.16944703171837514,0.2061034127071481,0cc7486e182060715505ff9b064eb3841f4c439f4e68fac74f620372b5aa4d81,b3c88efbded318a5fff3bf19cc3e4500379e577967a51a3b7ea3582bfefe1a97,9c1335afdf12f5cf62d2b0934341ddaff2ced46df1f563432fd424a5de83f32e,402734aac3ae06191b19a911cc95b03e8a08137b0f5571f6d8eb52b46d392aa1,PSFCE-REVISED-CORE10-REPLACEMENT-20260921-V1
Caltech101-20,1,HBGF,external,AVAILABLE,2386,20,20,20,0.25691533948030176,0.38879825620926317,0.15866893812632488,0.2164229092661182,0cc7486e182060715505ff9b064eb3841f4c439f4e68fac74f620372b5aa4d81,b3c88efbded318a5fff3bf19cc3e4500379e577967a51a3b7ea3582bfefe1a97,5fb2df9a8a72de148796302484c77e9f3870037fe3415023042d208ed1d6fe93,c1588f187281e4fb848fa60ad6d284cd67a8c5631d3d2def1f5d6ef93ac6a627,PSFCE-REVISED-CORE10-REPLACEMENT-20260921-V1
Caltech101-20,1,CEHM,external,AVAILABLE,2386,20,20,20,0.268650461022632,0.39316371116999616,0.1487592298014008,0.21074736871652044,0cc7486e182060715505ff9b064eb3841f4c439f4e68fac74f620372b5aa4d81,b3c88efbded318a5fff3bf19cc3e4500379e577967a51a3b7ea3582bfefe1a97,2693e364fd34c9b31ce09fb920591db1a3aefee133d2887d04cf83ac0a4308b6,2b7dc8098e61dc9a36fdc936377aba0cf395b8fc78746a16118b4bc0447a4497,PSFCE-REVISED-CORE10-REPLACEMENT-20260921-V1
Caltech101-20,1,YACHT,external,AVAILABLE,2386,20,20,20,0.25440067057837384,0.4152378928035973,0.16685592034521995,0.1844635531533427,0cc7486e182060715505ff9b064eb3841f4c439f4e68fac74f620372b5aa4d81,b3c88efbded318a5fff3bf19cc3e4500379e577967a51a3b7ea3582bfefe1a97,640a5b0427b68f9dd7b05bb2ac63881741a619a1ae91292734e0e5d53d429e24,8fd60ec8de4c44a7b3142c2b2826a4f25d5e726b41699e7ee8c69b9c2881e37e,PSFCE-REVISED-CORE10-REPLACEMENT-20260921-V1
Caltech101-20,1,RANGE,external,AVAILABLE,2386,20,20,20,0.27242246437552387,0.3742098413344359,0.15998038106446522,0.22948918761159448,0cc7486e182060715505ff9b064eb3841f4c439f4e68fac74f620372b5aa4d81,b3c88efbded318a5fff3bf19cc3e4500379e577967a51a3b7ea3582bfefe1a97,6f05f3ec78f17f4920fbd515c6832be690ea71c23f78ed10b19213fcf90286cc,b5837d6d3753b62a58f62adbd193c6c1abee3cfb28dde9ed479fc6c64c2e11e7,PSFCE-REVISED-CORE10-REPLACEMENT-20260921-V1
Caltech101-20,1,GPEC,external,AVAILABLE,2386,20,20,20,0.27829002514668905,0.38320506328377335,0.16121926627809158,0.21199429541832662,0cc7486e182060715505ff9b064eb3841f4c439f4e68fac74f620372b5aa4d81,b3c88efbded318a5fff3bf19cc3e4500379e577967a51a3b7ea3582bfefe1a97,c7be4e6c95d0069c377a4cf8b5cc4aa553e97312312ce275cf0768d0cd1e33ff,c9ebbd43276a5677e7d2095b0a9e3f1e4810f0099de3d7d4d0061eb9a109b55e,PSFCE-REVISED-CORE10-REPLACEMENT-20260921-V1
Caltech101-20,1,PSF-CE,ours,AVAILABLE,2386,20,20,20,0.250628667225482,0.3877261158478567,0.12916990551387345,0.1963707562526034,0cc7486e182060715505ff9b064eb3841f4c439f4e68fac74f620372b5aa4d81,b3c88efbded318a5fff3bf19cc3e4500379e577967a51a3b7ea3582bfefe1a97,91140c003d98badeebb1461e07190517450fafd81810466c3076d23a34fde719,2756f16b0a63bce4b65b43cb2057d37f8ec54596233c2bcdfe859d309fed9db5,PSFCE-REVISED-CORE10-REPLACEMENT-20260921-V1
Caltech101-20,2,MCLA,external,AVAILABLE,2386,20,20,20,0.279547359597653,0.4147906939028899,0.1816688062885265,0.23753545083049912,df314494c4a6d090a22c26050c8df63d3bf50cc1c4ad68b7cabadff29997a96f,b3c88efbded318a5fff3bf19cc3e4500379e577967a51a3b7ea3582bfefe1a97,145913f3431ae178ffaa9477d866d3293c016bc45e71c841c42eb2304d3d573e,449fe7a471394199e4d508aa457b33566184633b1aeb5d9df861dc21d2f0b39d,PSFCE-REVISED-CORE10-REPLACEMENT-20260921-V1
Caltech101-20,2,HBGF,external,AVAILABLE,2386,20,20,20,0.26110645431684826,0.37191928006421626,0.14563467002788122,0.21708101808797928,df314494c4a6d090a22c26050c8df63d3bf50cc1c4ad68b7cabadff29997a96f,b3c88efbded318a5fff3bf19cc3e4500379e577967a51a3b7ea3582bfefe1a97,4bd40d39b2d8b501570931e38945ef787fe44f54cadfd65021bd6e4a2ba10687,ee1d039b7b01041335e1effdcfffef4229b18d812bba9a1fa4f6866aee56d15f,PSFCE-REVISED-CORE10-REPLACEMENT-20260921-V1
Caltech101-20,2,CEHM,external,AVAILABLE,2386,20,20,20,0.26026823134953897,0.392469417938983,0.14303306093869583,0.19800001025433822,df314494c4a6d090a22c26050c8df63d3bf50cc1c4ad68b7cabadff29997a96f,b3c88efbded318a5fff3bf19cc3e4500379e577967a51a3b7ea3582bfefe1a97,e21ad5872a020256fbd1f73fa5deb6376be5a947a05a68f28803ddbc688497b7,c7396577acea27ec59586e436fa99388171f1aace510b20fa78d2cd87141d8c3,PSFCE-REVISED-CORE10-REPLACEMENT-20260921-V1
Caltech101-20,2,YACHT,external,AVAILABLE,2386,20,20,20,0.28709136630343673,0.4069302545256575,0.18174542399326887,0.20562890952517482,df314494c4a6d090a22c26050c8df63d3bf50cc1c4ad68b7cabadff29997a96f,b3c88efbded318a5fff3bf19cc3e4500379e577967a51a3b7ea3582bfefe1a97,a919a328344d9bf73c106545229cda12ba22bde7d1c8acdd2c6694db11b485aa,acde0d10b424b13dff9128948cbf1350e48736528ce489bf00f752dbd4ae82d9,PSFCE-REVISED-CORE10-REPLACEMENT-20260921-V1
Caltech101-20,2,RANGE,external,AVAILABLE,2386,20,20,20,0.2652975691533948,0.4078023491951866,0.17553390670369567,0.2129842642959526,df314494c4a6d090a22c26050c8df63d3bf50cc1c4ad68b7cabadff29997a96f,b3c88efbded318a5fff3bf19cc3e4500379e577967a51a3b7ea3582bfefe1a97,0ca553282c3cad2206a33c328af32a8d19af4bb55a215b2d105b2b3db6614b21,3c2fe7497dc83caa3ee6a730d2208c2964022a972e84b91075ec3d1441dbe73a,PSFCE-REVISED-CORE10-REPLACEMENT-20260921-V1
Caltech101-20,2,GPEC,external,AVAILABLE,2386,20,20,20,0.29631181894383907,0.3978903108895959,0.18778782037663216,0.21805539657487016,df314494c4a6d090a22c26050c8df63d3bf50cc1c4ad68b7cabadff29997a96f,b3c88efbded318a5fff3bf19cc3e4500379e577967a51a3b7ea3582bfefe1a97,ecf87a138ebb450da2a164bcabfa470c72a20c3ba2c187aff7db9a2d3132e35c,65b836ccf09058d29c26fd684d50e6cadd75daf13cfadb27f797796a06c129b4,PSFCE-REVISED-CORE10-REPLACEMENT-20260921-V1
Caltech101-20,2,PSF-CE,ours,AVAILABLE,2386,20,20,20,0.2707460184409053,0.40274965528449513,0.15836904617288686,0.2148806605860531,df314494c4a6d090a22c26050c8df63d3bf50cc1c4ad68b7cabadff29997a96f,b3c88efbded318a5fff3bf19cc3e4500379e577967a51a3b7ea3582bfefe1a97,23cecaa6682005b637fbce8483b54f79443c5e746e7a3906ff58eed8582fa838,959d0c0d725c4655001bea9c85f4974fb0f1d5b65d23029d5256789f70cdb704,PSFCE-REVISED-CORE10-REPLACEMENT-20260921-V1
Leukemia2,0,MCLA,external,AVAILABLE,72,3,20,3,0.5694444444444444,0.323546280215676,0.23587613878535493,0.46078431372549017,0b415b0f5cae4503ff3111c5ebb7596fbe130d93ad228f3a3ad906cb4a327f66,2f94e88c16859af7bac305b9eb5333abb2dfa7fdb2c9cc329c7d13a1c72a309d,93f5e2429b5a7dd9eef988cdb2f0f1dc540a024681f4deba88be7f6013e29a41,049db9cf1003e23f5cd091679d4c9e344081711b9aa7221f9425c16f8dfbb86c,PSFCE-REVISED-CORE10-REPLACEMENT-20260921-V1
Leukemia2,0,HBGF,external,AVAILABLE,72,3,20,3,0.5972222222222222,0.37496226880986927,0.2456668953384909,0.6013071895424836,0b415b0f5cae4503ff3111c5ebb7596fbe130d93ad228f3a3ad906cb4a327f66,2f94e88c16859af7bac305b9eb5333abb2dfa7fdb2c9cc329c7d13a1c72a309d,592f8ab31610bd2ea89cee1f9496a5a4ef804727663daf9070bce8718ca7c47f,9e304903192b6e67a66e1c9e010540aa65ea8c52d5dd10666b9e211f9be41f09,PSFCE-REVISED-CORE10-REPLACEMENT-20260921-V1
Leukemia2,0,CEHM,external,AVAILABLE,72,3,20,3,0.5277777777777778,0.32195895498181504,0.1622627823753863,0.42758057935536514,0b415b0f5cae4503ff3111c5ebb7596fbe130d93ad228f3a3ad906cb4a327f66,2f94e88c16859af7bac305b9eb5333abb2dfa7fdb2c9cc329c7d13a1c72a309d,352afad1018643fe1b3aa9883bca40c642a0b254cde73c4e5c572bd807aa9d32,89d32ad68cb0d78fed94d3279c564cc9ed976acbccf340061a75d7d8dd84ff32,PSFCE-REVISED-CORE10-REPLACEMENT-20260921-V1
Leukemia2,0,YACHT,external,AVAILABLE,72,3,20,3,0.6527777777777778,0.38672942870869464,0.3156856415719861,0.6473311546840959,0b415b0f5cae4503ff3111c5ebb7596fbe130d93ad228f3a3ad906cb4a327f66,2f94e88c16859af7bac305b9eb5333abb2dfa7fdb2c9cc329c7d13a1c72a309d,a366e614698fab623e2b16bb8f1096c54a8fb736c271fb16fe0c0536884ef562,ec5b02bd0d680937f7d09b07db527c7650f3bba3ca20f77ddbf744b0dbcdb610,PSFCE-REVISED-CORE10-REPLACEMENT-20260921-V1
Leukemia2,0,RANGE,external,AVAILABLE,72,3,20,3,0.6666666666666666,0.3991327888932993,0.3379064977217402,0.6589181126996254,0b415b0f5cae4503ff3111c5ebb7596fbe130d93ad228f3a3ad906cb4a327f66,2f94e88c16859af7bac305b9eb5333abb2dfa7fdb2c9cc329c7d13a1c72a309d,092e6ec995ac2b1bb3ef7d599bc6bd55a1d0b0ca29ae360d0b831d0d00cdc67b,47d5892c8e34d99eda9c94480fec9b51fdeb3da4da770c74c8b7444cd47af7bb,PSFCE-REVISED-CORE10-REPLACEMENT-20260921-V1
Leukemia2,0,GPEC,external,AVAILABLE,72,3,20,3,0.6111111111111112,0.489053040886391,0.3709599322861673,0.5006802721088436,0b415b0f5cae4503ff3111c5ebb7596fbe130d93ad228f3a3ad906cb4a327f66,2f94e88c16859af7bac305b9eb5333abb2dfa7fdb2c9cc329c7d13a1c72a309d,0381447c323f5470f66cdb59131dc8b0cb02957d4764ac5c48c2ee710d9f580d,381cf1b9f0cdc9cba314b379d5a22e0c6c860a1f47738cbf94fc9c1165efdadc,PSFCE-REVISED-CORE10-REPLACEMENT-20260921-V1
Leukemia2,0,PSF-CE,ours,AVAILABLE,72,3,20,3,0.6111111111111112,0.489053040886391,0.3709599322861673,0.5006802721088436,0b415b0f5cae4503ff3111c5ebb7596fbe130d93ad228f3a3ad906cb4a327f66,2f94e88c16859af7bac305b9eb5333abb2dfa7fdb2c9cc329c7d13a1c72a309d,13c3d5fcd11f1f705e600a8573a237322ffcdbf5fbb3a3c244a6f8891aca1750,875e35e130f319a384e396f2f474dc7e6d7f2b7ea5205afae3e59a0c6142094c,PSFCE-REVISED-CORE10-REPLACEMENT-20260921-V1
Leukemia2,1,MCLA,external,AVAILABLE,72,3,20,3,0.6527777777777778,0.4565619562088905,0.39399978083615067,0.6205845676184659,34aa0fd1586bcbec6cf2c4ffc2f2fef3fbfb86087bfc25572b988c05961e70d8,2f94e88c16859af7bac305b9eb5333abb2dfa7fdb2c9cc329c7d13a1c72a309d,a96206dca878b4f1212edec3c21e2cf562debcd4d0b2de20545c2d1e26d30552,9946bcd117d7fbbf4e6407a0a6ac46c4606b4017ad5ca803ce0985ebe81c1997,PSFCE-REVISED-CORE10-REPLACEMENT-20260921-V1
Leukemia2,1,HBGF,external,AVAILABLE,72,3,20,3,0.625,0.40012266387102957,0.28178616252565797,0.6258077470702056,34aa0fd1586bcbec6cf2c4ffc2f2fef3fbfb86087bfc25572b988c05961e70d8,2f94e88c16859af7bac305b9eb5333abb2dfa7fdb2c9cc329c7d13a1c72a309d,f4e0593d4f0f75d07159ca13edbfa0ef4fa70886eb89b9ec69f487e91cb8a65f,1efb481abb169615ed04621b7cf335358065354cb4b1533b6f5159b2dd01e714,PSFCE-REVISED-CORE10-REPLACEMENT-20260921-V1
Leukemia2,1,CEHM,external,AVAILABLE,72,3,20,3,0.5277777777777778,0.32195895498181504,0.1622627823753863,0.42758057935536514,34aa0fd1586bcbec6cf2c4ffc2f2fef3fbfb86087bfc25572b988c05961e70d8,2f94e88c16859af7bac305b9eb5333abb2dfa7fdb2c9cc329c7d13a1c72a309d,1b3d50ee932cf066f62a5c1c90521c50b44f230745b59b0f5e3b24bcab5f769a,49c66add9f9ec530c951912dea77d9c41b3dd948398b89779a2fb6733d4e6499,PSFCE-REVISED-CORE10-REPLACEMENT-20260921-V1
Leukemia2,1,YACHT,external,AVAILABLE,72,3,20,3,0.6527777777777778,0.28496589410055917,0.24687905013322334,0.6442080378250591,34aa0fd1586bcbec6cf2c4ffc2f2fef3fbfb86087bfc25572b988c05961e70d8,2f94e88c16859af7bac305b9eb5333abb2dfa7fdb2c9cc329c7d13a1c72a309d,2b6946bf1c485fb0e92f91e2a56da60069986ef9f393e78b940b83d363d5d677,569225dbaa0ca9ca50965df3809451e57416219de4b78c2b34267ef80eff1dcb,PSFCE-REVISED-CORE10-REPLACEMENT-20260921-V1
Leukemia2,1,RANGE,external,AVAILABLE,72,3,20,3,0.6388888888888888,0.3754568937928855,0.2957095344447287,0.635540802815113,34aa0fd1586bcbec6cf2c4ffc2f2fef3fbfb86087bfc25572b988c05961e70d8,2f94e88c16859af7bac305b9eb5333abb2dfa7fdb2c9cc329c7d13a1c72a309d,e2f811011294c44e0140197d3b87e792079c66835c4effa96343f5e1864abd1e,30829c0340ff4f73d24253965da29d8ffdf89bdb081c6a9b724ff1650035e5dd,PSFCE-REVISED-CORE10-REPLACEMENT-20260921-V1
Leukemia2,1,GPEC,external,AVAILABLE,72,3,20,3,0.5972222222222222,0.3472542846359156,0.24944594826109304,0.5986212666884936,34aa0fd1586bcbec6cf2c4ffc2f2fef3fbfb86087bfc25572b988c05961e70d8,2f94e88c16859af7bac305b9eb5333abb2dfa7fdb2c9cc329c7d13a1c72a309d,6c2593bdfaccef23a2cf3c5d3a252d5bab38d6d2a16be71c68ff21a557f80bf0,f7268dc861a7ab5570d8d52867b1252ddb66871171f768faef8bf6d1ad574851,PSFCE-REVISED-CORE10-REPLACEMENT-20260921-V1
Leukemia2,1,PSF-CE,ours,AVAILABLE,72,3,20,3,0.5833333333333334,0.42419207107531653,0.291439196763541,0.47754137115839246,34aa0fd1586bcbec6cf2c4ffc2f2fef3fbfb86087bfc25572b988c05961e70d8,2f94e88c16859af7bac305b9eb5333abb2dfa7fdb2c9cc329c7d13a1c72a309d,d44305fb92add1edcb98a1c79386099a896705209499d5601cebaf7a539eaa03,e6e9fffdd9f079fe45f63be7ac3a377655bbbe61c51ccfe386b047b3ae7935bf,PSFCE-REVISED-CORE10-REPLACEMENT-20260921-V1
Leukemia2,2,MCLA,external,AVAILABLE,72,3,20,3,0.6666666666666666,0.436934444104521,0.39099189895327247,0.6409022556390978,ea9800cb96610ada9d4963f62a725b2116329005e90b56dc8c3bffcdc6e3614e,2f94e88c16859af7bac305b9eb5333abb2dfa7fdb2c9cc329c7d13a1c72a309d,93b048c10d17bad86f85834c56c629f7185da6dfd7cc796c7bb4c77e32748beb,48beefb2a9c5c04d22a9cad601631c39874894814b04bdc6179b4f01e81bf063,PSFCE-REVISED-CORE10-REPLACEMENT-20260921-V1
Leukemia2,2,HBGF,external,AVAILABLE,72,3,20,3,0.6111111111111112,0.3556346664436222,0.34520224323077486,0.5672057502246183,ea9800cb96610ada9d4963f62a725b2116329005e90b56dc8c3bffcdc6e3614e,2f94e88c16859af7bac305b9eb5333abb2dfa7fdb2c9cc329c7d13a1c72a309d,812491d1649b0a0f7cb8374388f1606d5974c5d0c0235d66b24eb1cb4c89d35b,d594bb1b7c172cc84fcb348ef65637c37cd5ed3334aad2765d060bdb86e7a2bf,PSFCE-REVISED-CORE10-REPLACEMENT-20260921-V1
Leukemia2,2,CEHM,external,AVAILABLE,72,3,20,3,0.5972222222222222,0.45500293739228287,0.32995510789888083,0.48924100156494515,ea9800cb96610ada9d4963f62a725b2116329005e90b56dc8c3bffcdc6e3614e,2f94e88c16859af7bac305b9eb5333abb2dfa7fdb2c9cc329c7d13a1c72a309d,8ef64fe5d634e50a788e0c04c02b4c4836eb520b8138e9514c3bd07d5bf71ffb,333d87eebafc1acc8065a54279eeed878d76c6ae684b6146cbf5e87fbdd1c926,PSFCE-REVISED-CORE10-REPLACEMENT-20260921-V1
Leukemia2,2,YACHT,external,AVAILABLE,72,3,20,3,0.5833333333333334,0.33945360816882997,0.2386035598904271,0.5856817145462836,ea9800cb96610ada9d4963f62a725b2116329005e90b56dc8c3bffcdc6e3614e,2f94e88c16859af7bac305b9eb5333abb2dfa7fdb2c9cc329c7d13a1c72a309d,c90247354cd9da675f4d0efe27437e86a941916da126840e0bf0134d0616041a,321ebc0c5a425697cbd98f537980ba452672530cd69bff69c5300979729aa83f,PSFCE-REVISED-CORE10-REPLACEMENT-20260921-V1
Leukemia2,2,RANGE,external,AVAILABLE,72,3,20,3,0.6666666666666666,0.3167019153909561,0.29070411996352236,0.6569573283858998,ea9800cb96610ada9d4963f62a725b2116329005e90b56dc8c3bffcdc6e3614e,2f94e88c16859af7bac305b9eb5333abb2dfa7fdb2c9cc329c7d13a1c72a309d,9a736d52757b8365491b01ffdcc10cd0d6633da721570cbaa41189a875436c3e,be61ec4a1a22f4954f00317b3a2e90356f1308bf7a41cd6183392e8a1ffc7b43,PSFCE-REVISED-CORE10-REPLACEMENT-20260921-V1
Leukemia2,2,GPEC,external,AVAILABLE,72,3,20,3,0.6111111111111112,0.489053040886391,0.3709599322861673,0.5006802721088436,ea9800cb96610ada9d4963f62a725b2116329005e90b56dc8c3bffcdc6e3614e,2f94e88c16859af7bac305b9eb5333abb2dfa7fdb2c9cc329c7d13a1c72a309d,06c3b185072bd0d6e4aa00931f5bdae6e99129c252d3096237049e7a4fb1a6ea,381cf1b9f0cdc9cba314b379d5a22e0c6c860a1f47738cbf94fc9c1165efdadc,PSFCE-REVISED-CORE10-REPLACEMENT-20260921-V1
Leukemia2,2,PSF-CE,ours,AVAILABLE,72,3,20,3,0.6111111111111112,0.489053040886391,0.3709599322861673,0.5006802721088436,ea9800cb96610ada9d4963f62a725b2116329005e90b56dc8c3bffcdc6e3614e,2f94e88c16859af7bac305b9eb5333abb2dfa7fdb2c9cc329c7d13a1c72a309d,99459dcf11705a4349925afc4cbf64c9f8c43c91a594c4c457c57d267e64866b,8b95e7eb87166714aa8c0bf8b011c74f4eeb4ed35bb129c129584f84b5d5282d,PSFCE-REVISED-CORE10-REPLACEMENT-20260921-V1
Chameleon,0,MCLA,external,AVAILABLE,2277,5,20,4,0.32806324110671936,0.0634995022438319,0.04951720127975599,0.2609414185329866,6a549bbbeb4c04a05f6528ad57e91a93742d5f61ca9f0e456b6b3ca8c237b4ab,10e4dd8b6b469adbb623870a2cee06fec939501c5e39744dbe1f1e6d393a4ff4,db0ec0335934ecb2bda2329057828d6f2195b4cdd978ad905f3961fa48e3141d,f54d79cdbb924803e9d0ea1aa5456a47c8a1f27ba314394994803a6e1449d11c,PSFCE-REVISED-CORE10-REPLACEMENT-20260921-V1
Chameleon,0,HBGF,external,AVAILABLE,2277,5,20,5,0.3012736056214317,0.06570007314000885,0.050292557391666735,0.29986894738495007,6a549bbbeb4c04a05f6528ad57e91a93742d5f61ca9f0e456b6b3ca8c237b4ab,10e4dd8b6b469adbb623870a2cee06fec939501c5e39744dbe1f1e6d393a4ff4,b43312e982c4e35fbda01aefd218956437f013e0c37e2a02367ba5fbb7dabcb7,f0e5ea6fb12cb9402c5af5401eca2adac189e5b041a5b55323f52b6b689c417c,PSFCE-REVISED-CORE10-REPLACEMENT-20260921-V1
Chameleon,0,CEHM,external,AVAILABLE,2277,5,20,5,0.33113746157224416,0.06746634294094181,0.049766136491698365,0.27780550851107905,6a549bbbeb4c04a05f6528ad57e91a93742d5f61ca9f0e456b6b3ca8c237b4ab,10e4dd8b6b469adbb623870a2cee06fec939501c5e39744dbe1f1e6d393a4ff4,49586c035126421142bf7ce3e49f0fef5ca915f4f2f4dc123e0449b9498e3597,366b605bb60c103769900598766f2cd83ddd7441ceff3a2d3f9abf66d63ba616,PSFCE-REVISED-CORE10-REPLACEMENT-20260921-V1
Chameleon,0,YACHT,external,AVAILABLE,2277,5,20,5,0.32059727711901626,0.09364797760348882,0.057617057738368095,0.3215054818183417,6a549bbbeb4c04a05f6528ad57e91a93742d5f61ca9f0e456b6b3ca8c237b4ab,10e4dd8b6b469adbb623870a2cee06fec939501c5e39744dbe1f1e6d393a4ff4,a4d885be3499ca76601da4c120f898c4929e3d439a0af563127aa41c36dc393e,3630a13bef02c786e282e15896124b093829448f59ebbc3134bc0e20cd0bbb36,PSFCE-REVISED-CORE10-REPLACEMENT-20260921-V1
Chameleon,0,RANGE,external,AVAILABLE,2277,5,20,5,0.33201581027667987,0.08415005783683342,0.04517693851630945,0.3282388008807432,6a549bbbeb4c04a05f6528ad57e91a93742d5f61ca9f0e456b6b3ca8c237b4ab,10e4dd8b6b469adbb623870a2cee06fec939501c5e39744dbe1f1e6d393a4ff4,baff6f26d184db3df780ceecad013af1059a56b2ebde480ec2218f32a1ea315e,bd55a324b3b8117a8abd940f344a49679abdfe2198ae77b0b27fbdddda3da0db,PSFCE-REVISED-CORE10-REPLACEMENT-20260921-V1
Chameleon,0,GPEC,external,AVAILABLE,2277,5,20,5,0.3328941589811155,0.08339977273617566,0.04884864955810225,0.3291783181298891,6a549bbbeb4c04a05f6528ad57e91a93742d5f61ca9f0e456b6b3ca8c237b4ab,10e4dd8b6b469adbb623870a2cee06fec939501c5e39744dbe1f1e6d393a4ff4,3ee77fbc257d24da76fd01171b3dbde8a3080e570d77299ecfd14a8ce04ceb8a,393edc0f87c5e3eb44123a432dcb637e9813f9f2d40499a70e02589107b74521,PSFCE-REVISED-CORE10-REPLACEMENT-20260921-V1
Chameleon,0,PSF-CE,ours,AVAILABLE,2277,5,20,5,0.3227931488801054,0.0645215350884266,0.04731928782586333,0.2713430424915679,6a549bbbeb4c04a05f6528ad57e91a93742d5f61ca9f0e456b6b3ca8c237b4ab,10e4dd8b6b469adbb623870a2cee06fec939501c5e39744dbe1f1e6d393a4ff4,549c4dcf151f873c3c0cfa58f30c07a8af7e993c5581c4bb05213a520a023159,076b76bf476681e24566d2c15feb386ee359794d74e8a10038d3da37d0284445,PSFCE-REVISED-CORE10-REPLACEMENT-20260921-V1
Chameleon,1,MCLA,external,AVAILABLE,2277,5,20,5,0.3126921387790953,0.061403691059628465,0.03874899624187846,0.28765292480911264,2bb8825d69ff6f077e51ad669ed7390a3ca08eea68407a84b70a309c03358983,10e4dd8b6b469adbb623870a2cee06fec939501c5e39744dbe1f1e6d393a4ff4,4b00782668d376e7fbd1c6f08ead22b1f9ff8589fc06a56ba3a5190619e82bb2,36aa08f11dd32317b6c323fbfcf33734569e2b03d37a94463c5b1a86e16ff36f,PSFCE-REVISED-CORE10-REPLACEMENT-20260921-V1
Chameleon,1,HBGF,external,AVAILABLE,2277,5,20,5,0.3052261747913922,0.050463921623541894,0.038870311084702285,0.30349867284694165,2bb8825d69ff6f077e51ad669ed7390a3ca08eea68407a84b70a309c03358983,10e4dd8b6b469adbb623870a2cee06fec939501c5e39744dbe1f1e6d393a4ff4,3210c37d4cf0b004d9dd65ce1bd8ce70b24b3b19bb8461d1c05b28132368326f,83dc55491c6e7b11693a2bdbc262d9da3746665423b0358c7bba4b6be27f4a74,PSFCE-REVISED-CORE10-REPLACEMENT-20260921-V1
Chameleon,1,CEHM,external,AVAILABLE,2277,5,20,5,0.3302591128678085,0.06686980427714519,0.04910508030444968,0.2771362538284453,2bb8825d69ff6f077e51ad669ed7390a3ca08eea68407a84b70a309c03358983,10e4dd8b6b469adbb623870a2cee06fec939501c5e39744dbe1f1e6d393a4ff4,b0546003e5c0e62c46701169147c545635d6a5652e52239251b1e56815902586,0f2a8ffc45d9a110d3cdff7555273d687f1b278f09b9fb6e122f66f51978c93c,PSFCE-REVISED-CORE10-REPLACEMENT-20260921-V1
Chameleon,1,YACHT,external,AVAILABLE,2277,5,20,5,0.32498902064119456,0.07546128587798628,0.045248373937481594,0.3198813144344861,2bb8825d69ff6f077e51ad669ed7390a3ca08eea68407a84b70a309c03358983,10e4dd8b6b469adbb623870a2cee06fec939501c5e39744dbe1f1e6d393a4ff4,04390e7b1fac939511ebeb7f7e44aa8a67ac9e0c2e845662e8bfb70c54f737b2,4dd3fedea35179d60610325b3704ab6cac80c0bf678cab4b92640cab12e937fe,PSFCE-REVISED-CORE10-REPLACEMENT-20260921-V1
Chameleon,1,RANGE,external,AVAILABLE,2277,5,20,5,0.31620553359683795,0.07269218462517599,0.04666250309243898,0.31521908845481683,2bb8825d69ff6f077e51ad669ed7390a3ca08eea68407a84b70a309c03358983,10e4dd8b6b469adbb623870a2cee06fec939501c5e39744dbe1f1e6d393a4ff4,b15b88c58f7febe16be9f5291da7e822edeb76c73c4d128c0c4795ec2da64e9e,ee20abc0ba2f6b4f043604379c20e7b2cca94c12b82d68e7b557affc12b4c19e,PSFCE-REVISED-CORE10-REPLACEMENT-20260921-V1
Chameleon,1,GPEC,external,AVAILABLE,2277,5,20,5,0.3386034255599473,0.06805113362667636,0.04828777314540767,0.32942982848489366,2bb8825d69ff6f077e51ad669ed7390a3ca08eea68407a84b70a309c03358983,10e4dd8b6b469adbb623870a2cee06fec939501c5e39744dbe1f1e6d393a4ff4,8777357703e7cbb70fb3bd765de83af1f082a4acf95fd58ffe788ae2ea9eace9,4c3b5d90f8d3cbfc62d0bcbbf0b0f5c0513710aebc52d7e1c2cc7b12633de1a9,PSFCE-REVISED-CORE10-REPLACEMENT-20260921-V1
Chameleon,1,PSF-CE,ours,AVAILABLE,2277,5,20,5,0.3227931488801054,0.0645215350884266,0.04731928782586333,0.2713430424915679,2bb8825d69ff6f077e51ad669ed7390a3ca08eea68407a84b70a309c03358983,10e4dd8b6b469adbb623870a2cee06fec939501c5e39744dbe1f1e6d393a4ff4,26da76cf0b2c6e7a0b1a58af9c0e43221275b2b6bf4eaccfbdbfe889813de0f0,076b76bf476681e24566d2c15feb386ee359794d74e8a10038d3da37d0284445,PSFCE-REVISED-CORE10-REPLACEMENT-20260921-V1
Chameleon,2,MCLA,external,AVAILABLE,2277,5,20,4,0.3359683794466403,0.06320697761189767,0.049817941975984846,0.2740168836517184,5237b77bef2ba9a5e669e484823cac29d5a8a056d126167981847c6163e9b7fd,10e4dd8b6b469adbb623870a2cee06fec939501c5e39744dbe1f1e6d393a4ff4,f22fb1dbc3149ec43344fa5b8be390e57936e0e6e42e1c6589e5f5ba1e7cd374,1c370093563ed6a2cafd74262601900c56242a711b337dfc8ee7e81cf205303d,PSFCE-REVISED-CORE10-REPLACEMENT-20260921-V1
Chameleon,2,HBGF,external,AVAILABLE,2277,5,20,5,0.30303030303030304,0.047157163146006036,0.035567229605975824,0.30135485137287255,5237b77bef2ba9a5e669e484823cac29d5a8a056d126167981847c6163e9b7fd,10e4dd8b6b469adbb623870a2cee06fec939501c5e39744dbe1f1e6d393a4ff4,5038658b188e87aa2a78062845a66edf3e7e72299ce4ea2a64371c7b6fe6d8bc,991c31988d6a9d3ab29a0e6f6c234adbbd5412da51cb4893d154a5111e494b6f,PSFCE-REVISED-CORE10-REPLACEMENT-20260921-V1
Chameleon,2,CEHM,external,AVAILABLE,2277,5,20,5,0.3302591128678085,0.06681825221641884,0.04900889164659425,0.2771370350348744,5237b77bef2ba9a5e669e484823cac29d5a8a056d126167981847c6163e9b7fd,10e4dd8b6b469adbb623870a2cee06fec939501c5e39744dbe1f1e6d393a4ff4,7c3ea3fc3541401697207e4c9de412fb8a96acb31753b1a22b724cafef896b40,0baf624dd62cdf980ee853fda65e771c080782bda74e458886e1862f68c134ef,PSFCE-REVISED-CORE10-REPLACEMENT-20260921-V1
Chameleon,2,YACHT,external,AVAILABLE,2277,5,20,5,0.3153271848924023,0.0681404700017141,0.04853201088078929,0.31181532888520425,5237b77bef2ba9a5e669e484823cac29d5a8a056d126167981847c6163e9b7fd,10e4dd8b6b469adbb623870a2cee06fec939501c5e39744dbe1f1e6d393a4ff4,9ced1caa6dda24d64b8f7ad9a0c557dbee427865536d6fe07acc995d4e44a5a3,ddce7ba35d80f0d38459fa6f0f6c353a6f0ffd092f376889c717b6ff642c5755,PSFCE-REVISED-CORE10-REPLACEMENT-20260921-V1
Chameleon,2,RANGE,external,AVAILABLE,2277,5,20,5,0.33069828722002637,0.07942106807765467,0.03956040982939211,0.3250379592003721,5237b77bef2ba9a5e669e484823cac29d5a8a056d126167981847c6163e9b7fd,10e4dd8b6b469adbb623870a2cee06fec939501c5e39744dbe1f1e6d393a4ff4,97b6fe990bf06b3818442ccdb8d29907cd269984a3cfa059e06fef31990a20f3,2bcc43e5c7457d656e37e6b76f8fcffc0b7c6f42a704961a850022071dca82c1,PSFCE-REVISED-CORE10-REPLACEMENT-20260921-V1
Chameleon,2,GPEC,external,AVAILABLE,2277,5,20,5,0.3328941589811155,0.07559963077721767,0.042154799143770266,0.3271556182122007,5237b77bef2ba9a5e669e484823cac29d5a8a056d126167981847c6163e9b7fd,10e4dd8b6b469adbb623870a2cee06fec939501c5e39744dbe1f1e6d393a4ff4,920b48a595873203e33c414b9d919deab9002f275f4eaf89e5ab71f61779605f,fd749c7db3c413511a96cb70467e3004bcfb3a97d2eb302f9055be08550ac103,PSFCE-REVISED-CORE10-REPLACEMENT-20260921-V1
Chameleon,2,PSF-CE,ours,AVAILABLE,2277,5,20,5,0.3227931488801054,0.0645215350884266,0.04731928782586333,0.2713430424915679,5237b77bef2ba9a5e669e484823cac29d5a8a056d126167981847c6163e9b7fd,10e4dd8b6b469adbb623870a2cee06fec939501c5e39744dbe1f1e6d393a4ff4,46b1e17f83b7f2e7cbd938dba5836d83d4229f8b06910687813d05bade4b984a,076b76bf476681e24566d2c15feb386ee359794d74e8a10038d3da37d0284445,PSFCE-REVISED-CORE10-REPLACEMENT-20260921-V1
Amazon Photo,0,MCLA,external,AVAILABLE,7650,8,20,8,0.517516339869281,0.41854329031846,0.2992864124077205,0.45162599102473866,935f1c813510e7bc817fed7208829440e4028de7242d76d192eb3fc98b3f0909,2b726fcd298d83e902822c6a11b8f36989d84fd9171c781b499057066ded0564,b7ead9abb3982166fc5fe99dbfdd414ff85226082795dc6d104fd83548ac9b8c,6b1040fb7b358bf8df20405010f2478d37a96dca14b6a491cbdc9a73959ade59,PSFCE-REVISED-CORE10-REPLACEMENT-20260921-V1
Amazon Photo,0,HBGF,external,AVAILABLE,7650,8,20,8,0.4618300653594771,0.36387423185438306,0.23155807791181462,0.4559109291058494,935f1c813510e7bc817fed7208829440e4028de7242d76d192eb3fc98b3f0909,2b726fcd298d83e902822c6a11b8f36989d84fd9171c781b499057066ded0564,c9d28b89fc0abb49c3144cbf8af347b068cb3f556d4cc8243265aed5d6d75eb8,c75f227cc97e6220bc1674fa8917960e5ec2bd3ff74dd9d2146011e8f89bf2d3,PSFCE-REVISED-CORE10-REPLACEMENT-20260921-V1
Amazon Photo,0,CEHM,external,AVAILABLE,7650,8,20,8,0.5890196078431372,0.5538453476009138,0.35658578433581617,0.5231080446270363,935f1c813510e7bc817fed7208829440e4028de7242d76d192eb3fc98b3f0909,2b726fcd298d83e902822c6a11b8f36989d84fd9171c781b499057066ded0564,b09728d01907a26727f9a90c6f7ffafd7c283142f333a228b08a0eeb4a45ecfa,a67c30c2140b6ab33e5d93cc3486029ce80445f0825de2d51572ca13961e307e,PSFCE-REVISED-CORE10-REPLACEMENT-20260921-V1
Amazon Photo,0,YACHT,external,AVAILABLE,7650,8,20,8,0.4330718954248366,0.3587151334238315,0.2543781807176049,0.39350221818837333,935f1c813510e7bc817fed7208829440e4028de7242d76d192eb3fc98b3f0909,2b726fcd298d83e902822c6a11b8f36989d84fd9171c781b499057066ded0564,6840bf72f48f5f18048c1f0a960d462fcfd20d202930b3bad346dc0f746c8fed,da125cc9fe0f383bc54fcf5d8d6d232d1d09fb21c2482c812e09716795de4f19,PSFCE-REVISED-CORE10-REPLACEMENT-20260921-V1
Amazon Photo,0,RANGE,external,AVAILABLE,7650,8,20,8,0.5537254901960784,0.4573492929933592,0.3441079029305391,0.5652630476596052,935f1c813510e7bc817fed7208829440e4028de7242d76d192eb3fc98b3f0909,2b726fcd298d83e902822c6a11b8f36989d84fd9171c781b499057066ded0564,87fe6173ff3b7c20a1ff28c9885f286cb000764d57bc68b6f18a2ed3e98485e7,fcb6d7da96a384301d8e944cc21d18df5ba8e3cce69b6b35c135833f71b2de95,PSFCE-REVISED-CORE10-REPLACEMENT-20260921-V1
Amazon Photo,0,GPEC,external,AVAILABLE,7650,8,20,8,0.38222222222222224,0.30322999569387143,0.1929510013989532,0.35363180690100915,935f1c813510e7bc817fed7208829440e4028de7242d76d192eb3fc98b3f0909,2b726fcd298d83e902822c6a11b8f36989d84fd9171c781b499057066ded0564,a53334ec55b9113bbaef77d2555f3fa610f124a425b6505e3b3aae343293d7ca,dda414f4801b89c8e4cf521e37afae472fb4a3fffb7ae41b21e2c8a6c05bc90c,PSFCE-REVISED-CORE10-REPLACEMENT-20260921-V1
Amazon Photo,0,PSF-CE,ours,AVAILABLE,7650,8,20,8,0.5922875816993464,0.5399050843004729,0.3694690627733385,0.5216195556138447,935f1c813510e7bc817fed7208829440e4028de7242d76d192eb3fc98b3f0909,2b726fcd298d83e902822c6a11b8f36989d84fd9171c781b499057066ded0564,d7e7f6db755a6b1c151e4938052d4dba89ef9eab0d3e582bf5023bc60eaf007c,6c7cc1f0de4142112d1e5d183b5a90ca141c7f69ecc7e1fce5278243bd40fb51,PSFCE-REVISED-CORE10-REPLACEMENT-20260921-V1
Amazon Photo,1,MCLA,external,AVAILABLE,7650,8,20,8,0.4526797385620915,0.36495884226705044,0.23518994754120506,0.3653363813091013,2e0c45d3a4571101efe77757a714ab17355890b152aced7cd32636b00e13c2b5,2b726fcd298d83e902822c6a11b8f36989d84fd9171c781b499057066ded0564,95a79204b4a1b83794e722f79597689c5eecf847b499b70e75c18202b9241330,26658f9bb6e6d7103763e043e557e3fcdc3915c9f1d2e31874a0b339d23f6db5,PSFCE-REVISED-CORE10-REPLACEMENT-20260921-V1
Amazon Photo,1,HBGF,external,AVAILABLE,7650,8,20,8,0.44130718954248366,0.3834697561500567,0.2519629945945314,0.42457023885564676,2e0c45d3a4571101efe77757a714ab17355890b152aced7cd32636b00e13c2b5,2b726fcd298d83e902822c6a11b8f36989d84fd9171c781b499057066ded0564,b0f08c91d49dcaae72c57fcda8bb450b22add18a8aa34f8d4b1b346761d27ffa,d430f07a54cc2d989e0ef62aa70270b4128c39eeae05409c41748164a5fb1d10,PSFCE-REVISED-CORE10-REPLACEMENT-20260921-V1
Amazon Photo,1,CEHM,external,AVAILABLE,7650,8,20,8,0.5891503267973857,0.5533310221531891,0.3587883816390938,0.5233850623958867,2e0c45d3a4571101efe77757a714ab17355890b152aced7cd32636b00e13c2b5,2b726fcd298d83e902822c6a11b8f36989d84fd9171c781b499057066ded0564,19dca749b2bb1aec6123442c707391bd93564252630a9ebe2b4aad37c97b36c8,625f0c306ecc3aa8598e6b74bc85621ceb9c0440b6c938b9f9bc54f7d04f817f,PSFCE-REVISED-CORE10-REPLACEMENT-20260921-V1
Amazon Photo,1,YACHT,external,AVAILABLE,7650,8,20,8,0.4788235294117647,0.40148395497206174,0.2656564832067564,0.44910652807868406,2e0c45d3a4571101efe77757a714ab17355890b152aced7cd32636b00e13c2b5,2b726fcd298d83e902822c6a11b8f36989d84fd9171c781b499057066ded0564,f3955950f513de2b1390d992ddf1c3ff57f07c8eae1c7c0525256b1fccd619bd,e236b5d8ce34eacde98be5fe6c450c1c8242870e46680dcfd3efe6782fe62f77,PSFCE-REVISED-CORE10-REPLACEMENT-20260921-V1
Amazon Photo,1,RANGE,external,AVAILABLE,7650,8,20,8,0.46013071895424834,0.3778423332057625,0.2615441522391395,0.4504759853567935,2e0c45d3a4571101efe77757a714ab17355890b152aced7cd32636b00e13c2b5,2b726fcd298d83e902822c6a11b8f36989d84fd9171c781b499057066ded0564,da5ff1572f902434d97e8b7a574075309d1e479be40f74043061ae3b15bf46cc,8daeb7ad8523cdaee841c48dbab6b4c03b08ced83c647cc214ae846f9d4aef87,PSFCE-REVISED-CORE10-REPLACEMENT-20260921-V1
Amazon Photo,1,GPEC,external,AVAILABLE,7650,8,20,8,0.39202614379084966,0.31444222289630225,0.1975775034569604,0.3745752483519265,2e0c45d3a4571101efe77757a714ab17355890b152aced7cd32636b00e13c2b5,2b726fcd298d83e902822c6a11b8f36989d84fd9171c781b499057066ded0564,d621fdfee00ec4a2295d40c6dd0732e73d8d78b3544317ab3c2e7d85b338ef79,c189e60ca738798af601b5e7ca36eea9ff84b8797815b5d7f898b30f753b0f52,PSFCE-REVISED-CORE10-REPLACEMENT-20260921-V1
Amazon Photo,1,PSF-CE,ours,AVAILABLE,7650,8,20,8,0.5913725490196079,0.5401800271814077,0.37022304850973997,0.5213174658446589,2e0c45d3a4571101efe77757a714ab17355890b152aced7cd32636b00e13c2b5,2b726fcd298d83e902822c6a11b8f36989d84fd9171c781b499057066ded0564,bc86f36bc5839716bebcba2c5d6e3634cdefb82b8e6a644cbba6668377a71719,30587c007de07c9879b6eb89305c45f5c092b10d429e1726c971c8241ec0ab08,PSFCE-REVISED-CORE10-REPLACEMENT-20260921-V1
Amazon Photo,2,MCLA,external,AVAILABLE,7650,8,20,8,0.5535947712418301,0.4514763356829015,0.3157069896097087,0.45881972573538427,514007bc6d973f37f1cf6b967da0e5c12bf1748e34b54c1c5ec4ffcc8aa09020,2b726fcd298d83e902822c6a11b8f36989d84fd9171c781b499057066ded0564,cf5c196a8075484523987edfbe4fbefdd1a48b3a18a61e2ae15b7793af5e015a,6fb14bd151012885361011b6362bd6e679edbda585e4df3df112c5f1c27a7c92,PSFCE-REVISED-CORE10-REPLACEMENT-20260921-V1
Amazon Photo,2,HBGF,external,AVAILABLE,7650,8,20,8,0.4779084967320261,0.38400163337097415,0.2547680944252347,0.4740720721903323,514007bc6d973f37f1cf6b967da0e5c12bf1748e34b54c1c5ec4ffcc8aa09020,2b726fcd298d83e902822c6a11b8f36989d84fd9171c781b499057066ded0564,2ac4a9256a48778d4f0b4e35ad89d558f19b2373dc7660cfa42a4f6773aadbc4,14e69d74c49a01a96fa478e33c5bd50fa9fec168904a3038136e7ed42e28d60a,PSFCE-REVISED-CORE10-REPLACEMENT-20260921-V1
Amazon Photo,2,CEHM,external,AVAILABLE,7650,8,20,8,0.5883660130718954,0.5558820129276228,0.3576932997828681,0.5226239328885742,514007bc6d973f37f1cf6b967da0e5c12bf1748e34b54c1c5ec4ffcc8aa09020,2b726fcd298d83e902822c6a11b8f36989d84fd9171c781b499057066ded0564,0ae039f51e6a5c7593198845674dacc7519d18f281408a5521d9071dd4ffe6cc,51f6bcc7baa212327731396552c12550c1baa165abdeb8fc6f73a1a09187a6c3,PSFCE-REVISED-CORE10-REPLACEMENT-20260921-V1
Amazon Photo,2,YACHT,external,AVAILABLE,7650,8,20,8,0.44745098039215686,0.40899924351786865,0.2719169476589766,0.41363075267858296,514007bc6d973f37f1cf6b967da0e5c12bf1748e34b54c1c5ec4ffcc8aa09020,2b726fcd298d83e902822c6a11b8f36989d84fd9171c781b499057066ded0564,9b098eb121c51f36397f46dca6bcb48bf85d5dc8c9dbc04df326c06024657146,b373a8d48be4508acf90b8c409af877f0fedc4d1cb3fa7d6d82a5ceb3335e68b,PSFCE-REVISED-CORE10-REPLACEMENT-20260921-V1
Amazon Photo,2,RANGE,external,AVAILABLE,7650,8,20,8,0.49411764705882355,0.392761011931877,0.2822781697867919,0.48219989965702886,514007bc6d973f37f1cf6b967da0e5c12bf1748e34b54c1c5ec4ffcc8aa09020,2b726fcd298d83e902822c6a11b8f36989d84fd9171c781b499057066ded0564,90dd34658079ed8fb499c4791746b7a3933bb3137d159718d9a1e6776feff3db,43ea884ad04da1d0df937966d498ab271576840a02a163624d790ace5a88734a,PSFCE-REVISED-CORE10-REPLACEMENT-20260921-V1
Amazon Photo,2,GPEC,external,AVAILABLE,7650,8,20,8,0.5355555555555556,0.4445877512618546,0.3389419539701111,0.5237803473124975,514007bc6d973f37f1cf6b967da0e5c12bf1748e34b54c1c5ec4ffcc8aa09020,2b726fcd298d83e902822c6a11b8f36989d84fd9171c781b499057066ded0564,7ec072919827bc046f6e0f58a77123ae36ae73922025f60cfb19166a56dd7eca,a3e6fee013ff9744baeacedecc279b68d4e053d33b7ca141b77c967ec56cf292,PSFCE-REVISED-CORE10-REPLACEMENT-20260921-V1
Amazon Photo,2,PSF-CE,ours,AVAILABLE,7650,8,20,8,0.5901960784313726,0.5398403123581583,0.369214510282905,0.5199450448698687,514007bc6d973f37f1cf6b967da0e5c12bf1748e34b54c1c5ec4ffcc8aa09020,2b726fcd298d83e902822c6a11b8f36989d84fd9171c781b499057066ded0564,61818cf4d2e79e366dba74a1cf226bda9ec1c25dfb2619b639208f74bcdfb435,c29bbdf0fd29b4bfb488f279c3951f306233fb0fa645c4c4d4dbd6c9be9843db,PSFCE-REVISED-CORE10-REPLACEMENT-20260921-V1
ORL,0,MCLA,external,AVAILABLE,400,40,20,40,0.765,0.876450095265001,0.6706415622084255,0.7651781415608815,f2588b2ea07b34d6aa333abeb092ef620e93b84692c3fb122da179450a46572f,2745696ae3f897d8944292625c4b5d58fe547a715f03049e7d3b21ea4907a65b,5221170114012a31feaab33425426cd4d7cd1be634940afe1acbf1224b53208f,5cd61de863b987295248dcc0f7a31dc2f3045cb6b8521797a8d9929131d54142,PSFCE-REVISED-CORE10-REPLACEMENT-20260921-V1
ORL,0,HBGF,external,AVAILABLE,400,40,20,40,0.705,0.8478709318592885,0.6145426603914625,0.7026267026746902,f2588b2ea07b34d6aa333abeb092ef620e93b84692c3fb122da179450a46572f,2745696ae3f897d8944292625c4b5d58fe547a715f03049e7d3b21ea4907a65b,10c1a0bc61e741ca4f38ea5d7b9573f198803293d98a2c78ea22d5115ecbd767,74c181b239b7200108863b59a50e84828d7ef1052dac80d79ef1c1596885c374,PSFCE-REVISED-CORE10-REPLACEMENT-20260921-V1
ORL,0,CEHM,external,AVAILABLE,400,40,20,40,0.66,0.8482890018783817,0.42052294030587073,0.6672460282010002,f2588b2ea07b34d6aa333abeb092ef620e93b84692c3fb122da179450a46572f,2745696ae3f897d8944292625c4b5d58fe547a715f03049e7d3b21ea4907a65b,73ed6a99d731bf86404e2d252f1a20738284feafbee3430edcc3456e2af159d4,56bb38f1fa1026924f0a62a6277ddb83e295cfef3c6881fc0bd27e8afb74866d,PSFCE-REVISED-CORE10-REPLACEMENT-20260921-V1
ORL,0,YACHT,external,AVAILABLE,400,40,20,40,0.7175,0.8468168584791894,0.6096226418991633,0.7144992459399682,f2588b2ea07b34d6aa333abeb092ef620e93b84692c3fb122da179450a46572f,2745696ae3f897d8944292625c4b5d58fe547a715f03049e7d3b21ea4907a65b,f6f65c8d79d00f6a8993e5b7bf7385951458b4ef1f87575f9b89216c55d7b9df,9ee6be4cd2aebaba3b6a1840898486dadb28dfa75253a20b9089e5384b2230a4,PSFCE-REVISED-CORE10-REPLACEMENT-20260921-V1
ORL,0,RANGE,external,AVAILABLE,400,40,20,40,0.7625,0.8808290961325544,0.6656342390539208,0.7639048132432592,f2588b2ea07b34d6aa333abeb092ef620e93b84692c3fb122da179450a46572f,2745696ae3f897d8944292625c4b5d58fe547a715f03049e7d3b21ea4907a65b,4904eda28b7311fe265eaf313abbea79166b51c81fa698832a5fccbf5b50357e,c84ce4fca828103fab704b5fe2162e47c82e69c00dde6402e2051db3e9b5a4da,PSFCE-REVISED-CORE10-REPLACEMENT-20260921-V1
ORL,0,GPEC,external,AVAILABLE,400,40,20,40,0.6675,0.8622106022803957,0.5908108274901939,0.6332303150452898,f2588b2ea07b34d6aa333abeb092ef620e93b84692c3fb122da179450a46572f,2745696ae3f897d8944292625c4b5d58fe547a715f03049e7d3b21ea4907a65b,851e4056379bb22f6c0137bfed1537873176a41732eb8d8de6ae5d28cada34c1,a286bb39942f68147dce20ec004fda2044bb152feae5bb4fb707cc4551f757eb,PSFCE-REVISED-CORE10-REPLACEMENT-20260921-V1
ORL,0,PSF-CE,ours,AVAILABLE,400,40,20,40,0.675,0.8351457799801179,0.4724590118124844,0.675590253969277,f2588b2ea07b34d6aa333abeb092ef620e93b84692c3fb122da179450a46572f,2745696ae3f897d8944292625c4b5d58fe547a715f03049e7d3b21ea4907a65b,73c1de324a2c5e361514b5202cb25d31f361370415d8c651fe049d5c8125cfbb,cbb0362a3d922faf657c6f0ed0c454594459dffc49d402403ab11578db654c97,PSFCE-REVISED-CORE10-REPLACEMENT-20260921-V1
ORL,1,MCLA,external,AVAILABLE,400,40,20,40,0.75,0.8679785252550666,0.6655214435683977,0.7474906731293862,8d080deb9c8743bd73ca09a870ee42a748728429ac011eb7bf7516f5568ae47f,2745696ae3f897d8944292625c4b5d58fe547a715f03049e7d3b21ea4907a65b,cb2d4c3e7276c656d228ec04899dd88842f512cd1a6c2e509691930e0a6fe4af,2c731880324cb862d08e6822231274a581f351c0fb54497d0f155f72edcec880,PSFCE-REVISED-CORE10-REPLACEMENT-20260921-V1
ORL,1,HBGF,external,AVAILABLE,400,40,20,40,0.735,0.8625019223898042,0.6504588249314742,0.7351718001603249,8d080deb9c8743bd73ca09a870ee42a748728429ac011eb7bf7516f5568ae47f,2745696ae3f897d8944292625c4b5d58fe547a715f03049e7d3b21ea4907a65b,31d47e9f0fb13f43b5e000e8722ff1ecf0b08e972bafae62b07758dd28de3905,23da37fddd19d22fcfea0053e3eb6eb8f52b0792f1823e8dff869e108a567d34,PSFCE-REVISED-CORE10-REPLACEMENT-20260921-V1
ORL,1,CEHM,external,AVAILABLE,400,40,20,40,0.615,0.8200693963574438,0.35110847486237845,0.6271901062886736,8d080deb9c8743bd73ca09a870ee42a748728429ac011eb7bf7516f5568ae47f,2745696ae3f897d8944292625c4b5d58fe547a715f03049e7d3b21ea4907a65b,20d31e2432b37cc681ed544dd4698b6bd4bfb5314c01f77bcdd5f264d5193472,40349e4b747fffb67b7b5aa9cd871bae504abf4db9836d3863f5f562ad6b0171,PSFCE-REVISED-CORE10-REPLACEMENT-20260921-V1
ORL,1,YACHT,external,AVAILABLE,400,40,20,40,0.7475,0.8606247362810656,0.6324050481129531,0.7429517233758972,8d080deb9c8743bd73ca09a870ee42a748728429ac011eb7bf7516f5568ae47f,2745696ae3f897d8944292625c4b5d58fe547a715f03049e7d3b21ea4907a65b,6ea089af41f49e3a533f8873c65df4a2823410f5f89ecab0c22cf6e6c7d1c697,7b7644805f055415d174b7d21ecbbc71e31c5acf11539c71380a4f5162a8e237,PSFCE-REVISED-CORE10-REPLACEMENT-20260921-V1
ORL,1,RANGE,external,AVAILABLE,400,40,20,40,0.75,0.87460187796919,0.6573701607263468,0.7439169184298274,8d080deb9c8743bd73ca09a870ee42a748728429ac011eb7bf7516f5568ae47f,2745696ae3f897d8944292625c4b5d58fe547a715f03049e7d3b21ea4907a65b,74087d9ed914feb849a0b916a23d83913b760339a20614e243b4f5088a4d09fe,edc041c16e6743094da45fc8ccd432f954ac76576af86e6300812bf2969634d5,PSFCE-REVISED-CORE10-REPLACEMENT-20260921-V1
ORL,1,GPEC,external,AVAILABLE,400,40,20,40,0.745,0.8881967296155359,0.6834980221581328,0.728071273013821,8d080deb9c8743bd73ca09a870ee42a748728429ac011eb7bf7516f5568ae47f,2745696ae3f897d8944292625c4b5d58fe547a715f03049e7d3b21ea4907a65b,513097245cd6e32506630f3e21793f2eda1ddafba037f3d453fdc746693d900c,1afbe7c7e1d5d0ac994d129fdc70fd9f94d110458ae3c81fdc8f7db745a35a21,PSFCE-REVISED-CORE10-REPLACEMENT-20260921-V1
ORL,1,PSF-CE,ours,AVAILABLE,400,40,20,40,0.6375,0.8405616761634674,0.4472031287034842,0.6345685248969831,8d080deb9c8743bd73ca09a870ee42a748728429ac011eb7bf7516f5568ae47f,2745696ae3f897d8944292625c4b5d58fe547a715f03049e7d3b21ea4907a65b,943f72e9574cbf513755bcc02760c243c64a53a6072ee9ff13e12c71bc47b2b9,f936c815ad20c81605132b3281294f206505af37cf906d6e3289db5eb1dc2ff5,PSFCE-REVISED-CORE10-REPLACEMENT-20260921-V1
ORL,2,MCLA,external,AVAILABLE,400,40,20,40,0.77,0.878649823373336,0.6857464840657062,0.772398791775222,f33388c9b51681ece93d7414d3b04d5a7fe5ba476b1b72fdcfae458331b0b846,2745696ae3f897d8944292625c4b5d58fe547a715f03049e7d3b21ea4907a65b,3d0555c42158d8bf512071c016fd73557ec428ce76527255032f60888d3f803a,5e8480a3eb6144246c04a13440b84d8a3737725b76890f98481452f138634972,PSFCE-REVISED-CORE10-REPLACEMENT-20260921-V1
ORL,2,HBGF,external,AVAILABLE,400,40,20,40,0.765,0.8730703663231892,0.6715001008132266,0.7668382814258773,f33388c9b51681ece93d7414d3b04d5a7fe5ba476b1b72fdcfae458331b0b846,2745696ae3f897d8944292625c4b5d58fe547a715f03049e7d3b21ea4907a65b,a31959d0e869cb7afe4b9badb4008a7752889d1b7c4aae969c3cd914b1fe2d8b,b0368e323b5203cde9de1d4d086987c4493cf3479823e1afec1f1262b2e531af,PSFCE-REVISED-CORE10-REPLACEMENT-20260921-V1
ORL,2,CEHM,external,AVAILABLE,400,40,20,40,0.6925,0.8553682613081182,0.5040171331272627,0.6845548395311203,f33388c9b51681ece93d7414d3b04d5a7fe5ba476b1b72fdcfae458331b0b846,2745696ae3f897d8944292625c4b5d58fe547a715f03049e7d3b21ea4907a65b,15d1ddf1d9843893343f053c90a6a166aff9a46b565a4c90d60e358ee3e342b6,85a90e701b402e5154c37ad14e9a8cd60983e1887ce8ab2f08bbd0f987e047dd,PSFCE-REVISED-CORE10-REPLACEMENT-20260921-V1
ORL,2,YACHT,external,AVAILABLE,400,40,20,40,0.7225,0.85858326554502,0.6239028319135552,0.7082657511971743,f33388c9b51681ece93d7414d3b04d5a7fe5ba476b1b72fdcfae458331b0b846,2745696ae3f897d8944292625c4b5d58fe547a715f03049e7d3b21ea4907a65b,1d0b9a211205a8f4a5d040bb3ccef293f64f6822dc78cf9f0d6920f4e05e224e,2b4ce9a5d071a1629d6e1ef99dfade2a53d4951006cb43432d971aa8ba9711a5,PSFCE-REVISED-CORE10-REPLACEMENT-20260921-V1
ORL,2,RANGE,external,AVAILABLE,400,40,20,40,0.75,0.8753962093000378,0.6581113762672774,0.7461041502332388,f33388c9b51681ece93d7414d3b04d5a7fe5ba476b1b72fdcfae458331b0b846,2745696ae3f897d8944292625c4b5d58fe547a715f03049e7d3b21ea4907a65b,f8c678e8c5c38b03559fa31fc0d8287259d311aabb5c9d2cbfc35deaa62ac4a4,b621684357bc1eb36c11636c88089a3fcffb6223e4a608d603f35be080e0207d,PSFCE-REVISED-CORE10-REPLACEMENT-20260921-V1
ORL,2,GPEC,external,AVAILABLE,400,40,20,40,0.7,0.8517154684049086,0.5860184245645631,0.6830409685862339,f33388c9b51681ece93d7414d3b04d5a7fe5ba476b1b72fdcfae458331b0b846,2745696ae3f897d8944292625c4b5d58fe547a715f03049e7d3b21ea4907a65b,4ce71f10d28ca0d927866133baa49386f34f9a92230c7be36b30c08d76fe744b,3510bd33dbce422389e7673098091a9938dd1ad32a6b6e4e870977a49c602d65,PSFCE-REVISED-CORE10-REPLACEMENT-20260921-V1
ORL,2,PSF-CE,ours,AVAILABLE,400,40,20,40,0.665,0.8394223089183184,0.4767931641582025,0.6566011980734027,f33388c9b51681ece93d7414d3b04d5a7fe5ba476b1b72fdcfae458331b0b846,2745696ae3f897d8944292625c4b5d58fe547a715f03049e7d3b21ea4907a65b,2e50015c8c56236847c67e49c1f486acd1b33b23753ac17fc417ed4892113446,b2cf7a62729832f6a8fa0b136502f8f9770e1be68a7054cb1fa862ee8328f65e,PSFCE-REVISED-CORE10-REPLACEMENT-20260921-V1
ACM,0,MCLA,external,AVAILABLE,3025,3,20,3,0.7004958677685951,0.4241671544286141,0.41139223393155444,0.6943357256142476,c54cddd4650e11280086724e1c6031998a322b15d7fdaf9bcdf9370639eb4b63,6fddfd2a50ae0e6d873640933d4393b1ff642795543e25860fb27d820fd48a76,fd1d948837e8a59d4b52543c938681ca72e25e303a8ab9372a2e8db69e67e729,66a4ff7790cd67bb902ae3683b8a982110563e2d3c4fbb9b77e8b619fd6cfcc8,PSFCE-REVISED-CORE10-REPLACEMENT-20260921-V1
ACM,0,HBGF,external,AVAILABLE,3025,3,20,3,0.6115702479338843,0.2938453526680527,0.2744544211333989,0.6141321408504364,c54cddd4650e11280086724e1c6031998a322b15d7fdaf9bcdf9370639eb4b63,6fddfd2a50ae0e6d873640933d4393b1ff642795543e25860fb27d820fd48a76,8af9c24135791619b528269a0c81ccee472f807afe1ee3f227206d17bdd606d3,0cd2eaa173eee241e9c74c57fa6b2d56e09a21b2ecf79d2eeea85f7ce2c6fa16,PSFCE-REVISED-CORE10-REPLACEMENT-20260921-V1
ACM,0,CEHM,external,AVAILABLE,3025,3,20,3,0.6819834710743802,0.4511453180812425,0.4122752687420769,0.6885080049993322,c54cddd4650e11280086724e1c6031998a322b15d7fdaf9bcdf9370639eb4b63,6fddfd2a50ae0e6d873640933d4393b1ff642795543e25860fb27d820fd48a76,aaa58d45303bcc49cb8fcfaa1ec2a43eadcf57fcf494aff17a958c7844aa154e,add1c7f0a1a3fa566e2e799321bc46add3d9398de6707c7b71f70cf83b85b042,PSFCE-REVISED-CORE10-REPLACEMENT-20260921-V1
ACM,0,YACHT,external,AVAILABLE,3025,3,20,3,0.687603305785124,0.45378992416163444,0.41667195007546803,0.6936420832069347,c54cddd4650e11280086724e1c6031998a322b15d7fdaf9bcdf9370639eb4b63,6fddfd2a50ae0e6d873640933d4393b1ff642795543e25860fb27d820fd48a76,5c8e637dbeb11376cf65259bbe6053c873ce8a3713649b641bb86c5756a5151a,fff0071a1913946301125f96a126e2341aeb7dbd2d5a26fa3c18179431a2c3ac,PSFCE-REVISED-CORE10-REPLACEMENT-20260921-V1
ACM,0,RANGE,external,AVAILABLE,3025,3,20,3,0.8052892561983471,0.5084696393174188,0.5345892224103471,0.8014146473611697,c54cddd4650e11280086724e1c6031998a322b15d7fdaf9bcdf9370639eb4b63,6fddfd2a50ae0e6d873640933d4393b1ff642795543e25860fb27d820fd48a76,8eeeea3f25854212f0822b41634af9ee161cc82a7bc4469027d8f090bb4bea73,25a7aa35539a30b2c1ae34d47cde77b50473badd89c188d0d36eacd1fabbd8e8,PSFCE-REVISED-CORE10-REPLACEMENT-20260921-V1
ACM,0,GPEC,external,AVAILABLE,3025,3,20,3,0.6895867768595041,0.45302582067093816,0.421050528215674,0.6943004299848626,c54cddd4650e11280086724e1c6031998a322b15d7fdaf9bcdf9370639eb4b63,6fddfd2a50ae0e6d873640933d4393b1ff642795543e25860fb27d820fd48a76,a28caeb2aeb6c8eaf07984bb2df80a83d56814b3c458c9b016cfce1aa1218fd4,c2766595167215effc55be351d264a78746b104930c69940ecf156c662915f15,PSFCE-REVISED-CORE10-REPLACEMENT-20260921-V1
ACM,0,PSF-CE,ours,AVAILABLE,3025,3,20,3,0.6833057851239669,0.45451051242889573,0.4126658819291506,0.6902058667697689,c54cddd4650e11280086724e1c6031998a322b15d7fdaf9bcdf9370639eb4b63,6fddfd2a50ae0e6d873640933d4393b1ff642795543e25860fb27d820fd48a76,3e678df42a8a0c1aaef2e6931faf66b2767ce3eddc3dccf434766cc641b567fe,399bae58a82adda5253a0793502b32769f03b8ed6ab41f0f6c06b65e26996023,PSFCE-REVISED-CORE10-REPLACEMENT-20260921-V1
ACM,1,MCLA,external,AVAILABLE,3025,3,20,3,0.6439669421487604,0.39479377099966856,0.38676464646397885,0.6178553569982798,090ab7b1b15c79cb0da59e5a08813c61fd4558d28389f74c22ec210e1db1b7cc,6fddfd2a50ae0e6d873640933d4393b1ff642795543e25860fb27d820fd48a76,982e104d1e7615fda09292f977870f6c94d180cd14a56a1bbbaca6b73029e6d7,99289c3eeedaa5281780f6c61c4573a14cc08ef5b0b73fdc94d4b64b998cb8ca,PSFCE-REVISED-CORE10-REPLACEMENT-20260921-V1
ACM,1,HBGF,external,AVAILABLE,3025,3,20,3,0.7573553719008265,0.4763958424096775,0.47187271398987574,0.7593747928360086,090ab7b1b15c79cb0da59e5a08813c61fd4558d28389f74c22ec210e1db1b7cc,6fddfd2a50ae0e6d873640933d4393b1ff642795543e25860fb27d820fd48a76,d9eb8ffd7ae2489ddb72b7f8231171a448e84af74bca0f611666f9dc88d7fd50,ea43c1e882a8622cb5fbfa8260b2cae6a7ad1c0d595fe7fe20c78ce6ee353322,PSFCE-REVISED-CORE10-REPLACEMENT-20260921-V1
ACM,1,CEHM,external,AVAILABLE,3025,3,20,3,0.6763636363636364,0.4458974005618147,0.40983860707407604,0.6812447682796705,090ab7b1b15c79cb0da59e5a08813c61fd4558d28389f74c22ec210e1db1b7cc,6fddfd2a50ae0e6d873640933d4393b1ff642795543e25860fb27d820fd48a76,afc014256af6cd15256c6b640c0c161a962797daaa4f37404169406f46058863,9ed8a80dbcdb1b230a4972c9fa0d7f19a3bcec9c0a59de0b3b9c3fc594ee1a6d,PSFCE-REVISED-CORE10-REPLACEMENT-20260921-V1
ACM,1,YACHT,external,AVAILABLE,3025,3,20,3,0.6892561983471074,0.44831036489362297,0.41018052726818843,0.6964426274111379,090ab7b1b15c79cb0da59e5a08813c61fd4558d28389f74c22ec210e1db1b7cc,6fddfd2a50ae0e6d873640933d4393b1ff642795543e25860fb27d820fd48a76,41a437361e263d138e6750f53a773348fe98708f965d9f383caa083dcf13993f,b28e03e17a152c2e0d7e0707a54bd843d1e784bb8e3f931d97db965335c283a4,PSFCE-REVISED-CORE10-REPLACEMENT-20260921-V1
ACM,1,RANGE,external,AVAILABLE,3025,3,20,3,0.8036363636363636,0.5082114434203996,0.5320513588367535,0.8006667449001545,090ab7b1b15c79cb0da59e5a08813c61fd4558d28389f74c22ec210e1db1b7cc,6fddfd2a50ae0e6d873640933d4393b1ff642795543e25860fb27d820fd48a76,bc874300641934b49d73e0f8db9b826912a3bab940672f1292d9c8bbf3aa6a00,91731bdbc0885f7dfdbc4a7a3e433b6edfe41716c83f14793334d5a87628a3c9,PSFCE-REVISED-CORE10-REPLACEMENT-20260921-V1
ACM,1,GPEC,external,AVAILABLE,3025,3,20,3,0.6909090909090909,0.4562802573575323,0.41854222278333175,0.6972154710805962,090ab7b1b15c79cb0da59e5a08813c61fd4558d28389f74c22ec210e1db1b7cc,6fddfd2a50ae0e6d873640933d4393b1ff642795543e25860fb27d820fd48a76,4c897187d90db0a91242c01c209f6974df27c4779148e88cffbee57da7067db5,227d4bb22fe5318c81feb6c52b07f74be8a24687ebede8daec8622f07dfd2bb0,PSFCE-REVISED-CORE10-REPLACEMENT-20260921-V1
ACM,1,PSF-CE,ours,AVAILABLE,3025,3,20,3,0.6813223140495868,0.45607252239356444,0.4111198093621884,0.6883781380667809,090ab7b1b15c79cb0da59e5a08813c61fd4558d28389f74c22ec210e1db1b7cc,6fddfd2a50ae0e6d873640933d4393b1ff642795543e25860fb27d820fd48a76,db13c17691c3fab23b8332c83cdbd0b7a0d00f56a86cd4b4b7fb1a1a3edf5f9f,094931d47bd733518a34c5e9bf2ad47ad00db97cbff23f0fb9e0eddb3d784a57,PSFCE-REVISED-CORE10-REPLACEMENT-20260921-V1
ACM,2,MCLA,external,AVAILABLE,3025,3,20,3,0.6327272727272727,0.37427173176947776,0.36376365708051345,0.623456994129796,827cc436b7c06c8368cf83b5bd317193144c6fde0557d00dcee5d486db9379d0,6fddfd2a50ae0e6d873640933d4393b1ff642795543e25860fb27d820fd48a76,05ce53ee81a20f14bcc38e69e7578e4d982e672cc43ed96e6c5f4aa78a8985da,733bbfdc0ed78eee0efd9dac3285d010cee4597cdc68aeca463aa3e377af9b61,PSFCE-REVISED-CORE10-REPLACEMENT-20260921-V1
ACM,2,HBGF,external,AVAILABLE,3025,3,20,3,0.607603305785124,0.28640542446632306,0.26790318557786896,0.6101518333762282,827cc436b7c06c8368cf83b5bd317193144c6fde0557d00dcee5d486db9379d0,6fddfd2a50ae0e6d873640933d4393b1ff642795543e25860fb27d820fd48a76,6cc467f2d7cfe653eb681756ee60ffa66eef20c808bd291d1a0d031205863cfe,3e58894f8979166caf3558e3b13b01b4b8450f65ba0a4c0c1dffc0cbb9f963e8,PSFCE-REVISED-CORE10-REPLACEMENT-20260921-V1
ACM,2,CEHM,external,AVAILABLE,3025,3,20,3,0.6862809917355371,0.4584142566479405,0.4215767283465156,0.6916148784690277,827cc436b7c06c8368cf83b5bd317193144c6fde0557d00dcee5d486db9379d0,6fddfd2a50ae0e6d873640933d4393b1ff642795543e25860fb27d820fd48a76,9d7c44440c7670b672f21ec46dca2c3f1f113fd435be4dc7164daf50228624f5,9fa9ba5207703ef1fa57906f594f2da820684f8888c66a01af23d3c201f63ce7,PSFCE-REVISED-CORE10-REPLACEMENT-20260921-V1
ACM,2,YACHT,external,AVAILABLE,3025,3,20,3,0.6869421487603306,0.4592830101569522,0.4224671331030148,0.6922395048100664,827cc436b7c06c8368cf83b5bd317193144c6fde0557d00dcee5d486db9379d0,6fddfd2a50ae0e6d873640933d4393b1ff642795543e25860fb27d820fd48a76,bde7e5d3778de7f48c02a1f84ec6d9fe900b784cde4b6732a69851505f0a8359,b5c299da49e3b12b9021222285c2209347eb5f0ee78cc47a2ecc5f36f78f5ddf,PSFCE-REVISED-CORE10-REPLACEMENT-20260921-V1
ACM,2,RANGE,external,AVAILABLE,3025,3,20,3,0.7676033057851239,0.4805225813915203,0.4606149064503256,0.7744161699719818,827cc436b7c06c8368cf83b5bd317193144c6fde0557d00dcee5d486db9379d0,6fddfd2a50ae0e6d873640933d4393b1ff642795543e25860fb27d820fd48a76,36a1dd8f3e1d326d55e2e7145dd095951f8d8112b9fbfd9ddbbf2256c081acd4,bd1e59a6726b61217cbf1d7e2e340bfd00b6e8ca662b5733c095e25c847dbd58,PSFCE-REVISED-CORE10-REPLACEMENT-20260921-V1
ACM,2,GPEC,external,AVAILABLE,3025,3,20,3,0.6925619834710743,0.46198146219588326,0.43033750134726934,0.6962345495121066,827cc436b7c06c8368cf83b5bd317193144c6fde0557d00dcee5d486db9379d0,6fddfd2a50ae0e6d873640933d4393b1ff642795543e25860fb27d820fd48a76,bf4af4f6f82552d8cc70c156ae78a982ff3032fbdf6a6c57188378738e46a7ae,508c64d3c78c6ff24665cfc7c6a79e576bdee9d789e518b75da15e1b1a831aec,PSFCE-REVISED-CORE10-REPLACEMENT-20260921-V1
ACM,2,PSF-CE,ours,AVAILABLE,3025,3,20,3,0.6892561983471074,0.4646639750918023,0.4238158639774586,0.6951129801366972,827cc436b7c06c8368cf83b5bd317193144c6fde0557d00dcee5d486db9379d0,6fddfd2a50ae0e6d873640933d4393b1ff642795543e25860fb27d820fd48a76,5558a4026c9df4b6c25932f85635ef49797d4f295f12636abd1a9adb05ee9f8a,e59bc2dc8d255d44b16cb91fbe75ba8f09d70426c6c46eab277037d9c989c272,PSFCE-REVISED-CORE10-REPLACEMENT-20260921-V1
Iris,0,MCLA,external,AVAILABLE,150,3,20,3,0.8133333333333334,0.6412741266574404,0.5917675070941648,0.8130341880341881,5701ed0cd94ed20c161832a23b22205d1dbc42c20a8bc913e54c9184a3cc341d,4a6a37bf170811d96e7a0037885a4e551c8c43ea2e842868ff0c5c18b56dcfbc,38224a0b9bb71b97e9b34e93ff5f8aaedc37c197a19268bbedff004b7534fb2d,d2cbe8b186f3c7883d6922970f8abd681920822204a842d8640d36165590d34b,PSFCE-REVISED-CORE10-REPLACEMENT-20260921-V1
Iris,0,HBGF,external,AVAILABLE,150,3,20,3,0.8133333333333334,0.6162206156967887,0.580252001964217,0.8142206377500495,5701ed0cd94ed20c161832a23b22205d1dbc42c20a8bc913e54c9184a3cc341d,4a6a37bf170811d96e7a0037885a4e551c8c43ea2e842868ff0c5c18b56dcfbc,256bc6971708d7de0c70259cb471b964bde5b306591512fe2d68d6bbdeefb849,5c7e7556bec0285082841e32ebb077e27b8c8486628d5612fb92a2092819de1e,PSFCE-REVISED-CORE10-REPLACEMENT-20260921-V1
Iris,0,CEHM,external,AVAILABLE,150,3,20,3,0.82,0.6478741489729217,0.6011286543750637,0.8195488721804511,5701ed0cd94ed20c161832a23b22205d1dbc42c20a8bc913e54c9184a3cc341d,4a6a37bf170811d96e7a0037885a4e551c8c43ea2e842868ff0c5c18b56dcfbc,27b0818ff776ec68c2b8df7fe592aa0b6624dafe14eff6962ac55fcfc8dc73e4,25a8b8f1055a26b4786b520d84f7535a791c4eef5b14fae0a86166b166f6b856,PSFCE-REVISED-CORE10-REPLACEMENT-20260921-V1
Iris,0,YACHT,external,AVAILABLE,150,3,20,3,0.8266666666666667,0.6289278479017948,0.5997091761850935,0.8274905921964746,5701ed0cd94ed20c161832a23b22205d1dbc42c20a8bc913e54c9184a3cc341d,4a6a37bf170811d96e7a0037885a4e551c8c43ea2e842868ff0c5c18b56dcfbc,263fa03be76bb9492e3b4d9b07afb2ca2a594697c7cbc690606bca7934565cd2,a553287162f45f20195138cd44f6f4554847625dc5bea7c69bd5071edb9c8860,PSFCE-REVISED-CORE10-REPLACEMENT-20260921-V1
Iris,0,RANGE,external,AVAILABLE,150,3,20,3,0.8066666666666666,0.6110929132666966,0.5710590418587337,0.8073472823472824,5701ed0cd94ed20c161832a23b22205d1dbc42c20a8bc913e54c9184a3cc341d,4a6a37bf170811d96e7a0037885a4e551c8c43ea2e842868ff0c5c18b56dcfbc,7c33caeb41418c1a04d8ae053111506e1f1e03ef16011b6143c5c96bd1bc6411,b520f879764217c3bde0ba02d28d81e2ecd52e78033e226be1613b0b7e74b0ff,PSFCE-REVISED-CORE10-REPLACEMENT-20260921-V1
Iris,0,GPEC,external,AVAILABLE,150,3,20,3,0.8133333333333334,0.6412741266574404,0.5917675070941648,0.8130341880341881,5701ed0cd94ed20c161832a23b22205d1dbc42c20a8bc913e54c9184a3cc341d,4a6a37bf170811d96e7a0037885a4e551c8c43ea2e842868ff0c5c18b56dcfbc,e422c814fc0fcea35eaa327bf372e53a78408ca3fb7f1dbe9c5e6d7f8fd0c774,4e6aa274044994673d65eb18b10ac90effce0a9c1e186a1cb0b1b96e660a655d,PSFCE-REVISED-CORE10-REPLACEMENT-20260921-V1
Iris,0,PSF-CE,ours,AVAILABLE,150,3,20,3,0.8066666666666666,0.6110929132666966,0.5710590418587337,0.8073472823472824,5701ed0cd94ed20c161832a23b22205d1dbc42c20a8bc913e54c9184a3cc341d,4a6a37bf170811d96e7a0037885a4e551c8c43ea2e842868ff0c5c18b56dcfbc,e65b5431718790f23d93665795da1c01e111914a368648daea0aed8956ac01cc,d6983436de23f4b7f0c4c975a74ffc69e4ef8f28c51f3db385859853d0280df5,PSFCE-REVISED-CORE10-REPLACEMENT-20260921-V1
Iris,1,MCLA,external,AVAILABLE,150,3,20,3,0.8266666666666667,0.6534762508409035,0.6103971645085184,0.8263888888888888,3ed92bb10de2f71084c32c2a9ad9cb84de3df554853516ed6d5df58a52ab6d9f,4a6a37bf170811d96e7a0037885a4e551c8c43ea2e842868ff0c5c18b56dcfbc,a9e602abf8245d0ec7b5c73cd7eeb3fe41c669236a53080dc6279910115ca567,168600c4fc266e876033d996a4a3e9ce74f88ddd8f65fe7fded311265ecc88fc,PSFCE-REVISED-CORE10-REPLACEMENT-20260921-V1
Iris,1,HBGF,external,AVAILABLE,150,3,20,3,0.8266666666666667,0.6289278479017948,0.5997091761850935,0.8274905921964746,3ed92bb10de2f71084c32c2a9ad9cb84de3df554853516ed6d5df58a52ab6d9f,4a6a37bf170811d96e7a0037885a4e551c8c43ea2e842868ff0c5c18b56dcfbc,2ee3f9f2a5e0a8a5b61f810e310a82f4bbd4916dfd5458b546080b61484eb82b,dc0034411a33abeaeedd15dc447f61acbfd61edb469c6ac62c0f9330567a2a51,PSFCE-REVISED-CORE10-REPLACEMENT-20260921-V1
Iris,1,CEHM,external,AVAILABLE,150,3,20,3,0.82,0.6478741489729217,0.6011286543750637,0.8195488721804511,3ed92bb10de2f71084c32c2a9ad9cb84de3df554853516ed6d5df58a52ab6d9f,4a6a37bf170811d96e7a0037885a4e551c8c43ea2e842868ff0c5c18b56dcfbc,65be91baa7439dc100b02a3a0d534da2118796f5b1a1d6e276a1c48147bec3b9,0a5bc706f137fea28e08c7d0a32f488e7494a71cc070bd8db384085edcec9490,PSFCE-REVISED-CORE10-REPLACEMENT-20260921-V1
Iris,1,YACHT,external,AVAILABLE,150,3,20,3,0.6066666666666667,0.3186223462400468,0.2259750606906435,0.6219047619047618,3ed92bb10de2f71084c32c2a9ad9cb84de3df554853516ed6d5df58a52ab6d9f,4a6a37bf170811d96e7a0037885a4e551c8c43ea2e842868ff0c5c18b56dcfbc,3f17b631b4733f79ca3255ae13720e92264bd65b08a33714acc6c3aca9f6a9fe,d75c7af191a53931ec2c2ea65cc01803aedba14f3a6d112ba626cbf231b7118c,PSFCE-REVISED-CORE10-REPLACEMENT-20260921-V1
Iris,1,RANGE,external,AVAILABLE,150,3,20,3,0.8066666666666666,0.6110929132666966,0.5710590418587337,0.8073472823472824,3ed92bb10de2f71084c32c2a9ad9cb84de3df554853516ed6d5df58a52ab6d9f,4a6a37bf170811d96e7a0037885a4e551c8c43ea2e842868ff0c5c18b56dcfbc,2d1cc0261fa951f01c1e68b5b49276d5ea6daa0014ba7a37ba71f9dbe93c851b,f383a74946a29c5e011b7cfe7776f24cf8c89421ac72dbfd620b83fe8dd23dd6,PSFCE-REVISED-CORE10-REPLACEMENT-20260921-V1
Iris,1,GPEC,external,AVAILABLE,150,3,20,3,0.82,0.6478741489729217,0.6011286543750637,0.8195488721804511,3ed92bb10de2f71084c32c2a9ad9cb84de3df554853516ed6d5df58a52ab6d9f,4a6a37bf170811d96e7a0037885a4e551c8c43ea2e842868ff0c5c18b56dcfbc,925bba6d4b1cbc00e7001fce1e6cba35f8dc1293a63bf01b31bb5ba85bd7796d,82475b5133ca1353aa60732e0e04dc23eeee256c38da9d007dad0804d77c8e12,PSFCE-REVISED-CORE10-REPLACEMENT-20260921-V1
Iris,1,PSF-CE,ours,AVAILABLE,150,3,20,3,0.82,0.6478741489729217,0.6011286543750637,0.8195488721804511,3ed92bb10de2f71084c32c2a9ad9cb84de3df554853516ed6d5df58a52ab6d9f,4a6a37bf170811d96e7a0037885a4e551c8c43ea2e842868ff0c5c18b56dcfbc,40616d971c9d87182d7bfcb13e3c28882c699a0a13b8dc7052d5e9233508bf38,7295699d2d59e939d1d3eea3a301c497eee2e5262026f3edd4b4f05e636207b9,PSFCE-REVISED-CORE10-REPLACEMENT-20260921-V1
Iris,2,MCLA,external,AVAILABLE,150,3,20,3,0.8266666666666667,0.6525582020084985,0.6100728505285608,0.8265973055889022,52eee3e7c59ab74164ac773cb692c65b2f199d4b23ad08bdc82675a71337188c,4a6a37bf170811d96e7a0037885a4e551c8c43ea2e842868ff0c5c18b56dcfbc,14f2de0d41fe51136b782913ac0397ec7b696b6437613f741126f844edf5c196,b224ceeec9c79ccd6d81a1b12ce0826c92d50cfd55e53793b13ef9266b05f0f8,PSFCE-REVISED-CORE10-REPLACEMENT-20260921-V1
Iris,2,HBGF,external,AVAILABLE,150,3,20,3,0.8266666666666667,0.6289278479017948,0.5997091761850935,0.8274905921964746,52eee3e7c59ab74164ac773cb692c65b2f199d4b23ad08bdc82675a71337188c,4a6a37bf170811d96e7a0037885a4e551c8c43ea2e842868ff0c5c18b56dcfbc,61f55f63d7ef20e68a075c7a4180e15d5e66495901f03bfe2aeca3be63485fd3,1e07f0bbc606d72b533205d650a9120e21ee64dfc5aef434f9c1eaadd28d620a,PSFCE-REVISED-CORE10-REPLACEMENT-20260921-V1
Iris,2,CEHM,external,AVAILABLE,150,3,20,3,0.8266666666666667,0.6525582020084985,0.6100728505285608,0.8265973055889022,52eee3e7c59ab74164ac773cb692c65b2f199d4b23ad08bdc82675a71337188c,4a6a37bf170811d96e7a0037885a4e551c8c43ea2e842868ff0c5c18b56dcfbc,e413d6149be2299510459b62057cf2a3081c8e2b28efdca7b9f0b3675c0325a9,4add520601102de930a8f60f86085fac65cacd7d5a95cc0ba1a164e5a5f6b9dd,PSFCE-REVISED-CORE10-REPLACEMENT-20260921-V1
Iris,2,YACHT,external,AVAILABLE,150,3,20,3,0.8866666666666667,0.7127934063737312,0.7073341428383846,0.8866742145561451,52eee3e7c59ab74164ac773cb692c65b2f199d4b23ad08bdc82675a71337188c,4a6a37bf170811d96e7a0037885a4e551c8c43ea2e842868ff0c5c18b56dcfbc,3492d01069a6cb425aef816e2dbb6f78963827574593b65bb21c1e1507f0fb38,e9a49b5a4b5bf9b2c251c92ae425f8f7279f0285d62aaf2bea3a48fa3ab4f4ee,PSFCE-REVISED-CORE10-REPLACEMENT-20260921-V1
Iris,2,RANGE,external,AVAILABLE,150,3,20,3,0.82,0.6225586471963948,0.5896890897890412,0.8208189817066378,52eee3e7c59ab74164ac773cb692c65b2f199d4b23ad08bdc82675a71337188c,4a6a37bf170811d96e7a0037885a4e551c8c43ea2e842868ff0c5c18b56dcfbc,62f96ac6a6cb636bdd6ccf1b2640465c1f2b6137e55aeb74914181bb5473745c,2ffd1a83cd33d5abc725b01b2b89d3d35d07d1b5abb748acb39d1130ab1d82e3,PSFCE-REVISED-CORE10-REPLACEMENT-20260921-V1
Iris,2,GPEC,external,AVAILABLE,150,3,20,3,0.8266666666666667,0.6525582020084985,0.6100728505285608,0.8265973055889022,52eee3e7c59ab74164ac773cb692c65b2f199d4b23ad08bdc82675a71337188c,4a6a37bf170811d96e7a0037885a4e551c8c43ea2e842868ff0c5c18b56dcfbc,0d4485af2c7086c29fbc08fc398616d4c3dabac78546eb5bf608c86e7ff45585,e3894c8211c44219c0516f6872d87cbb855066a0e48476052f48077259b8702b,PSFCE-REVISED-CORE10-REPLACEMENT-20260921-V1
Iris,2,PSF-CE,ours,AVAILABLE,150,3,20,3,0.8266666666666667,0.6525582020084985,0.6100728505285608,0.8265973055889022,52eee3e7c59ab74164ac773cb692c65b2f199d4b23ad08bdc82675a71337188c,4a6a37bf170811d96e7a0037885a4e551c8c43ea2e842868ff0c5c18b56dcfbc,c69c5a16397c863182b5a5a1b8244200202e0c2f49fada7ab8bd0204bba23437,8f44d94b5abbb6d8601a7fdb454576e189345e505c93116cbf75bc379a129baf,PSFCE-REVISED-CORE10-REPLACEMENT-20260921-V1
Mushroom,0,MCLA,external,AVAILABLE,8124,2,20,2,0.7284588872476613,0.15729599880060752,0.20865859850144947,0.7263570239688152,bcb2fdeeba5407fb9a96b0dbc2cfe16ef8ef540a4bcdc6ed996b2c12c0e3353d,28439a58621437f0f132b5143b798e36341eaa5ccd766504dcca3ffefcf24cea,04aefd7d0daa19cbd1b3c434d55f0cbc1a1d693d826e0482aa0f71cba8727d67,59fc4e438f1036374ee2bef7ac60e792e8f7b7ec5fc9494e170f922b4cdddcd8,PSFCE-REVISED-CORE10-REPLACEMENT-20260921-V1
Mushroom,0,HBGF,external,AVAILABLE,8124,2,20,2,0.7742491383554899,0.22997886756225916,0.30076438980556075,0.7741762034227742,bcb2fdeeba5407fb9a96b0dbc2cfe16ef8ef540a4bcdc6ed996b2c12c0e3353d,28439a58621437f0f132b5143b798e36341eaa5ccd766504dcca3ffefcf24cea,adfb76263174253bd8352d791da64665e425eabe0d80ef9336b1032d80b572a3,23036d8fa7f880a1656c303634bbba802031be3a700684be18ff86786ca6a68c,PSFCE-REVISED-CORE10-REPLACEMENT-20260921-V1
Mushroom,0,CEHM,external,AVAILABLE,8124,2,20,2,0.7306745445593303,0.3086447059708206,0.2124422064360982,0.7029972242131595,bcb2fdeeba5407fb9a96b0dbc2cfe16ef8ef540a4bcdc6ed996b2c12c0e3353d,28439a58621437f0f132b5143b798e36341eaa5ccd766504dcca3ffefcf24cea,1cd9971e1ba5b3c2d6237ecc91baa02dac90a422b2bf22a24773572ea32653e9,55c3730c1632213a4864ba3f050c447cb0cb3e20f22136136eb50aa4854daea6,PSFCE-REVISED-CORE10-REPLACEMENT-20260921-V1
Mushroom,0,YACHT,external,AVAILABLE,8124,2,20,2,0.5185869030034466,0.0017243137738575066,0.0011797303513508674,0.5124289030902357,bcb2fdeeba5407fb9a96b0dbc2cfe16ef8ef540a4bcdc6ed996b2c12c0e3353d,28439a58621437f0f132b5143b798e36341eaa5ccd766504dcca3ffefcf24cea,842dd879fb87fa0ff5fa9d7c818b9c5ebcebdd8b3f4828524b0121e7ad518056,fb2e8b8be207c18a588540a0dd3f029d5ae7e0045e86559b2162088a6ee1db25,PSFCE-REVISED-CORE10-REPLACEMENT-20260921-V1
Mushroom,0,RANGE,external,AVAILABLE,8124,2,20,2,0.655588380108321,0.07220262828432114,0.09667012850716719,0.6499839119448758,bcb2fdeeba5407fb9a96b0dbc2cfe16ef8ef540a4bcdc6ed996b2c12c0e3353d,28439a58621437f0f132b5143b798e36341eaa5ccd766504dcca3ffefcf24cea,37d624f017bbaf3eae7c3496e05e646626ee11c6ec0a5a29856bc6cee3dd4dab,7358064893c1d9e05140c749b96b6d8f0be7c500ae041f43044f5d15006e7313,PSFCE-REVISED-CORE10-REPLACEMENT-20260921-V1
Mushroom,0,GPEC,external,AVAILABLE,8124,2,20,2,0.6479566715903495,0.07362223466137771,0.08728736979418969,0.6309492193506003,bcb2fdeeba5407fb9a96b0dbc2cfe16ef8ef540a4bcdc6ed996b2c12c0e3353d,28439a58621437f0f132b5143b798e36341eaa5ccd766504dcca3ffefcf24cea,ee4584622a1f80a7f7b023c78b38c20dc0924c7b8cc86afa6931eeecb5fd6a2e,2f75ce9a5fb8a1bbf45de111cdb77e4a0bde321289939639e48f822ea7ddea84,PSFCE-REVISED-CORE10-REPLACEMENT-20260921-V1
Mushroom,0,PSF-CE,ours,AVAILABLE,8124,2,20,2,0.7303052683407188,0.28581544561778516,0.21177409996276506,0.7038289358775767,bcb2fdeeba5407fb9a96b0dbc2cfe16ef8ef540a4bcdc6ed996b2c12c0e3353d,28439a58621437f0f132b5143b798e36341eaa5ccd766504dcca3ffefcf24cea,b0021cc1ab7e435325d8c0bb6f6b68f40725158d9875498c898257959f0f4fc4,7595b4ad499cfebfa490a57109f4d6b3191dece68f362600fcd479b9b3fd5370,PSFCE-REVISED-CORE10-REPLACEMENT-20260921-V1
Mushroom,1,MCLA,external,AVAILABLE,8124,2,20,2,0.7944362383062531,0.2666668619580001,0.34668958894548146,0.7941847171789744,cd8a189a0c8f7c35e61b9be18d85fc0356bdac9a6b9a9f6071e8fdd1e19930c6,28439a58621437f0f132b5143b798e36341eaa5ccd766504dcca3ffefcf24cea,13e90fbcb9a03b89d2145c0b12a661a4e63b17afa98c28fa921eae094b89cd73,b4e13f3619e0d964fa30f77f68c2cc7ed3dd6d62c753cc4240356da006d20876,PSFCE-REVISED-CORE10-REPLACEMENT-20260921-V1
Mushroom,1,HBGF,external,AVAILABLE,8124,2,20,2,0.7786804529788282,0.23796219684858028,0.3105664148817807,0.7786089497023707,cd8a189a0c8f7c35e61b9be18d85fc0356bdac9a6b9a9f6071e8fdd1e19930c6,28439a58621437f0f132b5143b798e36341eaa5ccd766504dcca3ffefcf24cea,bdf00a33d3d94d25e5187c1c4ef3481c00aba54453f2eec1b041cc50ecf7aee8,7992fa8ef872f215cc606502bcdfa245eb6591a3b7936dde63327044dac3fe0c,PSFCE-REVISED-CORE10-REPLACEMENT-20260921-V1
Mushroom,1,CEHM,external,AVAILABLE,8124,2,20,2,0.7306745445593303,0.3086447059708206,0.2124422064360982,0.7029972242131595,cd8a189a0c8f7c35e61b9be18d85fc0356bdac9a6b9a9f6071e8fdd1e19930c6,28439a58621437f0f132b5143b798e36341eaa5ccd766504dcca3ffefcf24cea,8283c8dc0181eea753145c6579e3456611cb2310e8f41387d7ca3f0acf30b18b,55c3730c1632213a4864ba3f050c447cb0cb3e20f22136136eb50aa4854daea6,PSFCE-REVISED-CORE10-REPLACEMENT-20260921-V1
Mushroom,1,YACHT,external,AVAILABLE,8124,2,20,2,0.5289266371245692,0.002030824491505306,0.0031943331525012804,0.5243255168699671,cd8a189a0c8f7c35e61b9be18d85fc0356bdac9a6b9a9f6071e8fdd1e19930c6,28439a58621437f0f132b5143b798e36341eaa5ccd766504dcca3ffefcf24cea,3e86956ddce511d3174a66ed29be0c3d76ea10d99663214e22b79b8ce018e01e,364df971ef0d3eff400e922896b7f93769793e1085040c9bd52c2be2bf3b4656,PSFCE-REVISED-CORE10-REPLACEMENT-20260921-V1
Mushroom,1,RANGE,external,AVAILABLE,8124,2,20,2,0.7159034958148696,0.14894054572861837,0.1863352235404937,0.714941266643915,cd8a189a0c8f7c35e61b9be18d85fc0356bdac9a6b9a9f6071e8fdd1e19930c6,28439a58621437f0f132b5143b798e36341eaa5ccd766504dcca3ffefcf24cea,a194e632ba63575f267b81a60830c95a975fa98c7795d596b9f95da07c24cf92,59a65606b1e3277736dd7735fd57fa5503246a2e62903bb5923acd8689a795d4,PSFCE-REVISED-CORE10-REPLACEMENT-20260921-V1
Mushroom,1,GPEC,external,AVAILABLE,8124,2,20,2,0.7559084194977843,0.20171868323371714,0.2618630294300314,0.7558841519338129,cd8a189a0c8f7c35e61b9be18d85fc0356bdac9a6b9a9f6071e8fdd1e19930c6,28439a58621437f0f132b5143b798e36341eaa5ccd766504dcca3ffefcf24cea,7c5ad35d63bbe6cf9803d3ee864fc71c93b43581eafa5ddd89740fa963aa750a,819e405b65e0be782c939766aee03a9e2c62165d92af3f077476ae645d1e540f,PSFCE-REVISED-CORE10-REPLACEMENT-20260921-V1
Mushroom,1,PSF-CE,ours,AVAILABLE,8124,2,20,2,0.7258739537173806,0.2606365417890567,0.20369342814776287,0.6998296100668879,cd8a189a0c8f7c35e61b9be18d85fc0356bdac9a6b9a9f6071e8fdd1e19930c6,28439a58621437f0f132b5143b798e36341eaa5ccd766504dcca3ffefcf24cea,f680d1a662b2f96e43c219c93ed5589b644f01260b3e98a0a02ec91460f99e1f,dad7ebc2824db4596e686375ca0a868cfeed39fedb9a427117e57b81556785bd,PSFCE-REVISED-CORE10-REPLACEMENT-20260921-V1
Mushroom,2,MCLA,external,AVAILABLE,8124,2,20,2,0.6065977351058592,0.03410098251554066,0.04522719204596216,0.5944149258558427,b57b2c1c3d30f8b103baa240fe84b0be08e9269e6362928bc789e16b4c08490b,28439a58621437f0f132b5143b798e36341eaa5ccd766504dcca3ffefcf24cea,7296d822d7e98961a5ec2b6fba5b744485c4ff0b58909648a9ede3cd31fbf7c1,5e5336f20399e52cf6aedcff45158351cb099bf825d703fa9e5ab9497de26a87,PSFCE-REVISED-CORE10-REPLACEMENT-20260921-V1
Mushroom,2,HBGF,external,AVAILABLE,8124,2,20,2,0.6144756277695717,0.03821898948234966,0.052302159683293055,0.6143510736750974,b57b2c1c3d30f8b103baa240fe84b0be08e9269e6362928bc789e16b4c08490b,28439a58621437f0f132b5143b798e36341eaa5ccd766504dcca3ffefcf24cea,fe067152f7ed6391f56fe2bc53b3e6f19332f4dc826b1d0a313952b37e813dd2,780d9b193bb05373c6e3c07a678dfa5fc7db7e198bae8086c33feb987747470a,PSFCE-REVISED-CORE10-REPLACEMENT-20260921-V1
Mushroom,2,CEHM,external,AVAILABLE,8124,2,20,2,0.732767109798129,0.30784155863376633,0.21632924351830882,0.7058628966721165,b57b2c1c3d30f8b103baa240fe84b0be08e9269e6362928bc789e16b4c08490b,28439a58621437f0f132b5143b798e36341eaa5ccd766504dcca3ffefcf24cea,0e7265b008365afbc58460df1f369b97b49abdae5ae73abb155af8d9ac1d3ba0,600fba71645bb560bd45bc2ad002c7030ecb78ecdaef848f5cb2cfba51eab6a1,PSFCE-REVISED-CORE10-REPLACEMENT-20260921-V1
Mushroom,2,YACHT,external,AVAILABLE,8124,2,20,2,0.5878877400295421,0.021856742454038836,0.030769053716067318,0.5862954891417432,b57b2c1c3d30f8b103baa240fe84b0be08e9269e6362928bc789e16b4c08490b,28439a58621437f0f132b5143b798e36341eaa5ccd766504dcca3ffefcf24cea,92c23ac4e8d8ca5eef39f0402364c949f2ad47ca3b613745f476272171e8ad77,2a32834ca8fd0b87002ada79589b4bb11657b76bc9750faeb6939e5bb19bc68f,PSFCE-REVISED-CORE10-REPLACEMENT-20260921-V1
Mushroom,2,RANGE,external,AVAILABLE,8124,2,20,2,0.6217380600689315,0.04619716264658628,0.05903705643548157,0.6078094534455553,b57b2c1c3d30f8b103baa240fe84b0be08e9269e6362928bc789e16b4c08490b,28439a58621437f0f132b5143b798e36341eaa5ccd766504dcca3ffefcf24cea,d6e32da7fc24733a8d57a8d17a9b422bd569c7d0d04f6d6f0ec36ce5d5d38a72,b2e62f1f369d7c5583b06efc1a318dbe4d07b89b5d57106ace040b49c25bb815,PSFCE-REVISED-CORE10-REPLACEMENT-20260921-V1
Mushroom,2,GPEC,external,AVAILABLE,8124,2,20,2,0.7191038897095027,0.22768866724808148,0.19165551216527096,0.6941152618053827,b57b2c1c3d30f8b103baa240fe84b0be08e9269e6362928bc789e16b4c08490b,28439a58621437f0f132b5143b798e36341eaa5ccd766504dcca3ffefcf24cea,b7eb00f9889271fcd3fa81d18ae83b4cbc66cbb9a41cc0a85aef911e90cb97bf,9278684bc9aa6c2a4b7f31f63c7f95b8ee7c6abbfffd1c451ed6acb46386753a,PSFCE-REVISED-CORE10-REPLACEMENT-20260921-V1
Mushroom,2,PSF-CE,ours,AVAILABLE,8124,2,20,2,0.7296898079763663,0.2796139587182322,0.21064441897549352,0.7034638291874382,b57b2c1c3d30f8b103baa240fe84b0be08e9269e6362928bc789e16b4c08490b,28439a58621437f0f132b5143b798e36341eaa5ccd766504dcca3ffefcf24cea,c29627fb63fcdd99ed2a2a3dee0c70a4fc1a2a44f7702602cfdf0751cf911f32,d8fc41b2e945095884a2e0e6e3bdaa7c49b21699a8e8e49df9834046ea0e9843,PSFCE-REVISED-CORE10-REPLACEMENT-20260921-V1
