"panel","parameter","q","lambda","dataset","pool","n","c","M","returned_k","ACC","NMI","prediction_file_sha256"
"q","0.3","0.3","0.665","ACM","0","3025","3","20","3","0.6829752066115703","0.45521251551871544","1df783c670053895ed460ccfc6588463f2f51d9349096f5e3e567779b04c6719"
"q","0.3","0.3","0.665","ACM","1","3025","3","20","3","0.6833057851239669","0.4570814177710752","281e5a50abb79809d260de48c9c0589b85eb3303b31868b66a29c338fa71cef6"
"q","0.3","0.3","0.665","ACM","2","3025","3","20","3","0.6889256198347108","0.4656275341581094","02be45c6d3072264c54ece608d79bd618d89757ad6ae46f950fa573c8430a305"
"q","0.3","0.3","0.665","Amazon Photo","0","7650","8","20","8","0.5922875816993464","0.5397795117320231","bdc63fd6c0ea9176dc0b682f4ec26e77e26c1ce7c3fc2fdd529f58b693862bf2"
"q","0.3","0.3","0.665","Amazon Photo","1","7650","8","20","8","0.5912418300653595","0.5400707504063184","0dd98f8db566af882ca5334fc48fd118ed16d1f5775372c45d484773e0fc5972"
"q","0.3","0.3","0.665","Amazon Photo","2","7650","8","20","8","0.5903267973856209","0.5403582855728445","e2ec0896330afcb605c530c2b9bfd297ee1e3ce0e01bf17dbb455c753d7623f0"
"q","0.3","0.3","0.665","BBC News Sport","0","737","5","20","5","0.37720488466757124","0.19079222068865812","e579012beb55dd8bde6abb19d6d515e7da7eeffcab24df6749dc2a1a92493e5b"
"q","0.3","0.3","0.665","BBC News Sport","1","737","5","20","5","0.4355495251017639","0.2667994590857897","37e9e2ce9078ec953587995d40931d6c77d85461505d4daa951e4e155bfdf50f"
"q","0.3","0.3","0.665","BBC News Sport","2","737","5","20","5","0.40298507462686567","0.17858667466072956","5a6dfd7f97501ed27ed182482a449ccd13b5045bb1dd91170ea76b5b4efe6eb2"
"q","0.3","0.3","0.665","Caltech101-20","0","2386","20","20","20","0.25901089689857504","0.3998977669632762","31e8f2e3e85f274f53902a05d0888b2124fabc633e83a95f0691a61a7a492bf0"
"q","0.3","0.3","0.665","Caltech101-20","1","2386","20","20","20","0.2598491198658843","0.3909477497286647","53dc2a98e1a3b38452ce9cce242cdb0f7c2ea6d519b597f638b66f931a581017"
"q","0.3","0.3","0.665","Caltech101-20","2","2386","20","20","20","0.2837384744341995","0.4049355510008283","1bf42dcbb9e159e667e6e12a15c6c48e7ffe4e7c103536d44729346775f1c2bb"
"q","0.3","0.3","0.665","Chameleon","0","2277","5","20","5","0.3227931488801054","0.0645215350884266","5ea9065d0785723c7d9279112650ed700b46b054335670c3839d2c5283f6a280"
"q","0.3","0.3","0.665","Chameleon","1","2277","5","20","5","0.3227931488801054","0.0645215350884266","1a8954ea044f96ab973930f53dec4a8af22dffb67988fb499aea442bdad958e9"
"q","0.3","0.3","0.665","Chameleon","2","2277","5","20","5","0.3227931488801054","0.0645215350884266","b2ec419fad21350a62ef750cd123588cca2f0e47efdb7089fd3dfee3fd09006b"
"q","0.3","0.3","0.665","Iris","0","150","3","20","3","0.8066666666666666","0.6110929132666966","f51e6dbffeeb13aebb432b1529720cb3673520b3ec99c7a7eee5f902b8faf2ba"
"q","0.3","0.3","0.665","Iris","1","150","3","20","3","0.8266666666666667","0.6534762508409035","5701216082ede7c6e52f8dbda8b59d3d43dd05c0943c147f9423b0707f67270c"
"q","0.3","0.3","0.665","Iris","2","150","3","20","3","0.8266666666666667","0.6525582020084985","50b92991be3e2893ae7d3554d2338ced48ec8a73098c892e2ab4ce393d36569f"
"q","0.3","0.3","0.665","Leukemia","0","72","2","20","2","0.7083333333333334","0.12531250648530332","586a1d6943e49d240993a67b4e8435bd38ba1b5b50138d4a7b33f8d680bc7bfb"
"q","0.3","0.3","0.665","Leukemia","1","72","2","20","2","0.7083333333333334","0.12531250648530332","2f676d435fe247accb8ba3f1d82c32abe81a07679834f37806c6c1b975777340"
"q","0.3","0.3","0.665","Leukemia","2","72","2","20","2","0.7083333333333334","0.12531250648530332","9b6bb96c93fc2c11853c2fb214ecd5b7eebd621f48d5605889114299e9b1273e"
"q","0.3","0.3","0.665","Leukemia2","0","72","3","20","3","0.6111111111111112","0.489053040886391","7e5a26a53544403fca4b1a57d44bf774df91fdaed429535fe77dfac8b8a13697"
"q","0.3","0.3","0.665","Leukemia2","1","72","3","20","3","0.5833333333333334","0.42419207107531653","6e0ba44cec11ff574da88c1039ed062ce67cae9987902e5887b890c4eeef05e5"
"q","0.3","0.3","0.665","Leukemia2","2","72","3","20","3","0.6111111111111112","0.489053040886391","e25d2942cee94c927d1630df668cb6f43e14aba79b0d79da47d3b365e264dfdf"
"q","0.3","0.3","0.665","Mushroom","0","8124","2","20","2","0.7307976366322009","0.2865260963321057","161bdcf1b9023b9d4ad1bece4f67e542ee96039c068e5b3ed72a9db78c47782d"
"q","0.3","0.3","0.665","Mushroom","1","8124","2","20","2","0.7258739537173806","0.2606365417890567","e6cc3fc2003ee48d8f251ab7eea58588354f7fcf1927d37640c26af0671cae6f"
"q","0.3","0.3","0.665","Mushroom","2","8124","2","20","2","0.7296898079763663","0.2796139587182322","faf1bedc7b24beb6a22a6788752c5962f960874f61da1eb1b1e1e03f8b21d0bd"
"q","0.3","0.3","0.665","ORL","0","400","40","20","40","0.6775","0.8442458577788727","460b31db16dacd19edc74f1f8e6f4718c80e9ca5a5a55656c54a2cbd91ebb7ff"
"q","0.3","0.3","0.665","ORL","1","400","40","20","40","0.6375","0.8394671074538215","49b44c396bb12e4b2d49e2f5f54d7b1cd51e9db8a9b4435b95577dbb7915636c"
"q","0.3","0.3","0.665","ORL","2","400","40","20","40","0.665","0.8394223089183184","1c41ff103d7733e40cb40f2854b5d92ec1e7e198e5333daf6b811329ddddaf2b"
"q","0.72","0.72","0.665","ACM","0","3025","3","20","3","0.6833057851239669","0.45451051242889573","c441f2354eab689e08923e7110f56dc5d13adac7efdfc8debddef2faa75b0361"
"q","0.72","0.72","0.665","ACM","1","3025","3","20","3","0.6813223140495868","0.45607252239356444","abd06f1fd9ca7544b9c1939af926e19fc63186c4b7ba081bd369826419a6d864"
"q","0.72","0.72","0.665","ACM","2","3025","3","20","3","0.6892561983471074","0.4646639750918023","1152c5152df2af2e11d3c01bfaf7d057245120692f76b8fd772ff6c12c3273da"
"q","0.72","0.72","0.665","Amazon Photo","0","7650","8","20","8","0.5922875816993464","0.5399050843004729","e4cee3eafc4ba67eb90bed31739469eede4521662c552631c063fd2ba8a59594"
"q","0.72","0.72","0.665","Amazon Photo","1","7650","8","20","8","0.5913725490196079","0.5401800271814077","b9007fdf057d24ba37eb5876c6cfb1200bc143028064900c9d69088c3ad8ea26"
"q","0.72","0.72","0.665","Amazon Photo","2","7650","8","20","8","0.5901960784313726","0.5398403123581583","f68bbf30ed75fd32be04f9d5564dcdd5e71258739d844c5b641761bf656b6054"
"q","0.72","0.72","0.665","BBC News Sport","0","737","5","20","5","0.37449118046132973","0.18967445429725954","8f26b682c53d95f3e849bed22b08b9b69e2d3835caab1698f4a84bf9632a68f6"
"q","0.72","0.72","0.665","BBC News Sport","1","737","5","20","5","0.4355495251017639","0.2667994590857897","7b590031c0935c14fcc911dbe5073f5a3c2e3ed49ac7b4074ba85ab052780769"
"q","0.72","0.72","0.665","BBC News Sport","2","737","5","20","5","0.3989145183175034","0.1690014928410016","f43fd60fbb2d16bef4bae5167e92f96d3a192279383a09f0525c7a3edf92fc72"
"q","0.72","0.72","0.665","Caltech101-20","0","2386","20","20","20","0.26110645431684826","0.40808882361691595","19ad2fed70cc31b346429269182ed4c7db34606beb389cf41f105aa2cf943f79"
"q","0.72","0.72","0.665","Caltech101-20","1","2386","20","20","20","0.250628667225482","0.3877261158478567","170f62063f3aa6991b15c267cab7963096c6019a742ee3e40b36927f6d2f4764"
"q","0.72","0.72","0.665","Caltech101-20","2","2386","20","20","20","0.2707460184409053","0.40274965528449513","0607300f8b82b931ea24a5f50cdec25024fa9955d235d8e042dc44e7879e7cf0"
"q","0.72","0.72","0.665","Chameleon","0","2277","5","20","5","0.3227931488801054","0.0645215350884266","3e756a46315e7e46c5eaede9836471e4901d9444d99116d76246aca5b3b32cf5"
"q","0.72","0.72","0.665","Chameleon","1","2277","5","20","5","0.3227931488801054","0.0645215350884266","b64a9b3a1ccfe6e07c3859b2b73061cafb19f109de990e141683ddb67185a9ea"
"q","0.72","0.72","0.665","Chameleon","2","2277","5","20","5","0.3227931488801054","0.0645215350884266","d4f0252b8f809714caaf1a7c7a2de4876c4bc4f84af7e525dde5772903e37e3f"
"q","0.72","0.72","0.665","Iris","0","150","3","20","3","0.8066666666666666","0.6110929132666966","05016f78a07124ee286cc5aa8531e3c6d43447ad16b9626d1c9c8878d4f0f2da"
"q","0.72","0.72","0.665","Iris","1","150","3","20","3","0.82","0.6478741489729217","838283283f6438a80ab9025b04de6677a376b8c3643548669465ab5018fcc250"
"q","0.72","0.72","0.665","Iris","2","150","3","20","3","0.8266666666666667","0.6525582020084985","e988e91e070145d05577b27f559e26b805721344c9dff69d64032d635e07cdfa"
"q","0.72","0.72","0.665","Leukemia","0","72","2","20","2","0.7083333333333334","0.12531250648530332","c78ee4fbc3e289cd331ea7d406c93bc1c9047536c97103626b3080b5d4ea0fe0"
"q","0.72","0.72","0.665","Leukemia","1","72","2","20","2","0.7083333333333334","0.12531250648530332","55d55e191184d6868e37b0e70b949e77b40c8ea747259eaeed8d6b0feea867fc"
"q","0.72","0.72","0.665","Leukemia","2","72","2","20","2","0.7083333333333334","0.12531250648530332","967720cd74aa72cf98352958ccf08c3cc87d2addcf9477ab9e7d4ea08be91649"
"q","0.72","0.72","0.665","Leukemia2","0","72","3","20","3","0.6111111111111112","0.489053040886391","3d67c70feda661a20d91f72953a927973b86fe5e523c1f4650f2454e7de3cada"
"q","0.72","0.72","0.665","Leukemia2","1","72","3","20","3","0.5833333333333334","0.42419207107531653","263494f87dfe91b0a7cc81516752be65752f058332a29dde29a4c621cbd3bec5"
"q","0.72","0.72","0.665","Leukemia2","2","72","3","20","3","0.6111111111111112","0.489053040886391","d1b31e581d51fe6a912edc83a1675c752f0cd91a3074ba64b9124413714de273"
"q","0.72","0.72","0.665","Mushroom","0","8124","2","20","2","0.7303052683407188","0.28581544561778516","2f55604b92a2a0ca4d1b4ed4ea5b86ea5b122d5b259d912598bdb02a9583da28"
"q","0.72","0.72","0.665","Mushroom","1","8124","2","20","2","0.7258739537173806","0.2606365417890567","736212fc3733d8d021b8f1a99609ab0400237a04c6fa824d859a9b0f0eb2abcf"
"q","0.72","0.72","0.665","Mushroom","2","8124","2","20","2","0.7296898079763663","0.2796139587182322","42bb6d16821c404a3f915d8c816f88ff3752d9d2ae1113967329f768257f8edd"
"q","0.72","0.72","0.665","ORL","0","400","40","20","40","0.675","0.8351457799801179","1b018b4f2499b32fd338ca93f391c93dcc4bf49785674a4147a7cff323b60790"
"q","0.72","0.72","0.665","ORL","1","400","40","20","40","0.6375","0.8405616761634674","5fb510e6f13a4181594aecb8a874984303a83483934f7611c209292f75290e82"
"q","0.72","0.72","0.665","ORL","2","400","40","20","40","0.665","0.8394223089183184","c17aefc98317eca9c7571cc234abaa7606c68a042bd4f345a9ab6bd365ac0ddf"
"q","1.0","1.0","0.665","ACM","0","3025","3","20","3","0.6829752066115703","0.45318377445094077","00f33b755aa39290d54bfa65afb8623af4857d5af3e454cb2f3d0523c01790d2"
"q","1.0","1.0","0.665","ACM","1","3025","3","20","3","0.6813223140495868","0.4566254992741328","b0a78a6368e82466c2a738cdc4bb224141e32adde2d7015ae91d32d271d56a39"
"q","1.0","1.0","0.665","ACM","2","3025","3","20","3","0.6866115702479338","0.46163392226787797","70d0a48a43cc197301f23187abd2f729a0710b0d5cba03e9e560fc541582c06d"
"q","1.0","1.0","0.665","Amazon Photo","0","7650","8","20","8","0.5922875816993464","0.5398441715495762","41d109b7ed26bbc3f2fc581c46e0a74e9ed6d354072f0014d5a6b517e22b0d50"
"q","1.0","1.0","0.665","Amazon Photo","1","7650","8","20","8","0.5916339869281045","0.5408217254596505","efb1439df1161baefc04c21495f00c7ccb0f1534814a28823e8aeded1fb4e07b"
"q","1.0","1.0","0.665","Amazon Photo","2","7650","8","20","8","0.5901960784313726","0.5394254804350345","11f530ac76936c2b851f061559de3e00e2c7c391682718dccfd3e8ed41112e09"
"q","1.0","1.0","0.665","BBC News Sport","0","737","5","20","5","0.37449118046132973","0.18967445429725954","824898003f2f1c12bf4a73253f58b1d33dcbcfbff742fc18adba145846379395"
"q","1.0","1.0","0.665","BBC News Sport","1","737","5","20","5","0.4355495251017639","0.2667994590857898","602714549a1a31574ec0824ed1ce46be8d2e1ecddc650143c522c52fcff0175b"
"q","1.0","1.0","0.665","BBC News Sport","2","737","5","20","5","0.5332428765264586","0.32723512445812825","050d030bf4296f4f40aa53cca0e444a91f43f41a1d480d3dacc0088078aae11d"
"q","1.0","1.0","0.665","Caltech101-20","0","2386","20","20","20","0.26110645431684826","0.4080888236169159","a394ecc4ba71c52e0914feccb71a9bb26316a561fd0d1dea46f7c5b469907695"
"q","1.0","1.0","0.665","Caltech101-20","1","2386","20","20","20","0.250628667225482","0.38776464265403776","21338c0253bdeb2df1dd9b302b6c38f12233ac0ab3c116b2216303c3643c2cbf"
"q","1.0","1.0","0.665","Caltech101-20","2","2386","20","20","20","0.2707460184409053","0.40314554840979816","10664b222dd2bab65e27ae724bc1be32328b32f726c2ac4c7b49cfd12732ef5b"
"q","1.0","1.0","0.665","Chameleon","0","2277","5","20","5","0.3227931488801054","0.0645215350884266","addf7fea18249c1a502878e5b32a9280ce531771798821c4d3edb46c8e2a1cec"
"q","1.0","1.0","0.665","Chameleon","1","2277","5","20","5","0.3227931488801054","0.0645215350884266","ac99806e5bb0931df3ce28b38da6e1af986f2b7a7569f8c03fa2b06912ecf7fd"
"q","1.0","1.0","0.665","Chameleon","2","2277","5","20","5","0.3227931488801054","0.0645215350884266","d0b68a236de8cca33093650773d10c5c525835738582dfa16bad321431fde6c6"
"q","1.0","1.0","0.665","Iris","0","150","3","20","3","0.8066666666666666","0.6110929132666966","af9e6a62afd163be12821df9f40cf8bde8063ed94c9a6518327b05ef7eeb1600"
"q","1.0","1.0","0.665","Iris","1","150","3","20","3","0.8266666666666667","0.6534762508409035","8474a70ec7f49978aa4fcda01263a1cfc2cf4f88b90da7be0370165dd8f6304d"
"q","1.0","1.0","0.665","Iris","2","150","3","20","3","0.8266666666666667","0.6525582020084985","ce1b2a542dad4d7d824bd732e88df88fa04f2b9f9b94ec594605b7edebf7728e"
"q","1.0","1.0","0.665","Leukemia","0","72","2","20","2","0.7083333333333334","0.12531250648530332","98f8ccd27c07756a316b4a618d4491329954ab0ff897ce9c3abb731a3c57bbfe"
"q","1.0","1.0","0.665","Leukemia","1","72","2","20","2","0.7083333333333334","0.12531250648530332","a8c9baf182581c0bed5b2329bf5193e05862e44ded70dd939f9bb4751438d21c"
"q","1.0","1.0","0.665","Leukemia","2","72","2","20","2","0.7083333333333334","0.12531250648530332","751e9cff12b8f0f94c30773e3a80ddc3373be7090d7091234ddd4d5135990b4c"
"q","1.0","1.0","0.665","Leukemia2","0","72","3","20","3","0.6111111111111112","0.489053040886391","eeb1368f82680b4cc43be57d34e1c38f9f55159bd6363fb760f3d301aa079524"
"q","1.0","1.0","0.665","Leukemia2","1","72","3","20","3","0.5833333333333334","0.42419207107531653","1b818842a05f73b1d2b081e4e71585f2f000e39d4c4885256732a292a1779c9c"
"q","1.0","1.0","0.665","Leukemia2","2","72","3","20","3","0.6111111111111112","0.489053040886391","22c19405c6438d30410413c69b62c5ab0297825cebc7058d0936581a2b06be66"
"q","1.0","1.0","0.665","Mushroom","0","8124","2","20","2","0.7304283604135894","0.2841621339305455","c857204f74b866dc67928d03465ede01a56d4872a5cd708e83fdf8fe79db83a3"
"q","1.0","1.0","0.665","Mushroom","1","8124","2","20","2","0.7258739537173806","0.2606365417890567","df8840eaf43568382eba61e6106b0f52239d3e1f8554407dbf85237032339098"
"q","1.0","1.0","0.665","Mushroom","2","8124","2","20","2","0.7296898079763663","0.2796139587182322","53eb18eebcd171c2cf15f988163d0e7f50683a345bfd4f24a7238865bdfc2170"
"q","1.0","1.0","0.665","ORL","0","400","40","20","40","0.665","0.8329115955945778","01a8d2b508a9cfcfef16ad3ecd554d6babb730458d9b7402fc32935c44adf4d9"
"q","1.0","1.0","0.665","ORL","1","400","40","20","40","0.6375","0.8403656060232769","27a18fad17ee184125ff1cf313b2b1bdba9178e46e066ff209e0df93c15e8876"
"q","1.0","1.0","0.665","ORL","2","400","40","20","40","0.665","0.8394223089183186","14cf8ea556fa2f23386faa80f4dec54fcb646608ca8e4b7f74f3a47a409487e6"
"q","6.0","6.0","0.665","ACM","0","3025","3","20","3","0.6829752066115703","0.45318377445094077","08ee87f94706a9deb2c4224a06a5d395551c42a139b471ebf05649d2b0778e12"
"q","6.0","6.0","0.665","ACM","1","3025","3","20","3","0.6809917355371901","0.4564620795427711","2abcf6929345bde9bdc1a94a4bf6408fdb4beed2ce3d25123a1940c63d0bf0ed"
"q","6.0","6.0","0.665","ACM","2","3025","3","20","3","0.6879338842975207","0.46262671711898473","3cf8447aab0a076ec0edfe33b44f842422ba374b40cf4d93f25ccff8b3d06fce"
"q","6.0","6.0","0.665","Amazon Photo","0","7650","8","20","8","0.5973856209150327","0.5416681519731484","33f2d726424383829aeeba4045a1fceff74cfc9b61d2feaf3f186d09e615c33d"
"q","6.0","6.0","0.665","Amazon Photo","1","7650","8","20","8","0.596078431372549","0.54288557782382","f77baa3b43822ef0f288b2a77e60cdc009501cfce2b3b08aed95d2eb8925dc8b"
"q","6.0","6.0","0.665","Amazon Photo","2","7650","8","20","8","0.5952941176470589","0.5412576373088884","86578b2efcd45283eed782e60f58d2be91814bff1201643eb64f9f0ad8c58a17"
"q","6.0","6.0","0.665","BBC News Sport","0","737","5","20","5","0.41383989145183175","0.2289865582727662","cbf01fdbac336d07313e86160f3096bdd24ae05b835f873003fcf48433cf51e7"
"q","6.0","6.0","0.665","BBC News Sport","1","737","5","20","5","0.5169606512890095","0.3127527750912332","c76823f9a77b76eba9ddd9e5ca916ff674676f5f2ba0a617461cf36197fc16fa"
"q","6.0","6.0","0.665","BBC News Sport","2","737","5","20","5","0.4925373134328358","0.3418609155015291","2286d96dd7ec9490384e1b6adb784eababb7c523eda49430f203cf1f338a402f"
"q","6.0","6.0","0.665","Caltech101-20","0","2386","20","20","20","0.27703269069572506","0.4159159510798983","2246bf85ba7779acb305235bc29e899bd22c11d899221d405c3ab15525bc4485"
"q","6.0","6.0","0.665","Caltech101-20","1","2386","20","20","20","0.26026823134953897","0.39637036893403793","50dc9a09cf72cf236fe73a085a24a73e704336f8e0c49a3f49f0f1b657e3b880"
"q","6.0","6.0","0.665","Caltech101-20","2","2386","20","20","20","0.27116512992455993","0.40256554203705525","e6e5fefad44d566dd95fbb0eaf6c14a8a960903e7167301af2739c4bc1ea4855"
"q","6.0","6.0","0.665","Chameleon","0","2277","5","20","5","0.3227931488801054","0.0645215350884266","658defcafc302148d74a03a64ff9c8a3b44c45e412b7fe8d00087c001510d0ea"
"q","6.0","6.0","0.665","Chameleon","1","2277","5","20","5","0.3227931488801054","0.0645215350884266","81bd9f77dd0f9e35033acb56a6b1beef08467d21768da06f331d2f093771165d"
"q","6.0","6.0","0.665","Chameleon","2","2277","5","20","5","0.3227931488801054","0.0645215350884266","c5f85d4faaddcc51ed6ac1d4fbf6d9375136c96274e9fddffa32e26c889e75ec"
"q","6.0","6.0","0.665","Iris","0","150","3","20","3","0.8066666666666666","0.6110929132666966","e1e3b4d2663435b1fe2215cf4b69a7db08d81c64898b699f4f0c6880037d3e69"
"q","6.0","6.0","0.665","Iris","1","150","3","20","3","0.82","0.6478741489729217","75577eca2cd44390521d831cb0c2704b452c27d30b067e4587abb2c8e5166b2f"
"q","6.0","6.0","0.665","Iris","2","150","3","20","3","0.8266666666666667","0.6525582020084985","1395dcd7b53477271c744c75359dc9c4d2741401713fdc7515f77cf8722d3486"
"q","6.0","6.0","0.665","Leukemia","0","72","2","20","2","0.7083333333333334","0.12531250648530332","4f705cfda35daa419349296a05e22056ce1d9713dfa93f199c3880664516bb2a"
"q","6.0","6.0","0.665","Leukemia","1","72","2","20","2","0.7083333333333334","0.12531250648530332","20efd54c6d6fa3142cdc41e6299a06017218ed574a209748454527a9a6f5fbed"
"q","6.0","6.0","0.665","Leukemia","2","72","2","20","2","0.7083333333333334","0.12531250648530332","a221f54a19b546647884bf88976581c4c7d935a4709dbe51a86dca74348c4f79"
"q","6.0","6.0","0.665","Leukemia2","0","72","3","20","3","0.6111111111111112","0.489053040886391","4a6b97ec8d3bc91c887f43124222fe7a5592e30bfc308d97b4616a2c832b9318"
"q","6.0","6.0","0.665","Leukemia2","1","72","3","20","3","0.5555555555555556","0.3696364443436753","1d22c3487040a7becad6a66088d115e9a671daf9f8a290721dea68f30c9f3665"
"q","6.0","6.0","0.665","Leukemia2","2","72","3","20","3","0.6111111111111112","0.489053040886391","35e4ca514174f5b000fef73c13c5ee5df6a3e7dee46ea7abf76c8c536dd934ea"
"q","6.0","6.0","0.665","Mushroom","0","8124","2","20","2","0.7304283604135894","0.2841621339305455","b99f9edaef124acff4043a5f0804ccd7fd82bbc6eca6d5d629701c6be0912efc"
"q","6.0","6.0","0.665","Mushroom","1","8124","2","20","2","0.7284588872476613","0.2745649818993745","6ee9c7509f1328db72da09076f8788027806e1bfa55011b17ff48a10288dc9ed"
"q","6.0","6.0","0.665","Mushroom","2","8124","2","20","2","0.7296898079763663","0.2796139587182322","886e933d8746ee36cb71722110732a043711114e299bc96da79c3fafd155c4a5"
"q","6.0","6.0","0.665","ORL","0","400","40","20","40","0.625","0.8338171363419202","43949df0381fd6016e7098a12fe36b33a6eccd49829aace499e6c230b95e57d5"
"q","6.0","6.0","0.665","ORL","1","400","40","20","40","0.645","0.8494863724138539","7c40f61d3703b326a21e4a0ce93eadb2d1be96dc9e5cb635cd42bacf7a9681a6"
"q","6.0","6.0","0.665","ORL","2","400","40","20","40","0.66","0.840997595268067","7f7515b0337e12422b1e97a6e33251adb80383b76cfec7aa492305afe8d11998"
"q","12.0","12.0","0.665","ACM","0","3025","3","20","3","0.6833057851239669","0.4539222920338419","5b2fbdb045328e58b8f66097cbed432b3bf3a7ee2516b391fbaae2d6276de993"
"q","12.0","12.0","0.665","ACM","1","3025","3","20","3","0.6816528925619835","0.4553284738007702","e33075196abf52bd62ec381997cf967889ad874f31d2d55e094e26864135a1ce"
"q","12.0","12.0","0.665","ACM","2","3025","3","20","3","0.6882644628099174","0.46340915908050717","42b38c6544f94e7cba0de09267d8561e0740bed0a1b39b3afdd6be0a4cf64ec0"
"q","12.0","12.0","0.665","Amazon Photo","0","7650","8","20","8","0.5938562091503268","0.5389513823345474","897ccf611a0b3116c070177cee62f1f8779169d7435b85532584cc3de95cea35"
"q","12.0","12.0","0.665","Amazon Photo","1","7650","8","20","8","0.5938562091503268","0.5409779049926243","41522da5d9e5199647691252527aaf1adf4f97e234bf260b1b8a6b867f514410"
"q","12.0","12.0","0.665","Amazon Photo","2","7650","8","20","8","0.5900653594771241","0.5375584870659172","77e799552cd521bb5706f6f393477677382671dd81d7c78c7dd88e322218a93d"
"q","12.0","12.0","0.665","BBC News Sport","0","737","5","20","5","0.451831750339213","0.22755872291064663","8a5d45b8e49122069d521d6fb97b8b6e6b57fcb9b0d7963fdef5f558429eea2d"
"q","12.0","12.0","0.665","BBC News Sport","1","737","5","20","5","0.47218453188602444","0.263011104451099","08b0b0944362406cda85f8d208299c4f70e07095250e4338c1a1bd65e5155cd9"
"q","12.0","12.0","0.665","BBC News Sport","2","737","5","20","5","0.5237449118046132","0.3577693206805879","8061191ae5f07bbeb2ef4acc1576b5ff620302ad1eabeee43ac61ad451256cdd"
"q","12.0","12.0","0.665","Caltech101-20","0","2386","20","20","20","0.27912824811399833","0.4058808315530884","5c03bb1b5227e04cdd98ecd6f3ed2dc94f960772603ac8a8cd3a0798f1c5588f"
"q","12.0","12.0","0.665","Caltech101-20","1","2386","20","20","20","0.26110645431684826","0.40014026017224125","449d74b60c2b714cae7bf27c85f6caf1cbd4cd19317ffa3da726dc94b8909050"
"q","12.0","12.0","0.665","Caltech101-20","2","2386","20","20","20","0.2954735959765298","0.4143196526313415","eedada030c2d2b35ea7e73e5364a715a693746451334f061c307fed378a8430d"
"q","12.0","12.0","0.665","Chameleon","0","2277","5","20","5","0.3227931488801054","0.0645215350884266","d107840e02b77100ada0408944dbf761bc2314aca11bab7c31b48bd346065c9e"
"q","12.0","12.0","0.665","Chameleon","1","2277","5","20","5","0.3227931488801054","0.0645215350884266","87098e0f0b23bed0a0f5aa405075d37198c72a7b3bf9ae3d2c44e5c28bc50bc6"
"q","12.0","12.0","0.665","Chameleon","2","2277","5","20","5","0.3227931488801054","0.0645215350884266","642e5585ebd96c9bbbb6520b6cf3b13f1e8f01b7fbf07c72de84f3e290dde099"
"q","12.0","12.0","0.665","Iris","0","150","3","20","3","0.8066666666666666","0.6110929132666966","2a8ab0c864603f25101bbb7332158b214318cdb16180d618b2303013cc5392f8"
"q","12.0","12.0","0.665","Iris","1","150","3","20","3","0.82","0.6478741489729217","33b9a19ff4241f243aaaffed96e9da129b8251f75aad55df2ff493d87d47712f"
"q","12.0","12.0","0.665","Iris","2","150","3","20","3","0.8266666666666667","0.6525582020084985","d6ad966bcd8e8872c5443ca5c1f4024565d8ed76d483ee7cd70ca7a2cd345124"
"q","12.0","12.0","0.665","Leukemia","0","72","2","20","2","0.7083333333333334","0.12531250648530332","91885dba063bb7a41cf5ddf42903fae107ce7fb3e20a248d5d88ed118bcc3f70"
"q","12.0","12.0","0.665","Leukemia","1","72","2","20","2","0.7083333333333334","0.12531250648530332","c22587cf0c80fafc89154b95454f53e39ce881e9c2b6ff53c4724d299d384cee"
"q","12.0","12.0","0.665","Leukemia","2","72","2","20","2","0.7083333333333334","0.12531250648530332","f551f6fe5c7f33b404e806e1827ab9097a0f22830b5cfbe24dc969c615376e7c"
"q","12.0","12.0","0.665","Leukemia2","0","72","3","20","3","0.6111111111111112","0.489053040886391","3c7dbc1f960130098a20223c51465358f264186d8d9f53382a97eb71b461e611"
"q","12.0","12.0","0.665","Leukemia2","1","72","3","20","3","0.5555555555555556","0.3696364443436753","3950fc70d0665514635a5dcc642c9a71863395984fa5222944e45f17b41a30bb"
"q","12.0","12.0","0.665","Leukemia2","2","72","3","20","3","0.6111111111111112","0.489053040886391","7ab582d43f239656791da58798046e32797bb2cd8e5314fa23b03ca3b94dda41"
"q","12.0","12.0","0.665","Mushroom","0","8124","2","20","2","0.7304283604135894","0.2841621339305455","545f9804dca513a95d7a1fcf67faed08885331288f505df3383901d154f9b06c"
"q","12.0","12.0","0.665","Mushroom","1","8124","2","20","2","0.7284588872476613","0.2745649818993745","8a234535fafc3cae0556525c41e72b54925699dc4c69e1e3bdfbff1291205350"
"q","12.0","12.0","0.665","Mushroom","2","8124","2","20","2","0.7296898079763663","0.2796139587182322","03833b0cd7a6775424dd5f820e54c02f6e012459ad97b986f4dec9497ac18f6a"
"q","12.0","12.0","0.665","ORL","0","400","40","20","40","0.6175","0.8298653935263656","d5896ce6ac87d6a474fa0fc5d408d3e820300291af998108754f878ed1e4413d"
"q","12.0","12.0","0.665","ORL","1","400","40","20","40","0.585","0.8130550639387957","a8047e677060223101b43705e850992440202a3e131bcf156698d2e5c48862f3"
"q","12.0","12.0","0.665","ORL","2","400","40","20","40","0.66","0.840792758542521","b80c64177c366464a604b3c096ab095d112f6b691bdb86047bcb647c7bada6a1"
"lambda","0.1","0.72","0.1","ACM","0","3025","3","20","3","0.6829752066115703","0.45318377445094077","7457e573cda6445c614f8c2f07acb2703d0e3bb72d9d68c678a916097318b27f"
"lambda","0.1","0.72","0.1","ACM","1","3025","3","20","3","0.6813223140495868","0.4566254992741328","12a0448ddccdedcfd8b61ba8dceb6adf3dc19b4cbff2333fb855db4ee84c2eb5"
"lambda","0.1","0.72","0.1","ACM","2","3025","3","20","3","0.687603305785124","0.46337684440565713","1d65a6d89261a4260d7e7fed542a76d887597496094bc6be754384cc205b1355"
"lambda","0.1","0.72","0.1","Amazon Photo","0","7650","8","20","8","0.5922875816993464","0.5398441715495762","cf056a4114b388b382b30097f8ac9f05fde73f519c6cc0be4ee1c713fc95cfcc"
"lambda","0.1","0.72","0.1","Amazon Photo","1","7650","8","20","8","0.5915032679738562","0.5404154970226986","eb71ee65837f1082953515f7d47c08821a83714a33972f387ba6243c61f74280"
"lambda","0.1","0.72","0.1","Amazon Photo","2","7650","8","20","8","0.5901960784313726","0.5394254804350344","41efd45f1c82bd86a3c51f945d881286ac127620e3e9142e1ee22c0dfef7d28a"
"lambda","0.1","0.72","0.1","BBC News Sport","0","737","5","20","5","0.3812754409769335","0.2321041064947627","1e26f3a4c3d66615b35f601436184e0a8c8f23b9025915748e95b1c2520e9f99"
"lambda","0.1","0.72","0.1","BBC News Sport","1","737","5","20","5","0.5020352781546812","0.33064483450412746","41216086d4653ebcf3962362e7a203f77d665b98628fa893778657619d081066"
"lambda","0.1","0.72","0.1","BBC News Sport","2","737","5","20","5","0.4871099050203528","0.3394075839876814","8e60115254e876684fe6834f6574a4930e6cf94bcedb245ad028671cf37a3876"
"lambda","0.1","0.72","0.1","Caltech101-20","0","2386","20","20","20","0.2673931265716681","0.40665301261841924","f118a1c80f258843cce5578f83f16342d182ce708db7a416b4c61df2675205f3"
"lambda","0.1","0.72","0.1","Caltech101-20","1","2386","20","20","20","0.2598491198658843","0.39700396920647213","b70e46be432a2a318b2b2e4835ecefc58de03ad6c5eec108b7e9e0ee230501a6"
"lambda","0.1","0.72","0.1","Caltech101-20","2","2386","20","20","20","0.268650461022632","0.40285517908273416","b59f97e0343402916938c83908c2b6ad08db1b0c80c4975910f64e05c604b1f4"
"lambda","0.1","0.72","0.1","Chameleon","0","2277","5","20","5","0.3227931488801054","0.0645215350884266","84058b965d42748c3c297395c58b99c01f4c6864bb16d32e3ca3ced55b8c6e4b"
"lambda","0.1","0.72","0.1","Chameleon","1","2277","5","20","5","0.3227931488801054","0.0645215350884266","580bb539c2d6ea4e9d9ac2fe5ae8dcdc808dc13bd8184c5160036c7e2f4649a0"
"lambda","0.1","0.72","0.1","Chameleon","2","2277","5","20","5","0.3227931488801054","0.0645215350884266","b89d1da473123a43719776f922f78038141bb2a5dd789c1730294be1ef072f59"
"lambda","0.1","0.72","0.1","Iris","0","150","3","20","3","0.8066666666666666","0.6110929132666966","1fdf1714e9adb9c372ee65290b5c1feb940b5f67aef791fa103f47b572957a3e"
"lambda","0.1","0.72","0.1","Iris","1","150","3","20","3","0.8266666666666667","0.6534762508409035","e0e91447b76278466cf8ab3781d03f17759b99e65fbb50d1d3b6eeb664893c86"
"lambda","0.1","0.72","0.1","Iris","2","150","3","20","3","0.8266666666666667","0.6525582020084985","9a597a3911c5e52995f4ebd5f664fd1c90950597db09cc1f0e43f7faf529a5bb"
"lambda","0.1","0.72","0.1","Leukemia","0","72","2","20","2","0.7083333333333334","0.12531250648530332","0a0d495e117f8cc716059b433ae368006e54315cdfa7f3f663d5c7d535f02658"
"lambda","0.1","0.72","0.1","Leukemia","1","72","2","20","2","0.7083333333333334","0.12531250648530332","2e471495ee224f930bde8bfa8270c64268105f5395fb17ec77b59a7d23b85561"
"lambda","0.1","0.72","0.1","Leukemia","2","72","2","20","2","0.7083333333333334","0.12531250648530332","27ad841374dc354720451d332eafee866cb74dcb53845aa4ed3f9651c83d24c0"
"lambda","0.1","0.72","0.1","Leukemia2","0","72","3","20","3","0.6111111111111112","0.489053040886391","76ab9ee69204ce09d0064378f7d3b7d6e50c870f5bbcbf782a865b20960b89d0"
"lambda","0.1","0.72","0.1","Leukemia2","1","72","3","20","3","0.5833333333333334","0.42419207107531653","9c79a5620a713b6f55dd3e11d6f51deb678af621833872db48f5836850b23eda"
"lambda","0.1","0.72","0.1","Leukemia2","2","72","3","20","3","0.6111111111111112","0.489053040886391","15789d1fbf01b417e788ae9088cb33dc4b081b4d51824929a68a9df6c2fcb8e6"
"lambda","0.1","0.72","0.1","Mushroom","0","8124","2","20","2","0.7304283604135894","0.2841621339305455","62320ce317aca01d404e2de075839c9aa3ae2d5c7536b69fd5bba43103b4c759"
"lambda","0.1","0.72","0.1","Mushroom","1","8124","2","20","2","0.7258739537173806","0.2606365417890567","d6f0c22df333f335414bb0f3fb958f7e5224219d235f7f34b1b84e4937e8bdea"
"lambda","0.1","0.72","0.1","Mushroom","2","8124","2","20","2","0.7296898079763663","0.2796139587182322","ef24e32ecbd3e56c677a501b94bebe03735c8dea4b4a8f2dc9d39e117c48560d"
"lambda","0.1","0.72","0.1","ORL","0","400","40","20","40","0.665","0.8341391433113955","8976e60dfe04a734ac1cbea54ffa88788403ca7f3b02cb315d6636153cc7f9ec"
"lambda","0.1","0.72","0.1","ORL","1","400","40","20","40","0.6375","0.8403656060232769","09e3eee3f3265d7b57dd6d081746a737c9a7d3fe0f606130537d039abf4632e6"
"lambda","0.1","0.72","0.1","ORL","2","400","40","20","40","0.665","0.8394223089183186","15610b8b49c53c15ba0ae8f11133bca4e360f01d52b1431b7d5d4b321e0125cc"
"lambda","0.5","0.72","0.5","ACM","0","3025","3","20","3","0.6833057851239669","0.45451051242889573","d55c758eb4b1a0ae8bcce4ce11a957e8fd46bdeaf8225c613dbf3285f69882a7"
"lambda","0.5","0.72","0.5","ACM","1","3025","3","20","3","0.6813223140495868","0.4566254992741328","01f59a8c8e03a6f9a893ec7f2cd9e5a260aef3396a387764628e243ac86b0a2e"
"lambda","0.5","0.72","0.5","ACM","2","3025","3","20","3","0.6892561983471074","0.4646639750918023","3f102037ee158b405fa01094664b397be833ea5071bfd507a1f125f04a962569"
"lambda","0.5","0.72","0.5","Amazon Photo","0","7650","8","20","8","0.5922875816993464","0.5398441715495762","17b8519814e3aee96afe56e1acb07bdd14d45fdf961551328f60491eb639e61e"
"lambda","0.5","0.72","0.5","Amazon Photo","1","7650","8","20","8","0.5913725490196079","0.5401800271814077","e7d8681fbd1baa2aa2908b1fcb753884fe73db65fec9d9c52ceef144a90e17e5"
"lambda","0.5","0.72","0.5","Amazon Photo","2","7650","8","20","8","0.5901960784313726","0.539780763340972","b7ed0a55966b2052dbcbb77c2a455235ba58cfeeb21b386f6386d7d0c0b6d374"
"lambda","0.5","0.72","0.5","BBC News Sport","0","737","5","20","5","0.3812754409769335","0.2321041064947627","0d3d910c2176e6bcfba32da341ba5b5ee9ce9ad2fe4dd8a670a0ac2366f4a095"
"lambda","0.5","0.72","0.5","BBC News Sport","1","737","5","20","5","0.5020352781546812","0.33416075984263843","7ecfe7825e9c0ddd978079e003489a18bef76dbfcc6571489d94b66aa35c8be7"
"lambda","0.5","0.72","0.5","BBC News Sport","2","737","5","20","5","0.4898236092265943","0.33218480525374555","a7cbee4c7c6e037b7ded682ce853c039a47dab1994ef4a60cd0e6ef3d283dfb3"
"lambda","0.5","0.72","0.5","Caltech101-20","0","2386","20","20","20","0.26110645431684826","0.40808882361691595","6a62ce06bcb8b3a32f1595c92c0fcaa1f433d7ae104b63469234992ce26bccde"
"lambda","0.5","0.72","0.5","Caltech101-20","1","2386","20","20","20","0.250628667225482","0.38796373128637784","217bb997fcd58bf0e1662869d2119291360e689296e8f30458473bd17259197b"
"lambda","0.5","0.72","0.5","Caltech101-20","2","2386","20","20","20","0.29044425817267394","0.40680318421062617","818213306a24da25e5e843ea4340f0aef12e6eaa1ff911833ac4de54a109d9bd"
"lambda","0.5","0.72","0.5","Chameleon","0","2277","5","20","5","0.3227931488801054","0.0645215350884266","c9c85411b15b1bb12c2aa0f2f6cb603698dc5ab7034ca3152ce54b3b79ec74d2"
"lambda","0.5","0.72","0.5","Chameleon","1","2277","5","20","5","0.3227931488801054","0.0645215350884266","83fd8ffc40a2ebd25f239df25dacfc1100ae34cbd140bf4139cc14c3d8e28209"
"lambda","0.5","0.72","0.5","Chameleon","2","2277","5","20","5","0.3227931488801054","0.0645215350884266","682f350a026d33918cfa2eb6cb17f99c3bfdcbee1eb73c1e2f6c10d5b782127e"
"lambda","0.5","0.72","0.5","Iris","0","150","3","20","3","0.8066666666666666","0.6110929132666966","832bceb93a5bd62e2dba78fbbeeb7219e513c9b027d0ca0edee777f6fa6f7a30"
"lambda","0.5","0.72","0.5","Iris","1","150","3","20","3","0.82","0.6478741489729217","df13745b996bda90e38aeedb972671b3b3be01d671c4466054ca434f7794b808"
"lambda","0.5","0.72","0.5","Iris","2","150","3","20","3","0.8266666666666667","0.6525582020084985","198429fcabeedcd348e173dd41145e4aeff407027accc0a1cc0eb8ccd7d80c26"
"lambda","0.5","0.72","0.5","Leukemia","0","72","2","20","2","0.7083333333333334","0.12531250648530332","61411232e939554b13cf9f085eb9076368a0e616926ef9a2afbe1eac8e669337"
"lambda","0.5","0.72","0.5","Leukemia","1","72","2","20","2","0.7083333333333334","0.12531250648530332","aadd3f5dd822cae2a67f65937b7fee041595961cff65b3ef8771311bb6364f3e"
"lambda","0.5","0.72","0.5","Leukemia","2","72","2","20","2","0.7083333333333334","0.12531250648530332","ab478753785cb77df441393aa6e3f7877cf3694fbe15fc276f6222712896f4ef"
"lambda","0.5","0.72","0.5","Leukemia2","0","72","3","20","3","0.6111111111111112","0.489053040886391","d8a0376235ccc1a60016c97c39433519be1a6432cef9a33daa5fab8c61cb8d1e"
"lambda","0.5","0.72","0.5","Leukemia2","1","72","3","20","3","0.5833333333333334","0.42419207107531653","e39500be24b679903295fa904cf4e2b295ee4a55801b826a8f11410f285c56aa"
"lambda","0.5","0.72","0.5","Leukemia2","2","72","3","20","3","0.6111111111111112","0.489053040886391","2ecce7bfd6857637099e0d6e931aba4e4aaa6921ad29de969a711afc6b998ed3"
"lambda","0.5","0.72","0.5","Mushroom","0","8124","2","20","2","0.7304283604135894","0.2841621339305455","276f1cc3052a4e9a44bb5d19e550425f1e066adc77e014808418efc753163779"
"lambda","0.5","0.72","0.5","Mushroom","1","8124","2","20","2","0.7258739537173806","0.2606365417890567","0359ab7a116b1bca5a6357d866791c668930869194e5e8fe436b0556cb81e430"
"lambda","0.5","0.72","0.5","Mushroom","2","8124","2","20","2","0.7296898079763663","0.2796139587182322","beb67e1d245dc69a5c6cf7ac24b46396f708c8d630d34947f5fa74b05bbe9950"
"lambda","0.5","0.72","0.5","ORL","0","400","40","20","40","0.6625","0.8308126724527455","e5b9b1ba9e8b1d4a99397cbe1ea29a36dcd409d59ef4710c187aafd831d4ce82"
"lambda","0.5","0.72","0.5","ORL","1","400","40","20","40","0.6375","0.8388830301133589","5547af42f293b9f5d7170b622281bb9cf2b3e92996e7714194f35e9b8e3f0fb3"
"lambda","0.5","0.72","0.5","ORL","2","400","40","20","40","0.665","0.8394223089183184","ca4be1156c303d9b66c2aabca5394dadce5e4486a1b4057c692f268d97a9d01d"
"lambda","0.665","0.72","0.665","ACM","0","3025","3","20","3","0.6833057851239669","0.45451051242889573","c441f2354eab689e08923e7110f56dc5d13adac7efdfc8debddef2faa75b0361"
"lambda","0.665","0.72","0.665","ACM","1","3025","3","20","3","0.6813223140495868","0.45607252239356444","abd06f1fd9ca7544b9c1939af926e19fc63186c4b7ba081bd369826419a6d864"
"lambda","0.665","0.72","0.665","ACM","2","3025","3","20","3","0.6892561983471074","0.4646639750918023","1152c5152df2af2e11d3c01bfaf7d057245120692f76b8fd772ff6c12c3273da"
"lambda","0.665","0.72","0.665","Amazon Photo","0","7650","8","20","8","0.5922875816993464","0.5399050843004729","e4cee3eafc4ba67eb90bed31739469eede4521662c552631c063fd2ba8a59594"
"lambda","0.665","0.72","0.665","Amazon Photo","1","7650","8","20","8","0.5913725490196079","0.5401800271814077","b9007fdf057d24ba37eb5876c6cfb1200bc143028064900c9d69088c3ad8ea26"
"lambda","0.665","0.72","0.665","Amazon Photo","2","7650","8","20","8","0.5901960784313726","0.5398403123581583","f68bbf30ed75fd32be04f9d5564dcdd5e71258739d844c5b641761bf656b6054"
"lambda","0.665","0.72","0.665","BBC News Sport","0","737","5","20","5","0.37449118046132973","0.18967445429725954","8f26b682c53d95f3e849bed22b08b9b69e2d3835caab1698f4a84bf9632a68f6"
"lambda","0.665","0.72","0.665","BBC News Sport","1","737","5","20","5","0.4355495251017639","0.2667994590857897","7b590031c0935c14fcc911dbe5073f5a3c2e3ed49ac7b4074ba85ab052780769"
"lambda","0.665","0.72","0.665","BBC News Sport","2","737","5","20","5","0.3989145183175034","0.1690014928410016","f43fd60fbb2d16bef4bae5167e92f96d3a192279383a09f0525c7a3edf92fc72"
"lambda","0.665","0.72","0.665","Caltech101-20","0","2386","20","20","20","0.26110645431684826","0.40808882361691595","19ad2fed70cc31b346429269182ed4c7db34606beb389cf41f105aa2cf943f79"
"lambda","0.665","0.72","0.665","Caltech101-20","1","2386","20","20","20","0.250628667225482","0.3877261158478567","170f62063f3aa6991b15c267cab7963096c6019a742ee3e40b36927f6d2f4764"
"lambda","0.665","0.72","0.665","Caltech101-20","2","2386","20","20","20","0.2707460184409053","0.40274965528449513","0607300f8b82b931ea24a5f50cdec25024fa9955d235d8e042dc44e7879e7cf0"
"lambda","0.665","0.72","0.665","Chameleon","0","2277","5","20","5","0.3227931488801054","0.0645215350884266","3e756a46315e7e46c5eaede9836471e4901d9444d99116d76246aca5b3b32cf5"
"lambda","0.665","0.72","0.665","Chameleon","1","2277","5","20","5","0.3227931488801054","0.0645215350884266","b64a9b3a1ccfe6e07c3859b2b73061cafb19f109de990e141683ddb67185a9ea"
"lambda","0.665","0.72","0.665","Chameleon","2","2277","5","20","5","0.3227931488801054","0.0645215350884266","d4f0252b8f809714caaf1a7c7a2de4876c4bc4f84af7e525dde5772903e37e3f"
"lambda","0.665","0.72","0.665","Iris","0","150","3","20","3","0.8066666666666666","0.6110929132666966","05016f78a07124ee286cc5aa8531e3c6d43447ad16b9626d1c9c8878d4f0f2da"
"lambda","0.665","0.72","0.665","Iris","1","150","3","20","3","0.82","0.6478741489729217","838283283f6438a80ab9025b04de6677a376b8c3643548669465ab5018fcc250"
"lambda","0.665","0.72","0.665","Iris","2","150","3","20","3","0.8266666666666667","0.6525582020084985","e988e91e070145d05577b27f559e26b805721344c9dff69d64032d635e07cdfa"
"lambda","0.665","0.72","0.665","Leukemia","0","72","2","20","2","0.7083333333333334","0.12531250648530332","c78ee4fbc3e289cd331ea7d406c93bc1c9047536c97103626b3080b5d4ea0fe0"
"lambda","0.665","0.72","0.665","Leukemia","1","72","2","20","2","0.7083333333333334","0.12531250648530332","55d55e191184d6868e37b0e70b949e77b40c8ea747259eaeed8d6b0feea867fc"
"lambda","0.665","0.72","0.665","Leukemia","2","72","2","20","2","0.7083333333333334","0.12531250648530332","967720cd74aa72cf98352958ccf08c3cc87d2addcf9477ab9e7d4ea08be91649"
"lambda","0.665","0.72","0.665","Leukemia2","0","72","3","20","3","0.6111111111111112","0.489053040886391","3d67c70feda661a20d91f72953a927973b86fe5e523c1f4650f2454e7de3cada"
"lambda","0.665","0.72","0.665","Leukemia2","1","72","3","20","3","0.5833333333333334","0.42419207107531653","263494f87dfe91b0a7cc81516752be65752f058332a29dde29a4c621cbd3bec5"
"lambda","0.665","0.72","0.665","Leukemia2","2","72","3","20","3","0.6111111111111112","0.489053040886391","d1b31e581d51fe6a912edc83a1675c752f0cd91a3074ba64b9124413714de273"
"lambda","0.665","0.72","0.665","Mushroom","0","8124","2","20","2","0.7303052683407188","0.28581544561778516","2f55604b92a2a0ca4d1b4ed4ea5b86ea5b122d5b259d912598bdb02a9583da28"
"lambda","0.665","0.72","0.665","Mushroom","1","8124","2","20","2","0.7258739537173806","0.2606365417890567","736212fc3733d8d021b8f1a99609ab0400237a04c6fa824d859a9b0f0eb2abcf"
"lambda","0.665","0.72","0.665","Mushroom","2","8124","2","20","2","0.7296898079763663","0.2796139587182322","42bb6d16821c404a3f915d8c816f88ff3752d9d2ae1113967329f768257f8edd"
"lambda","0.665","0.72","0.665","ORL","0","400","40","20","40","0.675","0.8351457799801179","1b018b4f2499b32fd338ca93f391c93dcc4bf49785674a4147a7cff323b60790"
"lambda","0.665","0.72","0.665","ORL","1","400","40","20","40","0.6375","0.8405616761634674","5fb510e6f13a4181594aecb8a874984303a83483934f7611c209292f75290e82"
"lambda","0.665","0.72","0.665","ORL","2","400","40","20","40","0.665","0.8394223089183184","c17aefc98317eca9c7571cc234abaa7606c68a042bd4f345a9ab6bd365ac0ddf"
"lambda","1.0","0.72","1.0","ACM","0","3025","3","20","3","0.6833057851239669","0.45451051242889573","712a0f2c637d4341de1e97dd6741180ba3196f29ebfad139871c4e0494bf8f8f"
"lambda","1.0","0.72","1.0","ACM","1","3025","3","20","3","0.6816528925619835","0.45623816145571433","62055aa38f0509eb68eb05a93fa6e0452d18f9ddd0a4a2fb67641e4942df504c"
"lambda","1.0","0.72","1.0","ACM","2","3025","3","20","3","0.6892561983471074","0.4646639750918023","5cb798175b832e1241c8673ec753482b29855b79edda5c193277600fff4e3ca9"
"lambda","1.0","0.72","1.0","Amazon Photo","0","7650","8","20","8","0.5922875816993464","0.5399050843004729","8240020f39e5a389d6451e33e6b40baa9bf6f71cbadfd9f2a712016ccfcc50bb"
"lambda","1.0","0.72","1.0","Amazon Photo","1","7650","8","20","8","0.5913725490196079","0.5401800271814077","b9c6457e5edd21bdfffabfe7e5f42f4048ed064bf12e999907b91690147156e9"
"lambda","1.0","0.72","1.0","Amazon Photo","2","7650","8","20","8","0.5901960784313726","0.5398403123581583","e89a275f637e65d02aa9073e314b37ca1da32cec34583d5664158ef2ebfc1bf6"
"lambda","1.0","0.72","1.0","BBC News Sport","0","737","5","20","5","0.37449118046132973","0.18967445429725954","0911e8cf9210471ba05cfeecee0be6963f631984c4ca2083d3f0eb021fcfb9b9"
"lambda","1.0","0.72","1.0","BBC News Sport","1","737","5","20","5","0.4355495251017639","0.2667994590857897","3f0747ee36d29a21fd7d9d238113e1ff3223f3eee4f534e0c39f6ac6a470d9d5"
"lambda","1.0","0.72","1.0","BBC News Sport","2","737","5","20","5","0.3989145183175034","0.1690014928410016","01d8406632263fc7f2fdd4305abb25d0f5eaab0b86438344c7c0c06cc17408d8"
"lambda","1.0","0.72","1.0","Caltech101-20","0","2386","20","20","20","0.27116512992455993","0.4111894156224856","d556457ab76740b6ec68fe9481773009f286f42ac1f5c277b920d70e19e0006d"
"lambda","1.0","0.72","1.0","Caltech101-20","1","2386","20","20","20","0.250628667225482","0.3877261158478567","f9c7a5aee6065007dc84dbcdafcd9d64e03a5bed261602de322916a44b4192c7"
"lambda","1.0","0.72","1.0","Caltech101-20","2","2386","20","20","20","0.2707460184409053","0.40314554840979816","49d3e831e5451501776f7b193611617bb34cf7040c7e9421a406b83dffc8640d"
"lambda","1.0","0.72","1.0","Chameleon","0","2277","5","20","5","0.3227931488801054","0.0645215350884266","c90125c3e1fa7c3e668d2c4cc12ec6812e05804fa4dd6705b413abb4539715d8"
"lambda","1.0","0.72","1.0","Chameleon","1","2277","5","20","5","0.3227931488801054","0.0645215350884266","2a8b50ea65a1d195e2f04e7cb404702db9c6c711ea2d821c81001e00bc3ef07a"
"lambda","1.0","0.72","1.0","Chameleon","2","2277","5","20","5","0.3227931488801054","0.0645215350884266","27191da96e74ffb2126f2f189c23a0de46c9ac50ed6a45c1b447c2512831dc5b"
"lambda","1.0","0.72","1.0","Iris","0","150","3","20","3","0.8066666666666666","0.6110929132666966","da5bcf8723f08cafa4a01e40253b8981b8fd5841b70e7846cc5df21f9118b0e4"
"lambda","1.0","0.72","1.0","Iris","1","150","3","20","3","0.82","0.6478741489729217","9b9cbede9407acf970cd2d48d444a49b9c4811d7b7ead2d81370a76fec8676cd"
"lambda","1.0","0.72","1.0","Iris","2","150","3","20","3","0.8266666666666667","0.6525582020084985","a3b6fc8a91553d50b5ba7c0e37608c1bb80bb87ad194f5879b4315db2690c64c"
"lambda","1.0","0.72","1.0","Leukemia","0","72","2","20","2","0.7083333333333334","0.12531250648530332","a6c0b81d16be1c7e883427a6fd913f429c946ced802c10b91c974873857f7b04"
"lambda","1.0","0.72","1.0","Leukemia","1","72","2","20","2","0.7083333333333334","0.12531250648530332","0a5532e5d5fc800b139943cbd00162534e13c52cd2ba6b9bccc386c667ee8521"
"lambda","1.0","0.72","1.0","Leukemia","2","72","2","20","2","0.7083333333333334","0.12531250648530332","4a6381f4e40c8baa00f5ab4e210e44bef1ec8a0e1a28c2142c7f26c780412a82"
"lambda","1.0","0.72","1.0","Leukemia2","0","72","3","20","3","0.6111111111111112","0.489053040886391","1f21950cf908bd57c7418b413cdbd16154b455bd160655698775de979c7edd43"
"lambda","1.0","0.72","1.0","Leukemia2","1","72","3","20","3","0.5833333333333334","0.42419207107531653","84120ca7aa19d13e4abcefe903e29979c0fd228ddcdb58f32e282486230ac3ed"
"lambda","1.0","0.72","1.0","Leukemia2","2","72","3","20","3","0.6111111111111112","0.489053040886391","e4df2b1f4aa6d5cc8844c0946b4a95b63febf465a78a355f83852ec126ad7f11"
"lambda","1.0","0.72","1.0","Mushroom","0","8124","2","20","2","0.7304283604135894","0.2841621339305455","4ac9805ece66c2392cfd135e250cdbb137158ba9870ba81f88c3e81d11c139c1"
"lambda","1.0","0.72","1.0","Mushroom","1","8124","2","20","2","0.7258739537173806","0.2606365417890567","45e682b94b530fd69f0a8896057ba396b6ae80084246cc66fae027c0747f98fa"
"lambda","1.0","0.72","1.0","Mushroom","2","8124","2","20","2","0.7296898079763663","0.2796139587182322","e5c27511dda1f781c028c07cad7d3325583df18534695e54f92fc1abc2790b8b"
"lambda","1.0","0.72","1.0","ORL","0","400","40","20","40","0.675","0.8351457799801179","926149b2f36a1d9dfa53bf1b370b12ad19ea487a8faca3002b548caf8ab533e4"
"lambda","1.0","0.72","1.0","ORL","1","400","40","20","40","0.6375","0.8383549587136232","fc951ff137e84712f21f0781c744c4b760fc737c774f500489a3673e3c99da4d"
"lambda","1.0","0.72","1.0","ORL","2","400","40","20","40","0.665","0.8394223089183186","a5c11bf991dc627abf693e632798e22f3aad0708893b4a51224489211df19ae8"
"lambda","4.0","0.72","4.0","ACM","0","3025","3","20","3","0.6829752066115703","0.45521251551871544","c8003026d89926f0645af652374b427072fb791a282eb868b7ed73f94d5c2712"
"lambda","4.0","0.72","4.0","ACM","1","3025","3","20","3","0.6823140495867769","0.4565724436167311","6f1d204b92a2b21df1bd9c97d8c9eee038e64b1c4af0e73b5bfd7a32329d1f14"
"lambda","4.0","0.72","4.0","ACM","2","3025","3","20","3","0.6892561983471074","0.4646639750918023","64a172a60c429bb008a6db203b862c63de5e759e79280cc35d83858db532d8b0"
"lambda","4.0","0.72","4.0","Amazon Photo","0","7650","8","20","8","0.592156862745098","0.5381661773908757","a6c2cf7914eaf4f0d244d41e7219f36f8f104b4d733e61775edc481584948de2"
"lambda","4.0","0.72","4.0","Amazon Photo","1","7650","8","20","8","0.591764705882353","0.5408386221372623","2aa8f78ce054cca1e7ff0457c31c194ac9ba642245a142e480a913c628041ada"
"lambda","4.0","0.72","4.0","Amazon Photo","2","7650","8","20","8","0.5899346405228758","0.5407962546070977","c2af6235f75ddb26e52abc32629e97150ad757632c9fd026e630a780222cbd36"
"lambda","4.0","0.72","4.0","BBC News Sport","0","737","5","20","5","0.37449118046132973","0.18967445429725954","399d33000b89f287be1f0b0b8e55d9d48f12f0a7ee986a0eb044fb120a2be13b"
"lambda","4.0","0.72","4.0","BBC News Sport","1","737","5","20","5","0.4355495251017639","0.2667994590857897","46421a9db1c4300f3e1e0af88eac008f4ea6446b8a11acc81e5435b61bedd496"
"lambda","4.0","0.72","4.0","BBC News Sport","2","737","5","20","5","0.3989145183175034","0.1690014928410016","dde862c1096ef30bc52cc4b2579b37b51dc5a214b58aea75248f8f7e299a4fc3"
"lambda","4.0","0.72","4.0","Caltech101-20","0","2386","20","20","20","0.26110645431684826","0.4080888236169161","db8ac57226bef1ef6c3893932e98d5e3443c3801326a7aa38914ca418f80aadd"
"lambda","4.0","0.72","4.0","Caltech101-20","1","2386","20","20","20","0.250628667225482","0.38796373128637784","e587f03f4486370c4deb58e0991c2fa6ad1c119c74846a6244336aebf0d8ded7"
"lambda","4.0","0.72","4.0","Caltech101-20","2","2386","20","20","20","0.27451802179379714","0.4037393964465472","62dd1c807b0d318da9499a3b85796c477266a0905c00688d67b244a883bcc003"
"lambda","4.0","0.72","4.0","Chameleon","0","2277","5","20","5","0.32367149758454106","0.06482654853217104","67549923b27cbaf3d80204304098bc221bf251e15ddce8d8d98be7f438abd008"
"lambda","4.0","0.72","4.0","Chameleon","1","2277","5","20","5","0.32367149758454106","0.06482654853217104","a66cc50fb5c7cb100fa549e26aa6f5304ef0b655440b20da5916408f894fac33"
"lambda","4.0","0.72","4.0","Chameleon","2","2277","5","20","5","0.32367149758454106","0.06482654853217104","921f3fa0c9b56ac564227629f0fe82b634223f0687e23fb32cc4e30e20c8ce17"
"lambda","4.0","0.72","4.0","Iris","0","150","3","20","3","0.8066666666666666","0.6110929132666966","40feed316f6139cbbcdda930cd81ba0640e964a48f08f448f6954cd66c75d498"
"lambda","4.0","0.72","4.0","Iris","1","150","3","20","3","0.8266666666666667","0.6534762508409035","adc5074418c9d9768ca4e9d8e2076895851de6db85823bec1561cfe8ac3eb16e"
"lambda","4.0","0.72","4.0","Iris","2","150","3","20","3","0.8266666666666667","0.6525582020084985","339bf379703e6943da163c78ec1b6a5c2ffc8daff229f61ee8adcc3a11412141"
"lambda","4.0","0.72","4.0","Leukemia","0","72","2","20","2","0.7083333333333334","0.12531250648530332","b6ca8e5d5e0c3336ce2b85457e0201116389ab80cc067cb98bbe488af76667fe"
"lambda","4.0","0.72","4.0","Leukemia","1","72","2","20","2","0.7083333333333334","0.12531250648530332","ba4ed05fac32185324c4702e4e4f508db6b4a42e031459c0c6840fb28dec080f"
"lambda","4.0","0.72","4.0","Leukemia","2","72","2","20","2","0.7083333333333334","0.12531250648530332","2157cb0b1a8956920f3825ab40f6b53b38cd80068ee7a76e66fb8a94b55def34"
"lambda","4.0","0.72","4.0","Leukemia2","0","72","3","20","3","0.5694444444444444","0.323546280215676","ec18349fe145fb0a99e8ed9d6734afccb3e158f218a6fb0ecc377656c586c04f"
"lambda","4.0","0.72","4.0","Leukemia2","1","72","3","20","3","0.5694444444444444","0.323546280215676","01f20e2ac2940b1b659fc7ed0e539aff9ace941e908178cc7c7c16b0ba388b90"
"lambda","4.0","0.72","4.0","Leukemia2","2","72","3","20","3","0.6111111111111112","0.489053040886391","a08a09278bb17758ae1653d0ae374ac7cce96f62f87730948da1a64c31619d71"
"lambda","4.0","0.72","4.0","Mushroom","0","8124","2","20","2","0.7307976366322009","0.2865260963321057","5ff6be561bbd865c47702db59c0e451f36b81e09a74165e298e1a93794bd9710"
"lambda","4.0","0.72","4.0","Mushroom","1","8124","2","20","2","0.7295667159034959","0.2811504479905036","3ea83f28715020ca7830649104980bf8bc61f7586dc423e61f5e4035ff92c8b2"
"lambda","4.0","0.72","4.0","Mushroom","2","8124","2","20","2","0.7296898079763663","0.2796139587182322","a83e4f33d7305d4344a63122fe430fdb4e2baea7beaf0733547644577baadb7a"
"lambda","4.0","0.72","4.0","ORL","0","400","40","20","40","0.6525","0.8343977853144852","804a560731021de9bede755bf1933b446500e3432371c890f1b0f10235b11fea"
"lambda","4.0","0.72","4.0","ORL","1","400","40","20","40","0.6375","0.8408268675316645","2c579d200fdfcbb88b35122a20ae0138db049f8396dc3847063e4cb1148b6eac"
"lambda","4.0","0.72","4.0","ORL","2","400","40","20","40","0.67","0.8529660307476581","8339e3a0385e17764e086944fa9a691e15a428297638c88189f6fbf144c9b1f3"
"lambda","12.0","0.72","12.0","ACM","0","3025","3","20","3","0.6833057851239669","0.4552821841111428","ac36f3926f33bd4d4eb2eff6cc47fd352501be09beb408f6cad1917d955fb518"
"lambda","12.0","0.72","12.0","ACM","1","3025","3","20","3","0.6823140495867769","0.4594064555459968","720ac885bcca627a95506433566b05a1ca1676e63c98acf212917a227f43b71c"
"lambda","12.0","0.72","12.0","ACM","2","3025","3","20","3","0.6846280991735537","0.45692797383155054","e81f7e64093478a64dc3efbbd1085ae76425cfec88edd029baa4672d43415161"
"lambda","12.0","0.72","12.0","Amazon Photo","0","7650","8","20","8","0.592156862745098","0.5381661773908757","9046c6d86c86b044d548db5f240df7dbb8341b200bc3673695cc16632cd0dfc9"
"lambda","12.0","0.72","12.0","Amazon Photo","1","7650","8","20","8","0.5912418300653595","0.5407634281708882","2945861fca07404226a903de04c129a5c44c6ae8a549a3b624e5c15eb1f7ff85"
"lambda","12.0","0.72","12.0","Amazon Photo","2","7650","8","20","8","0.5899346405228758","0.5407962546070976","0e5b659063e35cc89f3bd8cc82e12cd0df7aca82b092f725c1e134bed1ed5524"
"lambda","12.0","0.72","12.0","BBC News Sport","0","737","5","20","5","0.37449118046132973","0.18967445429725954","59d903b12085f372c034deb3c5848d23e70166fb8aa7e9b755d0e115fff8e4c0"
"lambda","12.0","0.72","12.0","BBC News Sport","1","737","5","20","5","0.4355495251017639","0.2667994590857897","31a0174805f725b45deb5014c8265dabf9e6a685bd2741cc6ebec140c0925ca6"
"lambda","12.0","0.72","12.0","BBC News Sport","2","737","5","20","5","0.3989145183175034","0.1690014928410016","3a9af8ec5714f59160bfee973e2f9fe8a18e3ac8f2785cb0e564deadfcff421a"
"lambda","12.0","0.72","12.0","Caltech101-20","0","2386","20","20","20","0.26110645431684826","0.40808882361691606","39a812a56af88228436507ccf24933c0dd08d073b4a389a5b432dcf7ed1b774a"
"lambda","12.0","0.72","12.0","Caltech101-20","1","2386","20","20","20","0.250628667225482","0.3879637312863779","801c2df61e09ee80cb6ed2d0d334bbf965a355e44eeaaed64458e9659f180cc4"
"lambda","12.0","0.72","12.0","Caltech101-20","2","2386","20","20","20","0.2707460184409053","0.40314554840979827","b9106dc84f6adccf9297ee9446a2103019aaca23b77a698e2cdfdf025e3d3304"
"lambda","12.0","0.72","12.0","Chameleon","0","2277","5","20","5","0.32367149758454106","0.06482654853217104","a30b1047cd13d7d332c14c879e07cbfe1c9ae8354e6cdabccf70700d03b1e53f"
"lambda","12.0","0.72","12.0","Chameleon","1","2277","5","20","5","0.32367149758454106","0.06482654853217104","10c53056a2facc8ab83121d67ad75187a928c6aa22074ac2331d5bad0c18a84d"
"lambda","12.0","0.72","12.0","Chameleon","2","2277","5","20","5","0.32367149758454106","0.06482654853217104","c8abf31ec54de743f1cfb8faa6216c1a6c9c9e2d70e9e28764015ed1aa13f711"
"lambda","12.0","0.72","12.0","Iris","0","150","3","20","3","0.8133333333333334","0.6176019035779294","bc8d7d3f818b43377a0a0587055608092bfc66d2131aee9c472da724791e2b63"
"lambda","12.0","0.72","12.0","Iris","1","150","3","20","3","0.8266666666666667","0.6534762508409035","da80e1e79975aaa641b546e36f6eb0592424d666d63cf59db60e730a8dd6430d"
"lambda","12.0","0.72","12.0","Iris","2","150","3","20","3","0.8266666666666667","0.6525582020084985","3b1a7d8deffafec597ece0e0bdf1a272b65b4ffe5bedf81d5541dc1a4c23f669"
"lambda","12.0","0.72","12.0","Leukemia","0","72","2","20","2","0.7083333333333334","0.12531250648530332","0dc12d79a5c1759d29cf88d5b6f4508e46f5e55ae2bef1a8752b0d1bae1b0ba9"
"lambda","12.0","0.72","12.0","Leukemia","1","72","2","20","2","0.7083333333333334","0.12531250648530332","9aafa3f59d83bb7beb6a3713b3753582998b7ee0d684e45433e70e97b8d2ffde"
"lambda","12.0","0.72","12.0","Leukemia","2","72","2","20","2","0.7083333333333334","0.12531250648530332","f118d513f2cc223da7c11e2e1041e8662e364788d7cb817aff120c618b9dc04f"
"lambda","12.0","0.72","12.0","Leukemia2","0","72","3","20","3","0.5694444444444444","0.323546280215676","9377c0a70cd59fa6a06cdd382499daa73425d3d1ec0991490f7303c31c039cf8"
"lambda","12.0","0.72","12.0","Leukemia2","1","72","3","20","3","0.5694444444444444","0.323546280215676","58670e276fcd1d14a5c80361725e50b0c1e48e506d55e24a529aa2a29190d318"
"lambda","12.0","0.72","12.0","Leukemia2","2","72","3","20","3","0.6111111111111112","0.489053040886391","2e6122da4b03613acf0a7285058ddebd13ee71794013ae43d018529fb019ada4"
"lambda","12.0","0.72","12.0","Mushroom","0","8124","2","20","2","0.7331363860167405","0.3073367914323212","48bdbdf4d978b3d160cdae4ca6135c1c44e87d99a595b209f83de38a4078c712"
"lambda","12.0","0.72","12.0","Mushroom","1","8124","2","20","2","0.7295667159034959","0.2811504479905036","07a88123c8db5b6bfb9ad21161652293fef8564f5479890b4b420c9a1d35afc0"
"lambda","12.0","0.72","12.0","Mushroom","2","8124","2","20","2","0.7300590841949779","0.2818599553244734","307f43521c520d7d5efbf3eb1cae3a8a865f28ff51b43cf0a9e9584e4eaea370"
"lambda","12.0","0.72","12.0","ORL","0","400","40","20","40","0.67","0.85321554620873","37076b541943714467230ab34d2ac07ab241bc4ca2c31e9f2aad65a435822ef4"
"lambda","12.0","0.72","12.0","ORL","1","400","40","20","40","0.6375","0.8408268675316645","9b8ef2638f572fd465beea62f44025f1c76c2087f3e27315926b45f1791e7f69"
"lambda","12.0","0.72","12.0","ORL","2","400","40","20","40","0.67","0.8529660307476581","f9dab88efd376b6d156f64b2d3609ad1d4f86ae36dcdc4a483484b7c7d197ab8"
