dataset,pool,variant,method,n,c,M,ACC,NMI,ARI,F1,runtime_seconds,status
11_Tumors,0,w/o interaction,CA,174,11,20,0.5402298850574713,0.594343388947255,0.3762520040343654,0.4321958848422362,0.1486898000002838,ok
11_Tumors,1,w/o interaction,CA,174,11,20,0.5632183908045977,0.595249034315122,0.3776917386295071,0.4498412719976988,0.1349626000010175,ok
3Sources,0,w/o interaction,CA,169,6,20,0.408284023668639,0.1772645757734948,0.0028995941058213,0.201423097974822,0.0731546000024536,ok
11_Tumors,2,w/o interaction,CA,174,11,20,0.5862068965517241,0.6152280179026425,0.4159713964612975,0.4641277749344252,0.1341893000062555,ok
10X PBMC,0,w/o interaction,CA,4271,8,20,0.7424490751580426,0.7569520411157957,0.6395566544365153,0.5619761647658187,0.2851443999970797,ok
10X PBMC,1,w/o interaction,CA,4271,8,20,0.7173963942870523,0.740645052997671,0.629163857434528,0.4452508563399037,0.2962502000009408,ok
10X PBMC,2,w/o interaction,CA,4271,8,20,0.7120112385858113,0.7480145663599032,0.6451280121148394,0.4878584074130178,0.3139312999992398,ok
3Sources,1,w/o interaction,CA,169,6,20,0.4319526627218935,0.1737893926635824,0.0133312212337817,0.2390796663221246,0.0729833999939728,ok
3Sources,2,w/o interaction,CA,169,6,20,0.4142011834319526,0.1553815867366423,-0.0028474053360781,0.17637728125533,0.1082869000092614,ok
ACM,0,w/o interaction,CA,3025,3,20,0.6829752066115703,0.4531837744509407,0.4121622719497231,0.6897876511544193,0.1176063000020803,ok
ACM,1,w/o interaction,CA,3025,3,20,0.6813223140495868,0.4566254992741328,0.4116695499606394,0.6883559978928658,0.1058474000019487,ok
ACM,2,w/o interaction,CA,3025,3,20,0.6866115702479338,0.4616339222678779,0.420195319413697,0.692706299791889,0.1177505999949062,ok
Actor,0,w/o interaction,CA,7600,5,20,0.2609210526315789,0.0008765542957394,0.001062276724784,0.1165162715908819,0.3082518000010168,ok
Actor,1,w/o interaction,CA,7600,5,20,0.2609210526315789,0.0008788946638479,0.0010406981569974,0.1166232187300496,0.3127659000019775,ok
Actor,2,w/o interaction,CA,7600,5,20,0.2609210526315789,0.0008772606957643,0.0010861730826213,0.1165129360360753,0.3694282999931602,ok
Amazon Computers,0,w/o interaction,CA,13752,10,20,0.5363583478766725,0.4608807666253677,0.3132151587452422,0.5331743973205031,1.786926000000676,ok
Amazon Computers,1,w/o interaction,CA,13752,10,20,0.5170157068062827,0.4500189318170028,0.2953328817119302,0.5245782521087636,1.966125999999349,ok
Amazon Photo,0,w/o interaction,CA,7650,8,20,0.5922875816993464,0.5398441715495762,0.3694906022928648,0.5216020248703815,0.5843080000049667,ok
Amazon Photo,1,w/o interaction,CA,7650,8,20,0.5916339869281045,0.5408217254596505,0.3704751833016291,0.5217184284529022,0.6041315000038594,ok
Amazon Computers,2,w/o interaction,CA,13752,10,20,0.5205788248981966,0.4457249839541755,0.2916378872729597,0.5252665769742129,1.830036999992444,ok
BBC News Sport,0,w/o interaction,CA,737,5,20,0.3812754409769335,0.2321041064947627,0.1002137448844089,0.3015773740983036,0.1161820999986957,ok
BBC News Sport,1,w/o interaction,CA,737,5,20,0.5020352781546812,0.3306448345041274,0.1371864410022806,0.5264122150172055,0.1065401999949244,ok
Amazon Photo,2,w/o interaction,CA,7650,8,20,0.5901960784313726,0.5394254804350345,0.3691174235269814,0.5198924034172916,0.6167583000060404,ok
BBC News Sport,2,w/o interaction,CA,737,5,20,0.4871099050203528,0.3344728182403627,0.1861748124368996,0.4418638477985178,0.1246370000008028,ok
BBC-MV,0,w/o interaction,CA,685,5,20,0.32992700729927,0.0106854001133137,-0.000693262347382,0.1059053382674903,0.123654399998486,ok
BBC-MV,1,w/o interaction,CA,685,5,20,0.32992700729927,0.0154017697119373,0.0027410570017182,0.1188705591597158,0.130199100007303,ok
BBC-MV,2,w/o interaction,CA,685,5,20,0.3313868613138686,0.0164056816277134,0.0034702039349121,0.1194048025707627,0.1113537000055657,ok
BBCSport-MV,0,w/o interaction,CA,544,5,20,0.4944852941176471,0.2607852314802768,0.090382064435618,0.3526399328434481,0.1159380000026431,ok
BBCSport-MV,1,w/o interaction,CA,544,5,20,0.4871323529411764,0.2487698531810076,0.0826790186907248,0.3465725185789578,0.0987562999944202,ok
BBCSport-MV,2,w/o interaction,CA,544,5,20,0.4852941176470588,0.2548033415456885,0.0901315695281246,0.3377445193276009,0.1067773999966448,ok
100Leaves,0,w/o interaction,CA,1600,100,20,0.8325,0.9213136833960912,0.63872325344547,0.830025123046459,5.248130799998762,ok
100Leaves,1,w/o interaction,CA,1600,100,20,0.8,0.920620185685454,0.6356637735607239,0.784038821135885,5.872872100007953,ok
100Leaves,2,w/o interaction,CA,1600,100,20,0.8225,0.9298380804230943,0.7133734964920379,0.814855118149775,5.564861499995459,ok
COIL20,0,w/o interaction,CA,1440,20,20,0.6798611111111111,0.8122435416874325,0.6456838827346848,0.6625780051413829,0.4335194000013871,ok
COIL20,1,w/o interaction,CA,1440,20,20,0.7236111111111111,0.8223975978323744,0.6754377997643961,0.7114904698464013,0.4839317999867489,ok
COIL20,2,w/o interaction,CA,1440,20,20,0.6972222222222222,0.8072484721103235,0.6314226460833477,0.6821626470874873,0.4389213999966159,ok
Caltech101-20,0,w/o interaction,CA,2386,20,20,0.2669740150880134,0.4063243639836919,0.1688702747001669,0.2071146596696639,0.5321638000023086,ok
Caltech101-20,1,w/o interaction,CA,2386,20,20,0.2648784576697401,0.3954900828121541,0.1398064288042694,0.2095340858389398,0.5649234000011347,ok
Caltech101-20,2,w/o interaction,CA,2386,20,20,0.268650461022632,0.4028551790827343,0.1595528467676638,0.2132035172026172,0.5779364000045462,ok
Caltech101-20-MV,0,w/o interaction,CA,2386,20,20,0.4568315171835708,0.610035432886692,0.3621786953807361,0.4300920450400535,0.8171491999964928,ok
Caltech101-20-MV,1,w/o interaction,CA,2386,20,20,0.5041911148365466,0.6408844531225647,0.3829372273460018,0.4795283986683556,0.836629700002959,ok
Cardiotocography,0,w/o interaction,CA,2126,10,20,0.405456255879586,0.3622773317439922,0.1820543622125359,0.3539486698773683,0.2995059000095352,ok
Caltech101-20-MV,2,w/o interaction,CA,2386,20,20,0.479463537300922,0.6221931126857088,0.3443743860431976,0.4356700937458481,0.98312459999579,ok
Cardiotocography,1,w/o interaction,CA,2126,10,20,0.4063969896519285,0.356552362539216,0.1768868786223101,0.3591332831589423,0.3382882000005338,ok
Chameleon,0,w/o interaction,CA,2277,5,20,0.3227931488801054,0.0645215350884265,0.0473192878258633,0.2713430424915679,0.1296208999992814,ok
Cardiotocography,2,w/o interaction,CA,2126,10,20,0.4134524929444967,0.3557101284694359,0.1811494863099025,0.3639584698290655,0.2912574999936623,ok
Chameleon,1,w/o interaction,CA,2277,5,20,0.3227931488801054,0.0645215350884266,0.0473192878258633,0.2713430424915679,0.1036133000015979,ok
Chameleon,2,w/o interaction,CA,2277,5,20,0.3227931488801054,0.0645215350884266,0.0473192878258633,0.2713430424915679,0.1270081999973626,ok
CiteSeer,0,w/o interaction,CA,3312,6,20,0.3876811594202898,0.1507510644141583,0.1621997844455341,0.3212054279307047,0.1738642999989679,ok
CiteSeer,1,w/o interaction,CA,3312,6,20,0.3774154589371981,0.1482827618820251,0.1583724912129784,0.3041988805620221,0.1974458999902708,ok
CiteSeer,2,w/o interaction,CA,3312,6,20,0.3713768115942029,0.1397271142679083,0.1490828086566087,0.3024993790670865,0.1747797999996692,ok
Coauthor CS,1,w/o interaction,CA,18333,15,20,0.6137020673103147,0.6176016562133255,0.4982354650004488,0.5700550374962351,3.3507440999965183,ok
Coauthor CS,0,w/o interaction,CA,18333,15,20,0.6070474008618338,0.6097483379516607,0.493431505310873,0.5625805369648886,3.308755599995493,ok
Coauthor Physics,0,w/o interaction,CA,34493,5,20,0.7787087235091178,0.5992865600614794,0.6950582917925983,0.6912614999124568,0.1165897000028053,ok
Coauthor Physics,1,w/o interaction,CA,34493,5,20,0.7779259559910706,0.5936794780640863,0.6841261813290886,0.6630137717556851,0.11785900000541,ok
Coauthor Physics,2,w/o interaction,CA,34493,5,20,0.77911460296292,0.5977372574619886,0.6947928373074558,0.6904686420610574,0.1158487000066088,ok
Cora,0,w/o interaction,CA,2708,7,20,0.4855982274741506,0.3628934280935303,0.2606311979209217,0.3551570964424254,0.2036784999945666,ok
Cora,1,w/o interaction,CA,2708,7,20,0.4800590841949778,0.3586841893828535,0.2504381113335031,0.3577692960237785,0.2051479000074323,ok
Cora,2,w/o interaction,CA,2708,7,20,0.4855982274741506,0.361892592662825,0.2629263842027741,0.3553072677451871,0.2253068999998504,ok
Coauthor CS,2,w/o interaction,CA,18333,15,20,0.6171384934271532,0.614609404544796,0.4979388365871828,0.5709141403597893,2.6258342000073758,ok
COIL100,1,w/o interaction,CA,7200,100,20,0.5269444444444444,0.7810616153910576,0.4057125325778142,0.5036591193070207,23.72923090000404,ok
COIL100,0,w/o interaction,CA,7200,100,20,0.5166666666666667,0.787651989442337,0.4351719493330265,0.4959140626170348,22.47758539998904,ok
DBLP,0,w/o interaction,CA,4057,4,20,0.8843973379344343,0.6677629377194271,0.729246492422971,0.878154326653255,0.2268769000074826,ok
DBLP,1,w/o interaction,CA,4057,4,20,0.8819324624106483,0.664996211609379,0.7232993312008311,0.876286926541539,0.2157630000001518,ok
DBLP,2,w/o interaction,CA,4057,4,20,0.888341138772492,0.6769404530640456,0.7359349722295963,0.8831924049341422,0.2100853000010829,ok
COIL100,2,w/o interaction,CA,7200,100,20,0.52625,0.7870923052846232,0.4335072638899516,0.5007305235767112,24.60511499999848,ok
Extended Yale-B,0,w/o interaction,CA,2414,38,20,0.0932062966031483,0.1275150247692268,0.0132584936264733,0.0988237874823795,1.5025847000069916,ok
Extended Yale-B,1,w/o interaction,CA,2414,38,20,0.0981772990886495,0.1237365505862917,0.0138668569152343,0.103968291786234,1.606335799995577,ok
Extended Yale-B,2,w/o interaction,CA,2414,38,20,0.0973487986743993,0.1238164983260637,0.0161479011782327,0.1028896210697125,1.5783879999944477,ok
Handwritten,0,w/o interaction,CA,2000,10,20,0.9485,0.9062326231665452,0.8904037807275109,0.948942941969803,0.2628328999999212,ok
Handwritten,1,w/o interaction,CA,2000,10,20,0.9515,0.9080928402948534,0.8969219691343323,0.9518591188723804,0.2762351999990642,ok
Handwritten,2,w/o interaction,CA,2000,10,20,0.9455,0.9007652906426836,0.8843330032787458,0.9458758556813646,0.2657278999977279,ok
Human Kidney,0,w/o interaction,CA,2100,11,20,0.3571428571428571,0.2734699672920742,0.1130817249197119,0.2480919513550209,0.2786830999975791,ok
Human Kidney,1,w/o interaction,CA,2100,11,20,0.3523809523809524,0.2668406068208934,0.1001641261716429,0.2442639495606854,0.3028048999985913,ok
IMDB,0,w/o interaction,CA,4278,3,20,0.3564749883122954,0.0039915497823305,3.915249018072575e-05,0.3273786228563725,0.0863220999890472,ok
IMDB,1,w/o interaction,CA,4278,3,20,0.3583450210378681,0.0033287185948011,-0.0021205202030119,0.2947784744116594,0.1426019000064116,ok
Human Kidney,2,w/o interaction,CA,2100,11,20,0.3471428571428571,0.2604146326965604,0.1070032921757491,0.2324759602269654,0.2908777999982703,ok
Isolet,0,w/o interaction,CA,1560,2,20,0.541025641025641,0.0162064336167724,0.0064747382694398,0.4607173826137169,0.0598229999886825,ok
IMDB,2,w/o interaction,CA,4278,3,20,0.3496961196820944,0.0027844229042832,-0.0010165694128326,0.3008275728469225,0.1409510999947087,ok
Isolet,1,w/o interaction,CA,1560,2,20,0.6871794871794872,0.1036066963230204,0.1395927774683105,0.6871748595886527,0.0605920000089099,ok
Isolet,2,w/o interaction,CA,1560,2,20,0.5935897435897436,0.0268679699677948,0.0344409579517913,0.5895902043417858,0.0691711999970721,ok
LandUse-21,0,w/o interaction,CA,2100,21,20,0.2252380952380952,0.3201503354463587,0.1016266211341214,0.1880826253970536,0.8039382999995723,ok
LandUse-21,1,w/o interaction,CA,2100,21,20,0.2171428571428571,0.3098591555229085,0.0991911041769174,0.1636087545336944,0.9903816000005464,ok
LandUse-21,2,w/o interaction,CA,2100,21,20,0.2047619047619047,0.3079899059259702,0.0942273357673317,0.1635329522920443,0.9583731000020634,ok
ALOI,0,w/o interaction,CA,10800,100,20,0.6946296296296296,0.8094160687542088,0.3099550594520877,0.7132327552264465,36.27120889999787,ok
ALOI,1,w/o interaction,CA,10800,100,20,0.6951851851851852,0.8028280374871037,0.2731442802313872,0.7238061464599507,36.89000400000077,ok
Leukemia,0,w/o interaction,CA,72,2,20,0.7083333333333334,0.1253125064853033,0.162077515013866,0.6950998185117967,0.038272899997537,ok
Leukemia,1,w/o interaction,CA,72,2,20,0.7083333333333334,0.1253125064853033,0.162077515013866,0.6950998185117967,0.0350963999953819,ok
Leukemia,2,w/o interaction,CA,72,2,20,0.7083333333333334,0.1253125064853033,0.162077515013866,0.6950998185117967,0.0387598999950569,ok
Leukemia2,0,w/o interaction,CA,72,3,20,0.6111111111111112,0.489053040886391,0.3709599322861673,0.5006802721088436,0.0478167999972356,ok
Leukemia2,1,w/o interaction,CA,72,3,20,0.5833333333333334,0.4241920710753165,0.291439196763541,0.4775413711583924,0.0525383000058354,ok
Leukemia2,2,w/o interaction,CA,72,3,20,0.6111111111111112,0.489053040886391,0.3709599322861673,0.5006802721088436,0.0468951000075321,ok
ALOI,2,w/o interaction,CA,10800,100,20,0.6888888888888889,0.8071209249193406,0.255503791419932,0.7150941622710283,36.53356860000349,ok
MFeat-pix,0,w/o interaction,CA,2000,10,20,0.865,0.8048976610412653,0.7561368166219208,0.8639174863623257,0.257710899997619,ok
MFeat-pix,1,w/o interaction,CA,2000,10,20,0.753,0.7949385514245959,0.6982220155856999,0.7492152010235369,0.2708426999888615,ok
MSRC-v1,0,w/o interaction,CA,210,7,20,0.7285714285714285,0.6773588555847249,0.590524694484844,0.6849441817591464,0.0656231000029947,ok
MFeat-pix,2,w/o interaction,CA,2000,10,20,0.7485,0.7982717982455864,0.6973023971294082,0.7398872104719737,0.1864112999901408,ok
MSRC-v1,1,w/o interaction,CA,210,7,20,0.7380952380952381,0.6780094757389566,0.6027601324225382,0.6940381919679102,0.0648263000039151,ok
MSRC-v1,2,w/o interaction,CA,210,7,20,0.7428571428571429,0.6744866496152505,0.5828475770396693,0.7316711807584115,0.1203829000005498,ok
Movies617,0,w/o interaction,CA,617,17,20,0.1231766612641815,0.1037377369189307,0.0066219886515515,0.0664493288668817,0.3215386999945622,ok
Movies617,1,w/o interaction,CA,617,17,20,0.126418152350081,0.1079466087029956,0.0072970781096334,0.0648878164057152,0.3202944999939063,ok
NGs,0,w/o interaction,CA,500,5,20,0.21,0.0229949009148245,0.0001105618976845,0.0869113448561684,0.0874387999938335,ok
NGs,1,w/o interaction,CA,500,5,20,0.206,0.0154802691564095,-3.853876421598665e-06,0.0789952820785434,0.0844924999983049,ok
Movies617,2,w/o interaction,CA,617,17,20,0.1150729335494327,0.0868824913130511,0.0065506887106408,0.0487249330686643,0.3420490999997128,ok
NGs,2,w/o interaction,CA,500,5,20,0.208,0.019246563491445,3.690568721115807e-05,0.0829908200904124,0.0865523000102257,ok
NUSWIDE-Object-2000,0,w/o interaction,CA,2000,31,20,0.177,0.1730903136179807,0.0535947788500253,0.1079206258688434,1.6591015000012703,ok
NUSWIDE-Object-2000,1,w/o interaction,CA,2000,31,20,0.17,0.1741801566023067,0.042735002422674,0.1098904162179629,1.603958200008492,ok
ORL,0,w/o interaction,CA,400,40,20,0.665,0.8329115955945778,0.466296594916904,0.6648769125653139,0.5216722999903141,ok
Letter,0,w/o interaction,CA,20000,26,20,0.2634,0.3922029470804289,0.1280349171239434,0.277959652538655,3.5266510999936145,ok
ORL,1,w/o interaction,CA,400,40,20,0.6375,0.8403656060232769,0.4598281092600895,0.6308756795996603,0.4877630000119097,ok
ORL,2,w/o interaction,CA,400,40,20,0.665,0.8394223089183186,0.4767931641582025,0.6566011980734027,0.5034235000057379,ok
Letter,1,w/o interaction,CA,20000,26,20,0.27015,0.3891004062067152,0.1282154361817404,0.2812296930570743,5.339691100001801,ok
NUSWIDE-Object-2000,2,w/o interaction,CA,2000,31,20,0.159,0.1640739642884618,0.038179646913554,0.115613037866599,1.582874499988975,ok
PubMed,0,w/o interaction,CA,19717,3,20,0.5157985494750723,0.1589690154431408,0.1119027970631092,0.4363797161256963,0.3901292999944417,ok
Reuters,0,w/o interaction,CA,1500,6,20,0.4733333333333333,0.1799425933741868,0.179707478885076,0.2069656717449552,0.2166730000026291,ok
Reuters,1,w/o interaction,CA,1500,6,20,0.4806666666666667,0.219467866316778,0.1800722397577743,0.2146756901213607,0.2240815999975893,ok
PubMed,1,w/o interaction,CA,19717,3,20,0.5161535730587817,0.1587019665842166,0.1119831862672555,0.4365827775424343,0.3535835000075167,ok
PubMed,2,w/o interaction,CA,19717,3,20,0.5159507024395192,0.1588981128270284,0.1119178414132861,0.436450364271047,0.3942650999961188,ok
Reuters,2,w/o interaction,CA,1500,6,20,0.464,0.2221772957388885,0.1460709138930044,0.2111446673013163,0.2228181999962544,ok
Squirrel,0,w/o interaction,CA,5201,5,20,0.2338011920784464,0.0103814295287612,0.0041764317731287,0.1904557016345505,0.2840890999941621,ok
Squirrel,1,w/o interaction,CA,5201,5,20,0.2339934627956162,0.0106412565199983,0.0042744411268623,0.190614139962541,0.2350027000065893,ok
Squirrel,2,w/o interaction,CA,5201,5,20,0.2351470870986348,0.0108083234938316,0.0044622481305904,0.1911833873669179,0.2252240999951027,ok
Scene15,0,w/o interaction,CA,4485,15,20,0.4049052396878483,0.4178312001558005,0.2266887951256313,0.4029077100785779,1.2842908000020543,ok
UMIST,0,w/o interaction,CA,575,20,20,0.4208695652173913,0.6130150374409099,0.3106924055036838,0.4038121336930564,0.3022023000085028,ok
Scene15,2,w/o interaction,CA,4485,15,20,0.4122630992196209,0.4223996129155638,0.2269486280275637,0.4015932591787192,1.3266962000052445,ok
Scene15,1,w/o interaction,CA,4485,15,20,0.4,0.4219148902640151,0.2324518371912157,0.3806513658503023,1.2935250000009546,ok
UMIST,1,w/o interaction,CA,575,20,20,0.408695652173913,0.5925573556405034,0.277258650330543,0.4140723018744293,0.3029901999980211,ok
UMIST,2,w/o interaction,CA,575,20,20,0.4347826086956521,0.6232042827191833,0.3143832997257785,0.4365124439674262,0.2680589999945368,ok
USPS3568,0,w/o interaction,CA,3082,4,20,0.6745619727449708,0.6484801886410382,0.5361017782709967,0.6111770647711269,0.2008149000030243,ok
USPS3568,1,w/o interaction,CA,3082,4,20,0.673264114211551,0.6343884956642671,0.5298365020722546,0.6095902462727341,0.2101009999896632,ok
WebKB,0,w/o interaction,CA,1051,2,20,0.780209324452902,0.0008822294415695,-0.001367446150206,0.4382683057188669,0.0412355000007664,ok
WebKB,1,w/o interaction,CA,1051,2,20,0.780209324452902,0.0008822294415695,-0.001367446150206,0.4382683057188669,0.0528419999900506,ok
WebKB,2,w/o interaction,CA,1051,2,20,0.780209324452902,0.0008822294415695,-0.001367446150206,0.4382683057188669,0.046077699997113,ok
WebKB-Cornell,0,w/o interaction,CA,195,5,20,0.3333333333333333,0.0870141248389535,0.0322586872244574,0.2863138910346196,0.058581299992511,ok
WebKB-Cornell,1,w/o interaction,CA,195,5,20,0.3230769230769231,0.0771088652926299,0.0211522706281575,0.2795075915127464,0.0703782999917166,ok
WebKB-Cornell,2,w/o interaction,CA,195,5,20,0.3487179487179487,0.0835919475574151,0.0154712337758782,0.2703519287221449,0.0729781999980332,ok
WebKB-Texas,0,w/o interaction,CA,187,5,20,0.4224598930481283,0.069384642276742,0.086509792992765,0.2579310344827586,0.0618697999889263,ok
WebKB-Texas,1,w/o interaction,CA,187,5,20,0.4224598930481283,0.0202293328851901,0.0035762861149029,0.1973695172077743,0.0580342000030214,ok
WebKB-Texas,2,w/o interaction,CA,187,5,20,0.4331550802139037,0.0299576514961733,0.0137963425858894,0.2018864468864468,0.0711393000092357,ok
Letter,2,w/o interaction,CA,20000,26,20,0.28185,0.3888647068121517,0.1352518236959964,0.294475262212078,7.589177899993956,ok
USPS3568,2,w/o interaction,CA,3082,4,20,0.6755353666450357,0.6302450545070586,0.5351422557110571,0.6087699802375581,0.2045679000002565,ok
WebKB-Washington,0,w/o interaction,CA,230,5,20,0.4434782608695652,0.0755627307399367,0.0474540009278283,0.2230364420272112,0.0707392000040272,ok
WebKB-Washington,1,w/o interaction,CA,230,5,20,0.4434782608695652,0.0727087939830329,0.0536300048057902,0.2293860771622039,0.049282599997241,ok
WebKB-Washington,2,w/o interaction,CA,230,5,20,0.4521739130434782,0.076073865621386,0.0633000152179763,0.2366458776021683,0.0623732000094605,ok
WebKB-Wisconsin,0,w/o interaction,CA,265,5,20,0.3094339622641509,0.0460061959217876,0.0171117292639163,0.2551664951230785,0.0799245000089285,ok
WebKB-Wisconsin,1,w/o interaction,CA,265,5,20,0.3245283018867924,0.038757879895775,0.0133881116302729,0.263502902030292,0.0807912000018404,ok
WebKB-Wisconsin,2,w/o interaction,CA,265,5,20,0.3056603773584905,0.0360361469720126,0.0150311384133069,0.2264197981354028,0.080408299996634,ok
Wiki,1,w/o interaction,CA,2866,10,20,0.5237264480111654,0.4341269840571107,0.3197451094241928,0.5091537073961115,0.5235214999993332,ok
Wiki,0,w/o interaction,CA,2866,10,20,0.5118632240055827,0.4391689152051974,0.3387025056712885,0.4760948303272048,0.506731999994372,ok
Wiki,2,w/o interaction,CA,2866,10,20,0.4822051639916259,0.4204837753927496,0.3113321232475354,0.4752663170049642,0.5314904999977443,ok
Worm Neuron,0,w/o interaction,CA,4186,10,20,0.3547539417104634,0.2623782797038145,0.0653897879069009,0.2882012580330901,0.3353703000029782,ok
Worm Neuron,1,w/o interaction,CA,4186,10,20,0.356426182513139,0.2560886647814282,0.0593553595583871,0.2865588895846476,0.3307416000025114,ok
WikiCS,1,w/o interaction,CA,11701,10,20,0.4272284420135031,0.3552948072270577,0.2538989954348974,0.2841948259567787,0.9480992000026164,ok
WikiCS,0,w/o interaction,CA,11701,10,20,0.4594479104350055,0.3714912457279331,0.2558496340803024,0.3045054340147227,1.106145400000969,ok
Worm Neuron,2,w/o interaction,CA,4186,10,20,0.3349259436215958,0.1941602132173497,0.0269173515997225,0.2564035384973267,0.4105377999949269,ok
WikiCS,2,w/o interaction,CA,11701,10,20,0.4020169216306298,0.3383327527594899,0.2338987584998771,0.2361561363873218,1.0032358000025852,ok
CoraFull,1,w/o interaction,CA,19793,70,20,0.3270853331986055,0.4830902500421097,0.2196611409764715,0.2383942362367912,38.95233849999204,ok
CoraFull,0,w/o interaction,CA,19793,70,20,0.3317334411155459,0.4888508393331522,0.2287773425019237,0.2377441283572109,39.97073499999533,ok
CoraFull,2,w/o interaction,CA,19793,70,20,0.3366846865053302,0.4886070539678767,0.2339764478723292,0.245868622183059,31.729828700001235,ok
100Leaves,0,PSF-CE w/o nonlinear filtering,PSF-CE q=1 fixed lambda,1600,100,20,0.8325,0.9213136833960913,0.63872325344547,0.830025123046459,3.5158876000059536,ok
100Leaves,1,PSF-CE w/o nonlinear filtering,PSF-CE q=1 fixed lambda,1600,100,20,0.8,0.9206201856854541,0.6356637735607239,0.784038821135885,4.380081199997221,ok
100Leaves,2,PSF-CE w/o nonlinear filtering,PSF-CE q=1 fixed lambda,1600,100,20,0.8225,0.9298380804230945,0.7133734964920379,0.814855118149775,3.5365225999994436,ok
10X PBMC,0,PSF-CE w/o nonlinear filtering,PSF-CE q=1 fixed lambda,4271,8,20,0.7424490751580426,0.7569520411157957,0.6395566544365153,0.5619761647658187,0.2750956999952905,ok
10X PBMC,1,PSF-CE w/o nonlinear filtering,PSF-CE q=1 fixed lambda,4271,8,20,0.7173963942870523,0.740645052997671,0.629163857434528,0.4452508563399037,0.24233799999637995,ok
10X PBMC,2,PSF-CE w/o nonlinear filtering,PSF-CE q=1 fixed lambda,4271,8,20,0.7120112385858113,0.7480145663599032,0.6451280121148394,0.4878584074130178,0.19953299999178853,ok
11_Tumors,0,PSF-CE w/o nonlinear filtering,PSF-CE q=1 fixed lambda,174,11,20,0.5402298850574713,0.594343388947255,0.37625200403436543,0.4321958848422362,0.10896230000071228,ok
11_Tumors,1,PSF-CE w/o nonlinear filtering,PSF-CE q=1 fixed lambda,174,11,20,0.5632183908045977,0.595249034315122,0.37769173862950717,0.44984127199769885,0.10659870000381488,ok
11_Tumors,2,PSF-CE w/o nonlinear filtering,PSF-CE q=1 fixed lambda,174,11,20,0.5862068965517241,0.6152280179026425,0.41597139646129755,0.46412777493442525,0.08353490001172759,ok
3Sources,0,PSF-CE w/o nonlinear filtering,PSF-CE q=1 fixed lambda,169,6,20,0.40828402366863903,0.17726457577349483,0.0028995941058213154,0.20142309797482208,0.06870459999481682,ok
3Sources,1,PSF-CE w/o nonlinear filtering,PSF-CE q=1 fixed lambda,169,6,20,0.4319526627218935,0.17378939266358248,0.013331221233781713,0.23907966632212463,0.0679865999991307,ok
3Sources,2,PSF-CE w/o nonlinear filtering,PSF-CE q=1 fixed lambda,169,6,20,0.41420118343195267,0.15538158673664232,-0.0028474053360781717,0.17637728125533006,0.06055429999832995,ok
ACM,0,PSF-CE w/o nonlinear filtering,PSF-CE q=1 fixed lambda,3025,3,20,0.6829752066115703,0.45318377445094077,0.4121622719497231,0.6897876511544193,0.08084159999270923,ok
ACM,1,PSF-CE w/o nonlinear filtering,PSF-CE q=1 fixed lambda,3025,3,20,0.6813223140495868,0.4566254992741328,0.4116695499606394,0.6883559978928658,0.07034069999644998,ok
ACM,2,PSF-CE w/o nonlinear filtering,PSF-CE q=1 fixed lambda,3025,3,20,0.6866115702479338,0.46163392226787797,0.42019531941369703,0.692706299791889,0.07701690000249073,ok
ALOI,0,PSF-CE w/o nonlinear filtering,PSF-CE q=1 fixed lambda,10800,100,20,0.6946296296296296,0.8094160687542088,0.3099550594520877,0.7132327552264465,27.922678900009487,ok
ALOI,1,PSF-CE w/o nonlinear filtering,PSF-CE q=1 fixed lambda,10800,100,20,0.6951851851851852,0.8028280374871037,0.2731442802313872,0.7238061464599507,30.104066999992938,ok
ALOI,2,PSF-CE w/o nonlinear filtering,PSF-CE q=1 fixed lambda,10800,100,20,0.6888888888888889,0.8071209249193406,0.25550379141993207,0.7150941622710283,30.89027979999082,ok
Actor,0,PSF-CE w/o nonlinear filtering,PSF-CE q=1 fixed lambda,7600,5,20,0.26092105263157894,0.0008765542957394089,0.0010622767247840008,0.11651627159088192,0.188107999987551,ok
Actor,1,PSF-CE w/o nonlinear filtering,PSF-CE q=1 fixed lambda,7600,5,20,0.26092105263157894,0.0008788946638479961,0.0010406981569974054,0.11662321873004969,0.22927270000218414,ok
Actor,2,PSF-CE w/o nonlinear filtering,PSF-CE q=1 fixed lambda,7600,5,20,0.26092105263157894,0.0008772606957643117,0.0010861730826213297,0.1165129360360753,0.22698200000741053,ok
Amazon Computers,0,PSF-CE w/o nonlinear filtering,PSF-CE q=1 fixed lambda,13752,10,20,0.5363583478766725,0.4608807666253677,0.3132151587452422,0.5331743973205031,1.1909892999974545,ok
Amazon Computers,1,PSF-CE w/o nonlinear filtering,PSF-CE q=1 fixed lambda,13752,10,20,0.5170157068062827,0.45001893181700287,0.29533288171193023,0.5245782521087636,1.319719700011774,ok
Amazon Computers,2,PSF-CE w/o nonlinear filtering,PSF-CE q=1 fixed lambda,13752,10,20,0.5205788248981966,0.4457249839541755,0.29163788727295975,0.5252665769742129,1.7186824999953387,ok
Amazon Photo,0,PSF-CE w/o nonlinear filtering,PSF-CE q=1 fixed lambda,7650,8,20,0.5922875816993464,0.5398441715495762,0.36949060229286484,0.5216020248703815,0.5208582000050228,ok
Amazon Photo,1,PSF-CE w/o nonlinear filtering,PSF-CE q=1 fixed lambda,7650,8,20,0.5916339869281045,0.5408217254596505,0.37047518330162915,0.5217184284529022,0.37369729999045376,ok
Amazon Photo,2,PSF-CE w/o nonlinear filtering,PSF-CE q=1 fixed lambda,7650,8,20,0.5901960784313726,0.5394254804350345,0.36911742352698146,0.5198924034172916,0.39022849999309983,ok
BBC News Sport,0,PSF-CE w/o nonlinear filtering,PSF-CE q=1 fixed lambda,737,5,20,0.37449118046132973,0.18967445429725954,0.05094200232211933,0.31916291414646086,0.07897529999900144,ok
BBC News Sport,1,PSF-CE w/o nonlinear filtering,PSF-CE q=1 fixed lambda,737,5,20,0.4355495251017639,0.2667994590857898,0.083255310414426,0.4064837862727174,0.07703020000190008,ok
BBC News Sport,2,PSF-CE w/o nonlinear filtering,PSF-CE q=1 fixed lambda,737,5,20,0.5332428765264586,0.32723512445812825,0.18441578703673228,0.4966709616530672,0.08787310001207516,ok
BBC-MV,0,PSF-CE w/o nonlinear filtering,PSF-CE q=1 fixed lambda,685,5,20,0.32992700729927005,0.010685400113313715,-0.0006932623473820635,0.10590533826749035,0.08488210001087282,ok
BBC-MV,1,PSF-CE w/o nonlinear filtering,PSF-CE q=1 fixed lambda,685,5,20,0.32992700729927005,0.015401769711937381,0.0027410570017182877,0.11887055915971581,0.07017869999981485,ok
BBC-MV,2,PSF-CE w/o nonlinear filtering,PSF-CE q=1 fixed lambda,685,5,20,0.33138686131386863,0.01640568162771344,0.003470203934912134,0.11940480257076276,0.08899299999757204,ok
BBCSport-MV,0,PSF-CE w/o nonlinear filtering,PSF-CE q=1 fixed lambda,544,5,20,0.4944852941176471,0.2607852314802768,0.09038206443561804,0.3526399328434481,0.0698605000070529,ok
BBCSport-MV,1,PSF-CE w/o nonlinear filtering,PSF-CE q=1 fixed lambda,544,5,20,0.48713235294117646,0.24876985318100764,0.08267901869072485,0.3465725185789578,0.05880359999719076,ok
BBCSport-MV,2,PSF-CE w/o nonlinear filtering,PSF-CE q=1 fixed lambda,544,5,20,0.4852941176470588,0.25480334154568857,0.09013156952812464,0.3377445193276009,0.09907299999031238,ok
COIL100,0,PSF-CE w/o nonlinear filtering,PSF-CE q=1 fixed lambda,7200,100,20,0.5166666666666667,0.787651989442337,0.43517194933302655,0.49591406261703486,15.582682399995974,ok
COIL100,1,PSF-CE w/o nonlinear filtering,PSF-CE q=1 fixed lambda,7200,100,20,0.5269444444444444,0.7810616153910576,0.4057125325778142,0.5036591193070207,17.656365700007882,ok
COIL100,2,PSF-CE w/o nonlinear filtering,PSF-CE q=1 fixed lambda,7200,100,20,0.52625,0.7870923052846232,0.43350726388995164,0.5007305235767112,18.445571000003838,ok
COIL20,0,PSF-CE w/o nonlinear filtering,PSF-CE q=1 fixed lambda,1440,20,20,0.6798611111111111,0.8122435416874325,0.6456838827346848,0.6625780051413829,0.256854299994302,ok
COIL20,1,PSF-CE w/o nonlinear filtering,PSF-CE q=1 fixed lambda,1440,20,20,0.7236111111111111,0.8223975978323744,0.6754377997643961,0.7114904698464013,0.30235340000945143,ok
COIL20,2,PSF-CE w/o nonlinear filtering,PSF-CE q=1 fixed lambda,1440,20,20,0.6972222222222222,0.8072484721103235,0.6314226460833477,0.6821626470874873,0.3176464999996824,ok
Caltech101-20,0,PSF-CE w/o nonlinear filtering,PSF-CE q=1 fixed lambda,2386,20,20,0.26110645431684826,0.4080888236169159,0.16741744699669334,0.2015102633041904,0.357839199990849,ok
Caltech101-20,1,PSF-CE w/o nonlinear filtering,PSF-CE q=1 fixed lambda,2386,20,20,0.250628667225482,0.38776464265403776,0.12883631662042289,0.19649533377421166,0.40410400000109803,ok
Caltech101-20,2,PSF-CE w/o nonlinear filtering,PSF-CE q=1 fixed lambda,2386,20,20,0.2707460184409053,0.40314554840979816,0.1557618693499553,0.2109841973653214,0.43106399998941924,ok
Caltech101-20-MV,0,PSF-CE w/o nonlinear filtering,PSF-CE q=1 fixed lambda,2386,20,20,0.45683151718357085,0.610035432886692,0.36217869538073616,0.4300920450400535,0.5449435999908019,ok
Caltech101-20-MV,1,PSF-CE w/o nonlinear filtering,PSF-CE q=1 fixed lambda,2386,20,20,0.5041911148365466,0.6408844531225647,0.38293722734600183,0.47952839866835567,0.5294039000000339,ok
Caltech101-20-MV,2,PSF-CE w/o nonlinear filtering,PSF-CE q=1 fixed lambda,2386,20,20,0.47946353730092206,0.6221931126857088,0.34437438604319764,0.43567009374584814,0.7948329000064405,ok
Cardiotocography,0,PSF-CE w/o nonlinear filtering,PSF-CE q=1 fixed lambda,2126,10,20,0.40545625587958606,0.36227733174399224,0.18205436221253596,0.3539486698773683,0.323677399996086,ok
Cardiotocography,1,PSF-CE w/o nonlinear filtering,PSF-CE q=1 fixed lambda,2126,10,20,0.4063969896519285,0.356552362539216,0.17688687862231012,0.35913328315894233,0.3050383999943733,ok
Cardiotocography,2,PSF-CE w/o nonlinear filtering,PSF-CE q=1 fixed lambda,2126,10,20,0.4134524929444967,0.35571012846943595,0.18114948630990255,0.36395846982906555,0.20851430000038818,ok
Chameleon,0,PSF-CE w/o nonlinear filtering,PSF-CE q=1 fixed lambda,2277,5,20,0.3227931488801054,0.0645215350884266,0.04731928782586333,0.2713430424915679,0.07916560000739992,ok
Chameleon,1,PSF-CE w/o nonlinear filtering,PSF-CE q=1 fixed lambda,2277,5,20,0.3227931488801054,0.0645215350884266,0.04731928782586333,0.2713430424915679,0.11658679999527521,ok
Chameleon,2,PSF-CE w/o nonlinear filtering,PSF-CE q=1 fixed lambda,2277,5,20,0.3227931488801054,0.0645215350884266,0.04731928782586333,0.2713430424915679,0.07764299999689683,ok
CiteSeer,0,PSF-CE w/o nonlinear filtering,PSF-CE q=1 fixed lambda,3312,6,20,0.38768115942028986,0.15075106441415834,0.1621997844455341,0.3212054279307047,0.17633309999655467,ok
CiteSeer,1,PSF-CE w/o nonlinear filtering,PSF-CE q=1 fixed lambda,3312,6,20,0.3774154589371981,0.14828276188202513,0.15837249121297844,0.30419888056202216,0.12744729999394622,ok
CiteSeer,2,PSF-CE w/o nonlinear filtering,PSF-CE q=1 fixed lambda,3312,6,20,0.3713768115942029,0.13972711426790835,0.1490828086566087,0.3024993790670865,0.18043320000288077,ok
Coauthor CS,0,PSF-CE w/o nonlinear filtering,PSF-CE q=1 fixed lambda,18333,15,20,0.6070474008618338,0.6097483379516607,0.493431505310873,0.5625805369648886,2.4610395999916364,ok
Coauthor CS,1,PSF-CE w/o nonlinear filtering,PSF-CE q=1 fixed lambda,18333,15,20,0.6137020673103147,0.6176016562133255,0.4982354650004488,0.5700550374962351,2.2576540000009118,ok
Coauthor CS,2,PSF-CE w/o nonlinear filtering,PSF-CE q=1 fixed lambda,18333,15,20,0.6171384934271532,0.614609404544796,0.4979388365871828,0.5709141403597893,1.953991100002895,ok
Coauthor Physics,0,PSF-CE w/o nonlinear filtering,PSF-CE q=1 fixed lambda,34493,5,20,0.7787087235091178,0.5992865600614794,0.6950582917925983,0.6912614999124568,0.10040730000764597,ok
Coauthor Physics,1,PSF-CE w/o nonlinear filtering,PSF-CE q=1 fixed lambda,34493,5,20,0.7783028440553156,0.5902567855259186,0.6860874935939275,0.6927294721620941,0.10199420001299586,ok
Coauthor Physics,2,PSF-CE w/o nonlinear filtering,PSF-CE q=1 fixed lambda,34493,5,20,0.7735192647783609,0.5953274862609793,0.6888107297455738,0.654521075693211,0.10194829999818467,ok
Cora,0,PSF-CE w/o nonlinear filtering,PSF-CE q=1 fixed lambda,2708,7,20,0.48559822747415066,0.3628934280935303,0.26063119792092176,0.35515709644242544,0.1329020999983186,ok
Cora,1,PSF-CE w/o nonlinear filtering,PSF-CE q=1 fixed lambda,2708,7,20,0.48005908419497784,0.3586841893828535,0.25043811133350313,0.3577692960237785,0.15684820000024047,ok
Cora,2,PSF-CE w/o nonlinear filtering,PSF-CE q=1 fixed lambda,2708,7,20,0.48559822747415066,0.36189259266282503,0.2629263842027741,0.35530726774518717,0.1726078000065172,ok
CoraFull,0,PSF-CE w/o nonlinear filtering,PSF-CE q=1 fixed lambda,19793,70,20,0.3317334411155459,0.4888508393331522,0.22877734250192377,0.23774412835721093,30.29435260000173,ok
CoraFull,1,PSF-CE w/o nonlinear filtering,PSF-CE q=1 fixed lambda,19793,70,20,0.32708533319860555,0.4830902500421097,0.21966114097647157,0.2383942362367912,27.992563599997084,ok
CoraFull,2,PSF-CE w/o nonlinear filtering,PSF-CE q=1 fixed lambda,19793,70,20,0.3366846865053302,0.4886070539678767,0.2339764478723292,0.24586862218305902,25.766787500004284,ok
DBLP,0,PSF-CE w/o nonlinear filtering,PSF-CE q=1 fixed lambda,4057,4,20,0.8843973379344343,0.6677629377194271,0.729246492422971,0.878154326653255,0.1620579999871552,ok
DBLP,1,PSF-CE w/o nonlinear filtering,PSF-CE q=1 fixed lambda,4057,4,20,0.8831649001725412,0.6668507705910195,0.727039508408898,0.8769603458054575,0.16050949999771547,ok
DBLP,2,PSF-CE w/o nonlinear filtering,PSF-CE q=1 fixed lambda,4057,4,20,0.888341138772492,0.6769404530640456,0.7359349722295963,0.8831924049341422,0.16453390000970103,ok
Extended Yale-B,0,PSF-CE w/o nonlinear filtering,PSF-CE q=1 fixed lambda,2414,38,20,0.0932062966031483,0.12751502476922685,0.013258493626473373,0.09882378748237955,1.1146651999879396,ok
Extended Yale-B,1,PSF-CE w/o nonlinear filtering,PSF-CE q=1 fixed lambda,2414,38,20,0.09817729908864954,0.12373655058629178,0.013866856915234331,0.103968291786234,1.4361411999998381,ok
Extended Yale-B,2,PSF-CE w/o nonlinear filtering,PSF-CE q=1 fixed lambda,2414,38,20,0.09734879867439934,0.12381649832606378,0.016147901178232758,0.10288962106971251,1.4214039999933448,ok
Handwritten,0,PSF-CE w/o nonlinear filtering,PSF-CE q=1 fixed lambda,2000,10,20,0.952,0.9088620021674926,0.8976065962684697,0.9523200293098755,0.17286229999444913,ok
Handwritten,1,PSF-CE w/o nonlinear filtering,PSF-CE q=1 fixed lambda,2000,10,20,0.9515,0.9080928402948534,0.8969219691343323,0.9518591188723804,0.2026114000036614,ok
Handwritten,2,PSF-CE w/o nonlinear filtering,PSF-CE q=1 fixed lambda,2000,10,20,0.942,0.8966843568583854,0.8758787255329347,0.9427729973532724,0.19266139999672305,ok
Human Kidney,0,PSF-CE w/o nonlinear filtering,PSF-CE q=1 fixed lambda,2100,11,20,0.3557142857142857,0.2721677764796576,0.11500265721586178,0.24645795748511398,0.2391485999978613,ok
Human Kidney,1,PSF-CE w/o nonlinear filtering,PSF-CE q=1 fixed lambda,2100,11,20,0.36142857142857143,0.2724141399753332,0.09812308993002804,0.2515977613659153,0.1989709000044968,ok
Human Kidney,2,PSF-CE w/o nonlinear filtering,PSF-CE q=1 fixed lambda,2100,11,20,0.3314285714285714,0.2586325073388826,0.10582015281223754,0.21666600033273176,0.20065810000232887,ok
IMDB,0,PSF-CE w/o nonlinear filtering,PSF-CE q=1 fixed lambda,4278,3,20,0.35647498831229546,0.003991549782330513,3.915249018072575e-05,0.32737862285637254,0.0828272999933688,ok
IMDB,1,PSF-CE w/o nonlinear filtering,PSF-CE q=1 fixed lambda,4278,3,20,0.35834502103786814,0.0033287185948011142,-0.002120520203011994,0.29477847441165944,0.08571820000361186,ok
IMDB,2,PSF-CE w/o nonlinear filtering,PSF-CE q=1 fixed lambda,4278,3,20,0.34969611968209446,0.002784422904283213,-0.001016569412832644,0.3008275728469225,0.11098639998817816,ok
Isolet,0,PSF-CE w/o nonlinear filtering,PSF-CE q=1 fixed lambda,1560,2,20,0.541025641025641,0.016206433616772483,0.006474738269439868,0.4607173826137169,0.0495463999977801,ok
Isolet,1,PSF-CE w/o nonlinear filtering,PSF-CE q=1 fixed lambda,1560,2,20,0.6929487179487179,0.11026215916998752,0.1483705726426782,0.6929475823998363,0.05426989999250509,ok
Isolet,2,PSF-CE w/o nonlinear filtering,PSF-CE q=1 fixed lambda,1560,2,20,0.592948717948718,0.02651801022339869,0.033962674089021365,0.5888901569778904,0.05715090000012424,ok
LandUse-21,0,PSF-CE w/o nonlinear filtering,PSF-CE q=1 fixed lambda,2100,21,20,0.22523809523809524,0.3201503354463587,0.10162662113412141,0.18808262539705362,0.5841645000036806,ok
LandUse-21,1,PSF-CE w/o nonlinear filtering,PSF-CE q=1 fixed lambda,2100,21,20,0.21714285714285714,0.3098591555229085,0.09919110417691746,0.1636087545336944,0.6541978000022937,ok
LandUse-21,2,PSF-CE w/o nonlinear filtering,PSF-CE q=1 fixed lambda,2100,21,20,0.20476190476190476,0.30798990592597025,0.09422733576733174,0.16353295229204431,0.6448539999983041,ok
Letter,0,PSF-CE w/o nonlinear filtering,PSF-CE q=1 fixed lambda,20000,26,20,0.26935,0.38289144972546996,0.12207522161078815,0.27825447808678583,6.149916400012444,ok
Letter,1,PSF-CE w/o nonlinear filtering,PSF-CE q=1 fixed lambda,20000,26,20,0.27255,0.39345758738636155,0.1322219421829075,0.2829045910817899,5.2648344000044744,ok
Letter,2,PSF-CE w/o nonlinear filtering,PSF-CE q=1 fixed lambda,20000,26,20,0.2811,0.38942381631147044,0.13498817482781708,0.2942380697805373,5.772393600011128,ok
Leukemia,0,PSF-CE w/o nonlinear filtering,PSF-CE q=1 fixed lambda,72,2,20,0.7083333333333334,0.12531250648530332,0.16207751501386602,0.6950998185117967,0.02659049999783747,ok
Leukemia,1,PSF-CE w/o nonlinear filtering,PSF-CE q=1 fixed lambda,72,2,20,0.7083333333333334,0.12531250648530332,0.16207751501386602,0.6950998185117967,0.024814900010824203,ok
Leukemia,2,PSF-CE w/o nonlinear filtering,PSF-CE q=1 fixed lambda,72,2,20,0.7083333333333334,0.12531250648530332,0.16207751501386602,0.6950998185117967,0.026726600000984035,ok
Leukemia2,0,PSF-CE w/o nonlinear filtering,PSF-CE q=1 fixed lambda,72,3,20,0.6111111111111112,0.489053040886391,0.3709599322861673,0.5006802721088436,0.031240099997376092,ok
Leukemia2,1,PSF-CE w/o nonlinear filtering,PSF-CE q=1 fixed lambda,72,3,20,0.5833333333333334,0.42419207107531653,0.291439196763541,0.47754137115839246,0.030641499994089827,ok
Leukemia2,2,PSF-CE w/o nonlinear filtering,PSF-CE q=1 fixed lambda,72,3,20,0.6111111111111112,0.489053040886391,0.3709599322861673,0.5006802721088436,0.031215299997711554,ok
MFeat-pix,0,PSF-CE w/o nonlinear filtering,PSF-CE q=1 fixed lambda,2000,10,20,0.8955,0.8168901194550022,0.7808190072119567,0.8973062125619083,0.17130069999257103,ok
MFeat-pix,1,PSF-CE w/o nonlinear filtering,PSF-CE q=1 fixed lambda,2000,10,20,0.875,0.8185630510576054,0.7684440824051157,0.8739207659091948,0.16861219999555033,ok
MFeat-pix,2,PSF-CE w/o nonlinear filtering,PSF-CE q=1 fixed lambda,2000,10,20,0.7515,0.800494570888913,0.7023605657190882,0.7428866609627318,0.19353420000697952,ok
MSRC-v1,0,PSF-CE w/o nonlinear filtering,PSF-CE q=1 fixed lambda,210,7,20,0.7285714285714285,0.6773588555847249,0.590524694484844,0.6849441817591464,0.06666550000954885,ok
MSRC-v1,1,PSF-CE w/o nonlinear filtering,PSF-CE q=1 fixed lambda,210,7,20,0.7380952380952381,0.6780094757389566,0.6027601324225382,0.6940381919679102,0.06462119999923743,ok
MSRC-v1,2,PSF-CE w/o nonlinear filtering,PSF-CE q=1 fixed lambda,210,7,20,0.7428571428571429,0.6744866496152505,0.5828475770396693,0.7316711807584115,0.0885911999939708,ok
Movies617,0,PSF-CE w/o nonlinear filtering,PSF-CE q=1 fixed lambda,617,17,20,0.12317666126418152,0.1037377369189307,0.006621988651551587,0.0664493288668817,0.19710800000757445,ok
Movies617,1,PSF-CE w/o nonlinear filtering,PSF-CE q=1 fixed lambda,617,17,20,0.12641815235008103,0.10794660870299566,0.00729707810963346,0.06488781640571525,0.2416804999957094,ok
Movies617,2,PSF-CE w/o nonlinear filtering,PSF-CE q=1 fixed lambda,617,17,20,0.11507293354943274,0.08688249131305115,0.0065506887106408585,0.048724933068664336,0.20011279999744147,ok
NGs,0,PSF-CE w/o nonlinear filtering,PSF-CE q=1 fixed lambda,500,5,20,0.21,0.02299490091482457,0.00011056189768457511,0.08691134485616847,0.05005479999817908,ok
NGs,1,PSF-CE w/o nonlinear filtering,PSF-CE q=1 fixed lambda,500,5,20,0.206,0.015480269156409545,-3.853876421598665e-06,0.07899528207854344,0.057935000004363246,ok
NGs,2,PSF-CE w/o nonlinear filtering,PSF-CE q=1 fixed lambda,500,5,20,0.208,0.019246563491445046,3.690568721115807e-05,0.0829908200904124,0.08048290001170244,ok
NUSWIDE-Object-2000,0,PSF-CE w/o nonlinear filtering,PSF-CE q=1 fixed lambda,2000,31,20,0.177,0.17309031361798075,0.053594778850025365,0.10792062586884343,1.4883028999902308,ok
NUSWIDE-Object-2000,1,PSF-CE w/o nonlinear filtering,PSF-CE q=1 fixed lambda,2000,31,20,0.17,0.1741801566023067,0.04273500242267408,0.10989041621796296,1.1485350000002654,ok
NUSWIDE-Object-2000,2,PSF-CE w/o nonlinear filtering,PSF-CE q=1 fixed lambda,2000,31,20,0.159,0.1640739642884618,0.038179646913554056,0.11561303786659903,1.4215285999962362,ok
ORL,0,PSF-CE w/o nonlinear filtering,PSF-CE q=1 fixed lambda,400,40,20,0.665,0.8329115955945778,0.46629659491690406,0.6648769125653139,0.41733759999624453,ok
ORL,1,PSF-CE w/o nonlinear filtering,PSF-CE q=1 fixed lambda,400,40,20,0.6375,0.8403656060232769,0.45982810926008955,0.6308756795996603,0.3514920000015991,ok
ORL,2,PSF-CE w/o nonlinear filtering,PSF-CE q=1 fixed lambda,400,40,20,0.665,0.8394223089183186,0.4767931641582025,0.6566011980734027,0.3512948999996297,ok
PubMed,0,PSF-CE w/o nonlinear filtering,PSF-CE q=1 fixed lambda,19717,3,20,0.5157985494750723,0.1589690154431408,0.11190279706310928,0.43637971612569637,0.3633319999935338,ok
PubMed,1,PSF-CE w/o nonlinear filtering,PSF-CE q=1 fixed lambda,19717,3,20,0.5161535730587817,0.1587019665842166,0.11198318626725552,0.4365827775424343,0.3678373000002466,ok
PubMed,2,PSF-CE w/o nonlinear filtering,PSF-CE q=1 fixed lambda,19717,3,20,0.5159507024395192,0.1588981128270284,0.1119178414132861,0.43645036427104705,0.2844887999963248,ok
Reuters,0,PSF-CE w/o nonlinear filtering,PSF-CE q=1 fixed lambda,1500,6,20,0.47333333333333333,0.17994259337418683,0.17970747888507604,0.20696567174495525,0.1317637000029208,ok
Reuters,1,PSF-CE w/o nonlinear filtering,PSF-CE q=1 fixed lambda,1500,6,20,0.4806666666666667,0.219467866316778,0.18007223975777437,0.21467569012136076,0.1758685999957379,ok
Reuters,2,PSF-CE w/o nonlinear filtering,PSF-CE q=1 fixed lambda,1500,6,20,0.464,0.22217729573888853,0.14607091389300444,0.21114466730131634,0.1465604999975767,ok
Scene15,0,PSF-CE w/o nonlinear filtering,PSF-CE q=1 fixed lambda,4485,15,20,0.40490523968784836,0.41783120015580055,0.2266887951256313,0.40290771007857795,0.9049227999930736,ok
Scene15,1,PSF-CE w/o nonlinear filtering,PSF-CE q=1 fixed lambda,4485,15,20,0.4,0.42191489026401513,0.23245183719121576,0.3806513658503023,1.0481417999981204,ok
Scene15,2,PSF-CE w/o nonlinear filtering,PSF-CE q=1 fixed lambda,4485,15,20,0.41226309921962095,0.4223996129155638,0.22694862802756371,0.40159325917871924,1.211708599992562,ok
Squirrel,0,PSF-CE w/o nonlinear filtering,PSF-CE q=1 fixed lambda,5201,5,20,0.23380119207844646,0.01038142952876126,0.004176431773128755,0.19045570163455056,0.17555329999595415,ok
Squirrel,1,PSF-CE w/o nonlinear filtering,PSF-CE q=1 fixed lambda,5201,5,20,0.23399346279561622,0.010641256519998336,0.004274441126862363,0.190614139962541,0.15088549999927636,ok
Squirrel,2,PSF-CE w/o nonlinear filtering,PSF-CE q=1 fixed lambda,5201,5,20,0.23514708709863488,0.010808323493831672,0.004462248130590495,0.1911833873669179,0.15036369999870658,ok
UMIST,0,PSF-CE w/o nonlinear filtering,PSF-CE q=1 fixed lambda,575,20,20,0.42086956521739133,0.6130150374409099,0.3106924055036838,0.40381213369305646,0.18843609999748878,ok
UMIST,1,PSF-CE w/o nonlinear filtering,PSF-CE q=1 fixed lambda,575,20,20,0.40869565217391307,0.5925573556405034,0.277258650330543,0.41407230187442934,0.1896238000044832,ok
UMIST,2,PSF-CE w/o nonlinear filtering,PSF-CE q=1 fixed lambda,575,20,20,0.43478260869565216,0.6232042827191833,0.31438329972577855,0.4365124439674262,0.2342248000059044,ok
USPS3568,0,PSF-CE w/o nonlinear filtering,PSF-CE q=1 fixed lambda,3082,4,20,0.6735885788449059,0.652908970284973,0.5345693942291219,0.6110411710857689,0.14339540000946727,ok
USPS3568,1,PSF-CE w/o nonlinear filtering,PSF-CE q=1 fixed lambda,3082,4,20,0.6742375081116159,0.6458793302099508,0.5362000250967713,0.61161811000441,0.1941722000046866,ok
USPS3568,2,PSF-CE w/o nonlinear filtering,PSF-CE q=1 fixed lambda,3082,4,20,0.6742375081116159,0.6401280420594955,0.5377606024010896,0.6092481530392638,0.17003150000527967,ok
WebKB,0,PSF-CE w/o nonlinear filtering,PSF-CE q=1 fixed lambda,1051,2,20,0.780209324452902,0.0008822294415695806,-0.0013674461502060072,0.43826830571886694,0.03190030000405386,ok
WebKB,1,PSF-CE w/o nonlinear filtering,PSF-CE q=1 fixed lambda,1051,2,20,0.780209324452902,0.0008822294415695806,-0.0013674461502060072,0.43826830571886694,0.03199200000381097,ok
WebKB,2,PSF-CE w/o nonlinear filtering,PSF-CE q=1 fixed lambda,1051,2,20,0.780209324452902,0.0008822294415695806,-0.0013674461502060072,0.43826830571886694,0.03255920000083279,ok
WebKB-Cornell,0,PSF-CE w/o nonlinear filtering,PSF-CE q=1 fixed lambda,195,5,20,0.3333333333333333,0.08701412483895352,0.03225868722445745,0.2863138910346196,0.04797699999471661,ok
WebKB-Cornell,1,PSF-CE w/o nonlinear filtering,PSF-CE q=1 fixed lambda,195,5,20,0.3384615384615385,0.08405269758927573,0.023194914814477947,0.2859550291299533,0.05529019999084994,ok
WebKB-Cornell,2,PSF-CE w/o nonlinear filtering,PSF-CE q=1 fixed lambda,195,5,20,0.3487179487179487,0.08359194755741518,0.015471233775878295,0.2703519287221449,0.046897899999748915,ok
WebKB-Texas,0,PSF-CE w/o nonlinear filtering,PSF-CE q=1 fixed lambda,187,5,20,0.42245989304812837,0.06938464227674201,0.08650979299276508,0.25793103448275867,0.04541459999745712,ok
WebKB-Texas,1,PSF-CE w/o nonlinear filtering,PSF-CE q=1 fixed lambda,187,5,20,0.42245989304812837,0.020229332885190188,0.003576286114902955,0.19736951720777435,0.05204310000408441,ok
WebKB-Texas,2,PSF-CE w/o nonlinear filtering,PSF-CE q=1 fixed lambda,187,5,20,0.43315508021390375,0.029957651496173385,0.013796342585889455,0.20188644688644689,0.0502180000039516,ok
WebKB-Washington,0,PSF-CE w/o nonlinear filtering,PSF-CE q=1 fixed lambda,230,5,20,0.4434782608695652,0.07556273073993679,0.04745400092782836,0.22303644202721123,0.046411400006036274,ok
WebKB-Washington,1,PSF-CE w/o nonlinear filtering,PSF-CE q=1 fixed lambda,230,5,20,0.4434782608695652,0.07270879398303291,0.0536300048057902,0.22938607716220397,0.06054500000027474,ok
WebKB-Washington,2,PSF-CE w/o nonlinear filtering,PSF-CE q=1 fixed lambda,230,5,20,0.45217391304347826,0.07607386562138606,0.06330001521797639,0.23664587760216835,0.04896960000041872,ok
WebKB-Wisconsin,0,PSF-CE w/o nonlinear filtering,PSF-CE q=1 fixed lambda,265,5,20,0.30943396226415093,0.04600619592178763,0.017111729263916388,0.25516649512307854,0.04726439999649301,ok
WebKB-Wisconsin,1,PSF-CE w/o nonlinear filtering,PSF-CE q=1 fixed lambda,265,5,20,0.32452830188679244,0.03875787989577503,0.01338811163027295,0.26350290203029203,0.06261439999798313,ok
WebKB-Wisconsin,2,PSF-CE w/o nonlinear filtering,PSF-CE q=1 fixed lambda,265,5,20,0.30566037735849055,0.0360361469720126,0.015031138413306982,0.2264197981354028,0.05232160000014119,ok
Wiki,0,PSF-CE w/o nonlinear filtering,PSF-CE q=1 fixed lambda,2866,10,20,0.5118632240055827,0.43916891520519746,0.3387025056712885,0.47609483032720484,0.39002540000365116,ok
Wiki,1,PSF-CE w/o nonlinear filtering,PSF-CE q=1 fixed lambda,2866,10,20,0.5237264480111654,0.43412698405711075,0.3197451094241928,0.5091537073961115,0.3901005000079749,ok
Wiki,2,PSF-CE w/o nonlinear filtering,PSF-CE q=1 fixed lambda,2866,10,20,0.48220516399162594,0.4204837753927496,0.31133212324753545,0.4752663170049642,0.3833084000070812,ok
WikiCS,0,PSF-CE w/o nonlinear filtering,PSF-CE q=1 fixed lambda,11701,10,20,0.45944791043500555,0.37149124572793313,0.2558496340803024,0.30450543401472274,0.8437905999890063,ok
WikiCS,1,PSF-CE w/o nonlinear filtering,PSF-CE q=1 fixed lambda,11701,10,20,0.42722844201350313,0.3552948072270577,0.25389899543489747,0.2841948259567787,0.6801068999920972,ok
WikiCS,2,PSF-CE w/o nonlinear filtering,PSF-CE q=1 fixed lambda,11701,10,20,0.40201692163062985,0.3383327527594899,0.23389875849987715,0.23615613638732186,0.7806953999970574,ok
Worm Neuron,0,PSF-CE w/o nonlinear filtering,PSF-CE q=1 fixed lambda,4186,10,20,0.3547539417104634,0.26237827970381455,0.0653897879069009,0.2882012580330901,0.22918019999633543,ok
Worm Neuron,1,PSF-CE w/o nonlinear filtering,PSF-CE q=1 fixed lambda,4186,10,20,0.356426182513139,0.2560886647814282,0.05935535955838714,0.28655888958464765,0.2526187000039499,ok
Worm Neuron,2,PSF-CE w/o nonlinear filtering,PSF-CE q=1 fixed lambda,4186,10,20,0.3193979933110368,0.17182244511961847,0.021532396880905934,0.2342693124913014,0.37838449999981094,ok
11_Tumors,0,PSF-CE,PSF-CE,174,11,20,0.5402298850574713,0.594343388947255,0.3762520040343654,0.4321958848422362,0.1166785999957937,ok
11_Tumors,1,PSF-CE,PSF-CE,174,11,20,0.6149425287356322,0.6087792320568344,0.4456617555000983,0.5221591439829891,0.1494047000014688,ok
3Sources,0,PSF-CE,PSF-CE,169,6,20,0.408284023668639,0.1772645757734948,0.0028995941058213,0.201423097974822,0.0899807999958284,ok
11_Tumors,2,PSF-CE,PSF-CE,174,11,20,0.5517241379310345,0.5994636533586034,0.3859058318522863,0.4402751484843961,0.1207187999971211,ok
10X PBMC,0,PSF-CE,PSF-CE,4271,8,20,0.7424490751580426,0.7569520411157957,0.6395566544365153,0.5619761647658187,0.2673117000085767,ok
10X PBMC,1,PSF-CE,PSF-CE,4271,8,20,0.7173963942870523,0.7403312509320238,0.6291808120814397,0.4451965833212042,0.3026738000044133,ok
10X PBMC,2,PSF-CE,PSF-CE,4271,8,20,0.7120112385858113,0.7480145663599032,0.6451280121148394,0.4878584074130178,0.3177902000024915,ok
3Sources,1,PSF-CE,PSF-CE,169,6,20,0.4319526627218935,0.1737893926635824,0.0133312212337817,0.2390796663221246,0.1127241999929538,ok
3Sources,2,PSF-CE,PSF-CE,169,6,20,0.408284023668639,0.147849564902162,-0.0053145882082653,0.1718566122388938,0.0967834000039147,ok
ACM,0,PSF-CE,PSF-CE,3025,3,20,0.6833057851239669,0.4545105124288957,0.4126658819291506,0.6902058667697689,0.1162398000014945,ok
ACM,1,PSF-CE,PSF-CE,3025,3,20,0.6813223140495868,0.4560725223935644,0.4111198093621884,0.6883781380667809,0.1219933999964268,ok
ACM,2,PSF-CE,PSF-CE,3025,3,20,0.6892561983471074,0.4646639750918023,0.4238158639774586,0.6951129801366972,0.1079762000008486,ok
Actor,0,PSF-CE,PSF-CE,7600,5,20,0.2609210526315789,0.0008765542957394,0.001062276724784,0.1165162715908819,0.3798518999974476,ok
Actor,1,PSF-CE,PSF-CE,7600,5,20,0.2609210526315789,0.0008788946638479,0.0010406981569974,0.1166232187300496,0.3056284000049345,ok
Actor,2,PSF-CE,PSF-CE,7600,5,20,0.2609210526315789,0.0008772606957643,0.0010861730826213,0.1165129360360753,0.2956026000028942,ok
Amazon Computers,0,PSF-CE,PSF-CE,13752,10,20,0.5357038976148923,0.4603335437980556,0.3123090265710567,0.5316033349540847,2.133695500000613,ok
Amazon Computers,1,PSF-CE,PSF-CE,13752,10,20,0.5171611401977894,0.4496399043031774,0.2939221321539476,0.5239315499950842,1.95278629999666,ok
Amazon Photo,0,PSF-CE,PSF-CE,7650,8,20,0.5922875816993464,0.5399050843004729,0.3694690627733385,0.5216195556138447,0.5681176999933086,ok
Amazon Photo,1,PSF-CE,PSF-CE,7650,8,20,0.5913725490196079,0.5401800271814077,0.3702230485097399,0.5213174658446589,0.5761325000057695,ok
Amazon Computers,2,PSF-CE,PSF-CE,13752,10,20,0.5191244909831297,0.4441920005672818,0.2892634418643525,0.5235206569938478,1.9958916000032327,ok
BBC News Sport,0,PSF-CE,PSF-CE,737,5,20,0.3744911804613297,0.1896744542972595,0.0509420023221193,0.3191629141464608,0.1098828000103822,ok
BBC News Sport,1,PSF-CE,PSF-CE,737,5,20,0.4355495251017639,0.2667994590857897,0.083255310414426,0.4064837862727174,0.1031882999959634,ok
Amazon Photo,2,PSF-CE,PSF-CE,7650,8,20,0.5901960784313726,0.5398403123581583,0.369214510282905,0.5199450448698687,0.6299499000015203,ok
BBC News Sport,2,PSF-CE,PSF-CE,737,5,20,0.3989145183175034,0.1690014928410016,0.0532785857083453,0.3086372969326066,0.1221624000027077,ok
BBC-MV,0,PSF-CE,PSF-CE,685,5,20,0.32992700729927,0.0106854001133137,-0.000693262347382,0.1059053382674903,0.1101429999980609,ok
BBC-MV,1,PSF-CE,PSF-CE,685,5,20,0.32992700729927,0.0154017697119373,0.0027410570017182,0.1188705591597158,0.1263829000090481,ok
BBC-MV,2,PSF-CE,PSF-CE,685,5,20,0.3313868613138686,0.0164056816277134,0.0034702039349121,0.1194048025707627,0.0942045999981928,ok
BBCSport-MV,0,PSF-CE,PSF-CE,544,5,20,0.4944852941176471,0.2607852314802768,0.090382064435618,0.3526399328434481,0.1201040999876568,ok
BBCSport-MV,1,PSF-CE,PSF-CE,544,5,20,0.4871323529411764,0.2487698531810076,0.0826790186907248,0.3465725185789578,0.0846447000076295,ok
BBCSport-MV,2,PSF-CE,PSF-CE,544,5,20,0.4852941176470588,0.2548033415456885,0.0901315695281246,0.3377445193276009,0.1042015999992145,ok
100Leaves,0,PSF-CE,PSF-CE,1600,100,20,0.824375,0.9244828979860216,0.6513472618076347,0.8196925820318722,5.293116400003783,ok
100Leaves,1,PSF-CE,PSF-CE,1600,100,20,0.801875,0.920614936216084,0.6163326845331919,0.7928873893263646,5.562472900011926,ok
100Leaves,2,PSF-CE,PSF-CE,1600,100,20,0.829375,0.9298803096743712,0.7061896158955697,0.8268460391584709,5.7963460000028135,ok
COIL20,0,PSF-CE,PSF-CE,1440,20,20,0.6805555555555556,0.8042433942649757,0.6333491417664486,0.6603706606000814,0.4958427999954438,ok
COIL20,1,PSF-CE,PSF-CE,1440,20,20,0.7236111111111111,0.8223975978323743,0.6754377997643961,0.7114904698464014,0.4281282000010833,ok
COIL20,2,PSF-CE,PSF-CE,1440,20,20,0.6972222222222222,0.8072484721103235,0.6314226460833477,0.6821626470874873,0.4286673000024166,ok
Caltech101-20,0,PSF-CE,PSF-CE,2386,20,20,0.2611064543168482,0.4080888236169159,0.1674174469966933,0.2015102633041904,0.6062300000048708,ok
Caltech101-20,1,PSF-CE,PSF-CE,2386,20,20,0.250628667225482,0.3877261158478567,0.1291699055138734,0.1963707562526034,0.5688086000009207,ok
Caltech101-20,2,PSF-CE,PSF-CE,2386,20,20,0.2707460184409053,0.4027496552844951,0.1583690461728868,0.2148806605860531,0.5406867999990936,ok
Caltech101-20-MV,0,PSF-CE,PSF-CE,2386,20,20,0.4568315171835708,0.6111724338916091,0.3604099229891142,0.4325963806396962,0.8502838999993401,ok
Caltech101-20-MV,1,PSF-CE,PSF-CE,2386,20,20,0.5041911148365466,0.6401056026637912,0.3818150347128303,0.4785592096890531,0.8598976000066614,ok
Cardiotocography,0,PSF-CE,PSF-CE,2126,10,20,0.4063969896519285,0.3624475802165214,0.1824700225084611,0.3545385131127582,0.3301437999907648,ok
Caltech101-20-MV,2,PSF-CE,PSF-CE,2386,20,20,0.4790444258172674,0.6198725700629439,0.3438758945897225,0.4339427960930815,0.9472646000067472,ok
Cardiotocography,1,PSF-CE,PSF-CE,2126,10,20,0.405456255879586,0.3561025320509147,0.1765476835981757,0.358353346672339,0.3402083000109996,ok
Chameleon,0,PSF-CE,PSF-CE,2277,5,20,0.3227931488801054,0.0645215350884266,0.0473192878258633,0.2713430424915679,0.1323240999918198,ok
Cardiotocography,2,PSF-CE,PSF-CE,2126,10,20,0.4134524929444967,0.3557101284694359,0.1811494863099025,0.3639584698290655,0.3524554999894462,ok
Chameleon,1,PSF-CE,PSF-CE,2277,5,20,0.3227931488801054,0.0645215350884266,0.0473192878258633,0.2713430424915679,0.1275626999995438,ok
Chameleon,2,PSF-CE,PSF-CE,2277,5,20,0.3227931488801054,0.0645215350884266,0.0473192878258633,0.2713430424915679,0.1259156000014627,ok
CiteSeer,0,PSF-CE,PSF-CE,3312,6,20,0.3876811594202898,0.1507510644141582,0.1621997844455341,0.3212054279307047,0.1849347999959718,ok
CiteSeer,1,PSF-CE,PSF-CE,3312,6,20,0.3774154589371981,0.1482827618820251,0.1583724912129784,0.3071216222175338,0.1892534000071464,ok
CiteSeer,2,PSF-CE,PSF-CE,3312,6,20,0.3713768115942029,0.1397271142679083,0.1490828086566087,0.3024993790670865,0.1832417999976314,ok
Coauthor CS,1,PSF-CE,PSF-CE,18333,15,20,0.6133747886325206,0.6162306967545872,0.4963151397265523,0.5690856415515161,2.9593738000112357,ok
Coauthor CS,0,PSF-CE,PSF-CE,18333,15,20,0.607538318878525,0.6091011800093719,0.4920840888007572,0.5627207667160506,3.8208700000104727,ok
Coauthor Physics,0,PSF-CE,PSF-CE,34493,5,20,0.7789696460151335,0.5992695092026049,0.6950981821860172,0.6916699651467941,0.1075312000029953,ok
Coauthor Physics,1,PSF-CE,PSF-CE,34493,5,20,0.7792305685211492,0.5923297681606755,0.6902326495532127,0.6919556220237972,0.1204648999992059,ok
Coauthor Physics,2,PSF-CE,PSF-CE,34493,5,20,0.777954947380628,0.5982829278529324,0.6951476711966965,0.6884263381365869,0.1203438999946229,ok
Cora,0,PSF-CE,PSF-CE,2708,7,20,0.4855982274741506,0.3635317442627579,0.2614215620640168,0.3550483090298433,0.1823518000019248,ok
Cora,1,PSF-CE,PSF-CE,2708,7,20,0.4800590841949778,0.3586841893828535,0.2504381113335031,0.3577692960237785,0.2223897999938344,ok
Cora,2,PSF-CE,PSF-CE,2708,7,20,0.4855982274741506,0.361892592662825,0.2629263842027741,0.3553072677451871,0.1855706999922404,ok
Coauthor CS,2,PSF-CE,PSF-CE,18333,15,20,0.6170839469808542,0.6140836711542128,0.4970875904049014,0.5705464538789761,2.881993799994234,ok
COIL100,1,PSF-CE,PSF-CE,7200,100,20,0.5283333333333333,0.7838741341007074,0.4225288209840257,0.5084830339974298,22.960246999995437,ok
COIL100,0,PSF-CE,PSF-CE,7200,100,20,0.5126388888888889,0.7837791962454173,0.4259846985724946,0.4922521097852745,23.958533199998783,ok
DBLP,0,PSF-CE,PSF-CE,4057,4,20,0.8851368005915701,0.6689009330605071,0.7306975371666914,0.8789157713376501,0.1661582999950042,ok
DBLP,1,PSF-CE,PSF-CE,4057,4,20,0.8851368005915701,0.6694737496026916,0.7306709996565505,0.879060922009312,0.1755118000000948,ok
DBLP,2,PSF-CE,PSF-CE,4057,4,20,0.8880946512201133,0.6762762938933973,0.7352733506030495,0.8829864396738296,0.1783078000007663,ok
COIL100,2,PSF-CE,PSF-CE,7200,100,20,0.5313888888888889,0.7882853690214967,0.4341865191867758,0.5035627226870747,23.919476900002337,ok
Extended Yale-B,0,PSF-CE,PSF-CE,2414,38,20,0.0936205468102734,0.1275326903206922,0.0131576432033139,0.0994707237464951,1.5907752000057371,ok
Extended Yale-B,1,PSF-CE,PSF-CE,2414,38,20,0.0977630488815244,0.1229995489045196,0.0137054952765631,0.1037849171404772,1.5060472000041043,ok
Extended Yale-B,2,PSF-CE,PSF-CE,2414,38,20,0.0973487986743993,0.1236697333718271,0.0160657882751547,0.1027530649987568,1.654347699994105,ok
Handwritten,0,PSF-CE,PSF-CE,2000,10,20,0.952,0.9088620021674924,0.8976065962684697,0.9523200293098756,0.2530603999912273,ok
Handwritten,1,PSF-CE,PSF-CE,2000,10,20,0.9515,0.9081480400854566,0.897117825729445,0.9518308314334436,0.2503328999882797,ok
Handwritten,2,PSF-CE,PSF-CE,2000,10,20,0.942,0.8966843568583855,0.8758787255329347,0.9427729973532724,0.223935200003325,ok
Human Kidney,0,PSF-CE,PSF-CE,2100,11,20,0.3566666666666667,0.273096148505623,0.1132706268315005,0.2476005260335773,0.263732199993683,ok
Human Kidney,1,PSF-CE,PSF-CE,2100,11,20,0.3609523809523809,0.2721286261486909,0.0978486618085646,0.2513051579992824,0.261682699987432,ok
IMDB,0,PSF-CE,PSF-CE,4278,3,20,0.3564749883122954,0.0039915497823305,3.915249018072575e-05,0.3273786228563725,0.1289508000045316,ok
IMDB,1,PSF-CE,PSF-CE,4278,3,20,0.3583450210378681,0.0033184306431232,-0.0020957912788087,0.294681264501168,0.1005270000023301,ok
Human Kidney,2,PSF-CE,PSF-CE,2100,11,20,0.3319047619047619,0.2602636877896977,0.1059168503430315,0.2218365135140808,0.3030360999982804,ok
Isolet,0,PSF-CE,PSF-CE,1560,2,20,0.541025641025641,0.0162064336167724,0.0064747382694398,0.4607173826137169,0.0722329999989597,ok
IMDB,2,PSF-CE,PSF-CE,4278,3,20,0.3496961196820944,0.0027844229042832,-0.0010165694128326,0.3008275728469225,0.1626189999951748,ok
Isolet,1,PSF-CE,PSF-CE,1560,2,20,0.6929487179487179,0.1102621591699875,0.1483705726426782,0.6929475823998363,0.0626463999942643,ok
Isolet,2,PSF-CE,PSF-CE,1560,2,20,0.592948717948718,0.0265180102233986,0.0339626740890213,0.5888901569778904,0.0657271999953081,ok
LandUse-21,0,PSF-CE,PSF-CE,2100,21,20,0.2271428571428571,0.3177570225901814,0.1022328488956971,0.18816069505808,0.8830555000022287,ok
LandUse-21,1,PSF-CE,PSF-CE,2100,21,20,0.2176190476190476,0.3106917928080583,0.0992006739805735,0.1646225533786378,0.903219200001331,ok
LandUse-21,2,PSF-CE,PSF-CE,2100,21,20,0.2019047619047619,0.3082493556585082,0.097682106003857,0.1578757376834373,0.9480048999976134,ok
ALOI,0,PSF-CE,PSF-CE,10800,100,20,0.6853703703703704,0.8068173567899035,0.2417566143281442,0.7110840293080665,40.07084050000413,ok
ALOI,1,PSF-CE,PSF-CE,10800,100,20,0.6893518518518519,0.8059707033607436,0.2492274640785305,0.7186555007211749,39.0391668999946,ok
Leukemia,0,PSF-CE,PSF-CE,72,2,20,0.7083333333333334,0.1253125064853033,0.162077515013866,0.6950998185117967,0.0328955000004498,ok
Leukemia,1,PSF-CE,PSF-CE,72,2,20,0.7083333333333334,0.1253125064853033,0.162077515013866,0.6950998185117967,0.0503388999932212,ok
Leukemia,2,PSF-CE,PSF-CE,72,2,20,0.7083333333333334,0.1253125064853033,0.162077515013866,0.6950998185117967,0.0443339000048581,ok
Leukemia2,0,PSF-CE,PSF-CE,72,3,20,0.6111111111111112,0.489053040886391,0.3709599322861673,0.5006802721088436,0.0418282000027829,ok
Leukemia2,1,PSF-CE,PSF-CE,72,3,20,0.5833333333333334,0.4241920710753165,0.291439196763541,0.4775413711583924,0.049883800005773,ok
Leukemia2,2,PSF-CE,PSF-CE,72,3,20,0.6111111111111112,0.489053040886391,0.3709599322861673,0.5006802721088436,0.0519272999954409,ok
ALOI,2,PSF-CE,PSF-CE,10800,100,20,0.6753703703703704,0.7950163721442877,0.1910886831199422,0.7096555192836356,40.56198290000612,ok
MFeat-pix,0,PSF-CE,PSF-CE,2000,10,20,0.895,0.8165243250623998,0.7799721948090417,0.8968015225474074,0.2424734000087482,ok
MFeat-pix,1,PSF-CE,PSF-CE,2000,10,20,0.875,0.8185630510576054,0.7684440824051157,0.8739207659091948,0.2294925000023795,ok
MSRC-v1,0,PSF-CE,PSF-CE,210,7,20,0.7333333333333333,0.6879863054030626,0.59970412525593,0.6891562894729883,0.0651187999901594,ok
MFeat-pix,2,PSF-CE,PSF-CE,2000,10,20,0.751,0.7995136531451608,0.7014719881497337,0.7422064123202337,0.2061052000062773,ok
MSRC-v1,1,PSF-CE,PSF-CE,210,7,20,0.7380952380952381,0.6780094757389568,0.6027601324225382,0.6940381919679102,0.1080988000030629,ok
MSRC-v1,2,PSF-CE,PSF-CE,210,7,20,0.7428571428571429,0.6744866496152505,0.5828475770396693,0.7316711807584115,0.1118353000056231,ok
Movies617,0,PSF-CE,PSF-CE,617,17,20,0.1231766612641815,0.1046171569042573,0.0063180665114228,0.0688128507076022,0.3079454999970039,ok
Movies617,1,PSF-CE,PSF-CE,617,17,20,0.126418152350081,0.1085749867365098,0.0074312792257827,0.0651695833736708,0.3571863999968627,ok
NGs,0,PSF-CE,PSF-CE,500,5,20,0.21,0.0229949009148245,0.0001105618976845,0.0869113448561684,0.0857433000055607,ok
NGs,1,PSF-CE,PSF-CE,500,5,20,0.206,0.0154802691564095,-3.853876421598665e-06,0.0789952820785434,0.0776440000045113,ok
Movies617,2,PSF-CE,PSF-CE,617,17,20,0.1166936790923825,0.086531456130569,0.0067742480927982,0.0492368974147641,0.3337668000021949,ok
NGs,2,PSF-CE,PSF-CE,500,5,20,0.208,0.019246563491445,3.690568721115807e-05,0.0829908200904124,0.0887057000072673,ok
NUSWIDE-Object-2000,0,PSF-CE,PSF-CE,2000,31,20,0.1735,0.1760437668306544,0.0501014377856716,0.1125928025116662,1.6025985999876866,ok
NUSWIDE-Object-2000,1,PSF-CE,PSF-CE,2000,31,20,0.1755,0.1665213737993411,0.0451646668924718,0.1098916352573828,1.6307346999965375,ok
ORL,0,PSF-CE,PSF-CE,400,40,20,0.675,0.8351457799801179,0.4724590118124844,0.675590253969277,0.5325082000053953,ok
Letter,0,PSF-CE,PSF-CE,20000,26,20,0.26195,0.3786219043506095,0.1184235825874605,0.2719170180724926,7.212064699997427,ok
ORL,1,PSF-CE,PSF-CE,400,40,20,0.6375,0.8405616761634674,0.4472031287034842,0.6345685248969831,0.5356701999990037,ok
ORL,2,PSF-CE,PSF-CE,400,40,20,0.665,0.8394223089183184,0.4767931641582025,0.6566011980734027,0.4837067000044044,ok
Letter,1,PSF-CE,PSF-CE,20000,26,20,0.27255,0.3921067992648468,0.1313964078705989,0.2830118585494987,7.1374515000061365,ok
NUSWIDE-Object-2000,2,PSF-CE,PSF-CE,2000,31,20,0.1575,0.1636362345243454,0.0367362765799241,0.1110142218096351,1.573708900003112,ok
PubMed,0,PSF-CE,PSF-CE,19717,3,20,0.5158492671298879,0.15896487390331,0.1119190896209677,0.4364075171219617,0.3402598999964539,ok
Reuters,0,PSF-CE,PSF-CE,1500,6,20,0.4733333333333333,0.1796391330591149,0.1791954141046715,0.2070303562767116,0.2278838000056566,ok
Reuters,1,PSF-CE,PSF-CE,1500,6,20,0.4806666666666667,0.2207559594179249,0.1807362822037654,0.2148127463088093,0.2035622999974293,ok
PubMed,1,PSF-CE,PSF-CE,19717,3,20,0.5161535730587817,0.1587019665842166,0.1119831862672555,0.4365827775424343,0.395831999994698,ok
PubMed,2,PSF-CE,PSF-CE,19717,3,20,0.5159507024395192,0.1588981128270284,0.1119178414132861,0.436450364271047,0.4262983000080567,ok
Reuters,2,PSF-CE,PSF-CE,1500,6,20,0.4633333333333333,0.2224400535000648,0.1448800146823354,0.2110093905011016,0.2477158999972744,ok
Squirrel,0,PSF-CE,PSF-CE,5201,5,20,0.2338011920784464,0.0103814295287612,0.0041764317731287,0.1904557016345505,0.2888601000013295,ok
Squirrel,1,PSF-CE,PSF-CE,5201,5,20,0.2339934627956162,0.0106412565199983,0.0042744411268623,0.190614139962541,0.2142477000015787,ok
Squirrel,2,PSF-CE,PSF-CE,5201,5,20,0.2353393578158046,0.0091641152368584,0.0042907140081976,0.1905208642118779,0.1862844999996014,ok
Scene15,0,PSF-CE,PSF-CE,4485,15,20,0.4026755852842809,0.4160592742435584,0.225434151866868,0.4006674314373468,1.2965820000099484,ok
UMIST,0,PSF-CE,PSF-CE,575,20,20,0.4208695652173913,0.6130150374409099,0.3106924055036838,0.4038121336930564,0.3093900000094436,ok
Scene15,2,PSF-CE,PSF-CE,4485,15,20,0.4118171683389074,0.4230869374555775,0.2265378710438046,0.4015076164860251,1.358530900004553,ok
Scene15,1,PSF-CE,PSF-CE,4485,15,20,0.4013377926421405,0.422071857146791,0.2332638140856964,0.3816645364354684,1.3366110000060871,ok
UMIST,1,PSF-CE,PSF-CE,575,20,20,0.4052173913043478,0.5896276678568672,0.2751571999602907,0.4101123170682793,0.2771741000033216,ok
UMIST,2,PSF-CE,PSF-CE,575,20,20,0.4208695652173913,0.6138326277680415,0.3048365251629211,0.418988995360141,0.2393371999933151,ok
USPS3568,0,PSF-CE,PSF-CE,3082,4,20,0.6739130434782609,0.6530873193759982,0.5352242156013612,0.6112192140089004,0.2001751000061631,ok
USPS3568,1,PSF-CE,PSF-CE,3082,4,20,0.6742375081116159,0.6458793302099508,0.5362000250967713,0.61161811000441,0.1976906999916536,ok
WebKB,0,PSF-CE,PSF-CE,1051,2,20,0.780209324452902,0.0008822294415695,-0.001367446150206,0.4382683057188669,0.0415279000008013,ok
WebKB,1,PSF-CE,PSF-CE,1051,2,20,0.780209324452902,0.0008822294415695,-0.001367446150206,0.4382683057188669,0.0550272999971639,ok
WebKB,2,PSF-CE,PSF-CE,1051,2,20,0.780209324452902,0.0008822294415695,-0.001367446150206,0.4382683057188669,0.0737871000019367,ok
WebKB-Cornell,0,PSF-CE,PSF-CE,195,5,20,0.3333333333333333,0.0870141248389535,0.0322586872244574,0.2863138910346196,0.0590283999918028,ok
WebKB-Cornell,1,PSF-CE,PSF-CE,195,5,20,0.3384615384615385,0.0840526975892757,0.0231949148144779,0.2859550291299533,0.0685897999937878,ok
WebKB-Cornell,2,PSF-CE,PSF-CE,195,5,20,0.3487179487179487,0.0835919475574151,0.0154712337758782,0.2703519287221449,0.06833639999968,ok
WebKB-Texas,0,PSF-CE,PSF-CE,187,5,20,0.4224598930481283,0.069384642276742,0.086509792992765,0.2579310344827586,0.070132900000317,ok
WebKB-Texas,1,PSF-CE,PSF-CE,187,5,20,0.4224598930481283,0.0208111057753158,0.0069807925717807,0.2024585551106694,0.0760649000003468,ok
WebKB-Texas,2,PSF-CE,PSF-CE,187,5,20,0.4331550802139037,0.0299576514961733,0.0137963425858894,0.2018864468864468,0.078998800003319,ok
Letter,2,PSF-CE,PSF-CE,20000,26,20,0.28075,0.3868377332047372,0.1329111116056408,0.2943670118567585,7.00211479999416,ok
USPS3568,2,PSF-CE,PSF-CE,3082,4,20,0.6745619727449708,0.640792498756474,0.5386254888216203,0.609515948413341,0.2173949999996693,ok
WebKB-Washington,0,PSF-CE,PSF-CE,230,5,20,0.4434782608695652,0.0755627307399367,0.0474540009278283,0.2230364420272112,0.0635329999931855,ok
WebKB-Washington,1,PSF-CE,PSF-CE,230,5,20,0.4434782608695652,0.0727087939830329,0.0536300048057902,0.2293860771622039,0.0758480000076815,ok
WebKB-Washington,2,PSF-CE,PSF-CE,230,5,20,0.4521739130434782,0.076073865621386,0.0633000152179763,0.2366458776021683,0.0744256000034511,ok
WebKB-Wisconsin,0,PSF-CE,PSF-CE,265,5,20,0.3094339622641509,0.0460061959217876,0.0171117292639163,0.2551664951230785,0.0622975000005681,ok
WebKB-Wisconsin,1,PSF-CE,PSF-CE,265,5,20,0.3245283018867924,0.038757879895775,0.0133881116302729,0.263502902030292,0.0660103999980492,ok
WebKB-Wisconsin,2,PSF-CE,PSF-CE,265,5,20,0.3056603773584905,0.0360361469720126,0.0150311384133069,0.2408771275431618,0.0834903999930247,ok
Wiki,1,PSF-CE,PSF-CE,2866,10,20,0.5212840195394278,0.4323770769965158,0.3170711465662325,0.5070177514067125,0.5284475999942515,ok
Wiki,0,PSF-CE,PSF-CE,2866,10,20,0.5143056524773203,0.4445783816537095,0.343616237929985,0.4786694630499076,0.5953315000078874,ok
Wiki,2,PSF-CE,PSF-CE,2866,10,20,0.4804605722260991,0.4194474817491124,0.309931328125558,0.4739146463706872,0.5404869000049075,ok
Worm Neuron,0,PSF-CE,PSF-CE,4186,10,20,0.3547539417104634,0.2623782797038145,0.0653897879069009,0.2882012580330901,0.3687821999919833,ok
Worm Neuron,1,PSF-CE,PSF-CE,4186,10,20,0.3423315814620162,0.2278770611866768,0.0488491327149805,0.2607946750614394,0.3278981000039493,ok
WikiCS,1,PSF-CE,PSF-CE,11701,10,20,0.4271429792325442,0.3552513015325216,0.2538539816662065,0.2841118891526345,0.9648645999986912,ok
WikiCS,0,PSF-CE,PSF-CE,11701,10,20,0.4596188359969233,0.3716729066218089,0.2560869814914573,0.3046050863140033,0.9584060000051976,ok
Worm Neuron,2,PSF-CE,PSF-CE,4186,10,20,0.3193979933110368,0.1718224451196184,0.0215323968809059,0.2342693124913014,0.3926096000068355,ok
WikiCS,2,PSF-CE,PSF-CE,11701,10,20,0.4025296983163832,0.338415467894104,0.2340634252272255,0.2364342168301267,0.9782012999930884,ok
CoraFull,1,PSF-CE,PSF-CE,19793,70,20,0.3280957914414187,0.4856792334018742,0.2204079689585548,0.2404868187510045,32.74293490000127,ok
CoraFull,0,PSF-CE,PSF-CE,19793,70,20,0.3335522659526095,0.4859688339414368,0.2312322698329231,0.2426477939791387,37.49584830000822,ok
CoraFull,2,PSF-CE,PSF-CE,19793,70,20,0.3400697216187541,0.4926099444297552,0.2348940296079985,0.2488983366482725,24.14326519999304,ok
