comparison_family,dataset,comparator,Delta_NMI,Delta_h,Delta_c,Delta_UY,Delta_UZ,Delta_rho_H,PSF_NMI,comparator_NMI,PSF_homogeneity,comparator_homogeneity,PSF_completeness,comparator_completeness,PSF_rho_H,comparator_rho_H
external,BBC News Sport,MCLA,-0.07896906042021332,-0.08624271109826068,-0.062037992074921444,-0.08624271109826076,-0.062037992074921444,-0.13048003603587954,0.20849180207468396,0.2874608624948973,0.17653646995034053,0.2627791810486012,0.2571712510120752,0.31920924308699666,0.6758403432434599,0.8063203792793394
external,BBC News Sport,HBGF,-0.05086792437569096,-0.08700865073826894,0.0018656889440615831,-0.08700865073826902,0.0018656889440614721,-0.35647751267866146,0.20849180207468396,0.2593597264503749,0.17653646995034053,0.26354512068860947,0.2571712510120752,0.25530556206801364,0.6758403432434599,1.0323178559221213
external,BBC News Sport,CEHM,0.03571225026076208,0.05585762648497418,-0.049453617492906554,0.055857626484974054,-0.049453617492906665,0.28760218747619803,0.20849180207468396,0.17277955181392188,0.17653646995034053,0.12067884346536635,0.2571712510120752,0.3066248685049818,0.6758403432434599,0.38823815576726184
external,BBC News Sport,YACHT,-0.13263663233237175,-0.16185846257892508,-0.08685238103563397,-0.1618584625789251,-0.08685238103563397,-0.30931551458872386,0.20849180207468396,0.3411284344070557,0.17653646995034053,0.3383949325292656,0.2571712510120752,0.3440236320477092,0.6758403432434599,0.9851558578321837
external,BBC News Sport,RANGE,-0.16969764367688225,-0.1959249105873279,-0.12707716191798973,-0.19592491058732797,-0.1270771619179898,-0.29624246547577016,0.20849180207468396,0.3781894457515662,0.17653646995034053,0.3724613805376684,0.2571712510120752,0.38424841293006495,0.6758403432434599,0.97208280871923
external,BBC News Sport,GPEC,-0.09506126281472158,-0.10909394746329568,-0.06687042421069411,-0.10909394746329582,-0.06687042421069422,-0.20126311556688137,0.20849180207468396,0.30355306488940553,0.17653646995034053,0.2856304174136362,0.2571712510120752,0.32404167522276933,0.6758403432434599,0.8771034588103412
external,Leukemia,MCLA,-0.008526387994542722,-0.008904265702798564,-0.008177523765806313,-0.008904265702798675,-0.008177523765806383,-0.001398641966667613,0.12531250648530345,0.13383889447984618,0.12931532838925794,0.1382195940920565,0.12155005070043386,0.12972757446624017,1.0638854335648285,1.065284075531496
external,Leukemia,HBGF,-0.017052775989085417,-0.017808531405597156,-0.016355047531612613,-0.01780853140559735,-0.016355047531612654,-0.002797283933335226,0.12531250648530345,0.14236528247438887,0.12931532838925794,0.1471238597948551,0.12155005070043386,0.13790509823204647,1.0638854335648285,1.0666827174981637
external,Leukemia,CEHM,0.0,0.0,0.0,0.0,0.0,0.0,0.12531250648530345,0.12531250648530345,0.12931532838925794,0.12931532838925794,0.12155005070043386,0.12155005070043386,1.0638854335648285,1.0638854335648285
external,Leukemia,YACHT,0.07130496189441338,0.07378759675435553,0.06897694088344371,0.07378759675435531,0.06897694088344353,0.02277153835699952,0.12531250648530345,0.05400754459089007,0.12931532838925794,0.0555277316349024,0.12155005070043386,0.05257310981699015,1.0638854335648285,1.041113895207829
external,Leukemia,RANGE,0.030924972707186152,0.031660778543536564,0.03021713943168744,0.03166077854353644,0.030217139431687468,-0.006386358109702339,0.12531250648530345,0.0943875337781173,0.12931532838925794,0.09765454984572138,0.12155005070043386,0.09133291126874642,1.0638854335648285,1.0702717916745308
external,Leukemia,GPEC,0.015462486353593083,0.01583038927176829,0.015108569715843706,0.015830389271768164,0.015108569715843623,-0.0031931790548511696,0.12531250648530345,0.10985002013171037,0.12931532838925794,0.11348493911748965,0.12155005070043386,0.10644148098459015,1.0638854335648285,1.0670786126196796
external,Caltech101-20,MCLA,-0.01030577643277053,-0.01723167303389944,-0.005653680648607884,-0.017231673033899386,-0.005653680648607939,-0.028112508608095776,0.39952153158308934,0.40982730801585987,0.44679395628202156,0.464025629315921,0.3613119861381277,0.3669656667867356,1.2363862792657614,1.2644987878738572
external,Caltech101-20,HBGF,0.023794914786686494,0.019898294691421514,0.025800787317292184,0.01989829469142146,0.025800787317292184,-0.035986382531149275,0.39952153158308934,0.37572661679640285,0.44679395628202156,0.42689566159060005,0.3613119861381277,0.3355111988208355,1.2363862792657614,1.2723726617969107
external,Caltech101-20,CEHM,0.004293916146746568,0.005888359698457357,0.0031620951653731355,0.005888359698457357,0.0031620951653730245,0.00531715217548423,0.39952153158308934,0.39522761543634277,0.44679395628202156,0.4409055965835642,0.3613119861381277,0.35814989097275457,1.2363862792657614,1.2310691270902772
external,Caltech101-20,YACHT,-0.0035696972061733945,-0.006513407756147338,-0.0015813381955095407,-0.0065134077561473935,-0.0015813381955096517,-0.012841732831455621,0.39952153158308934,0.40309122878926273,0.44679395628202156,0.4533073640381689,0.3613119861381277,0.36289332433363725,1.2363862792657614,1.249228012097217
external,Caltech101-20,RANGE,0.010892543053359682,0.008169661350346968,0.012445798675658315,0.008169661350346913,0.012445798675658315,-0.02084149139539182,0.39952153158308934,0.38862898852972966,0.44679395628202156,0.4386242949316746,0.3613119861381277,0.3488661874624694,1.2363862792657614,1.2572277706611532
external,Caltech101-20,GPEC,0.006436657764692877,0.00976456380080526,0.004125078701503027,0.00976456380080526,0.004125078701503027,0.013019129661591133,0.39952153158308934,0.39308487381839646,0.44679395628202156,0.4370293924812163,0.3613119861381277,0.3571869074366247,1.2363862792657614,1.2233671496041703
external,Leukemia2,MCLA,0.06175182410633723,0.019413487655248807,0.11990991673213441,0.019413487655248862,0.11990991673213452,-0.16137010864894952,0.4674327176160329,0.40568089350969566,0.4104353291057439,0.39102184145049507,0.5428683725243918,0.4229584557922574,0.7554536962201177,0.9168238048690672
external,Leukemia2,HBGF,0.09052618457452583,0.03950478420322118,0.15978630922030118,0.03950478420322112,0.15978630922030118,-0.21271648597093085,0.4674327176160329,0.37690653304150706,0.4104353291057439,0.3709305449025227,0.5428683725243918,0.3830820633040906,0.7554536962201177,0.9681701821910486
external,Leukemia2,CEHM,0.10112576849739513,0.09663432219229179,0.10242026552124389,0.09663432219229173,0.10242026552124389,0.04749650739465994,0.4674327176160329,0.36630694911863776,0.4104353291057439,0.3138010069134521,0.5428683725243918,0.4404481070031479,0.7554536962201177,0.7079571888254578
external,Leukemia2,YACHT,0.1303830739566716,0.07590716372037742,0.20322890867811189,0.07590716372037742,0.20322890867811189,-0.22842519146867823,0.4674327176160329,0.3370496436593613,0.4104353291057439,0.33452816538536645,0.5428683725243918,0.3396394638462799,0.7554536962201177,0.9838788876887959
external,Leukemia2,RANGE,0.1036688515903193,0.04709168913785894,0.17867737350721552,0.04709168913785888,0.17867737350721563,-0.24168799751511727,0.4674327176160329,0.3637638660257136,0.4104353291057439,0.36334363996788493,0.5428683725243918,0.3641909990171763,0.7554536962201177,0.997141693735235
external,Leukemia2,GPEC,0.025645928813133656,0.008444455134276996,0.04923018078699598,0.008444455134277051,0.04923018078699598,-0.07993758122141748,0.4674327176160329,0.44178678880289923,0.4104353291057439,0.4019908739714669,0.5428683725243918,0.4936381917373958,0.7554536962201177,0.8353912774415352
external,Chameleon,MCLA,0.0018181447833072878,0.0019745827610799307,0.0010753535675059184,0.0019745827610799793,0.0010753535675060988,0.010425569006911828,0.0645215350884269,0.06270339030511961,0.05720620697543075,0.05523162421435082,0.07398210604424198,0.07290675247673606,0.7732438292743508,0.7628182602674389
external,Chameleon,HBGF,0.01008114911857455,0.0026961382927806823,0.019611224811405724,0.002696138292780814,0.01961122481140598,-0.22931147024662468,0.0645215350884269,0.054440385969852345,0.05720620697543075,0.05451006868265007,0.07398210604424198,0.05437088123283625,0.7732438292743508,1.0025552995209754
external,Chameleon,CEHM,-0.002529931389741877,-0.0018361548466788655,-0.0035923600329443584,-0.0018361548466787614,-0.003592360032944164,0.012139748535201944,0.0645215350884269,0.06705146647816877,0.05720620697543075,0.05904236182210962,0.07398210604424198,0.07757446607718634,0.7732438292743508,0.7611040807391488
external,Chameleon,YACHT,-0.014561709405969597,-0.020628639063519756,-0.006415634813506446,-0.02062863906351975,-0.006415634813506266,-0.19340322027912482,0.0645215350884269,0.07908324449439649,0.05720620697543075,0.07783484603895051,0.07398210604424198,0.08039774085774842,0.7732438292743508,0.9666470495534756
external,Chameleon,RANGE,-0.0142329017581279,-0.01868863984811716,-0.007918749332263247,-0.018688639848117194,-0.007918749332262998,-0.15591263723586635,0.0645215350884269,0.0787544368465548,0.05720620697543075,0.07589484682354791,0.07398210604424198,0.08190085537650522,0.7732438292743508,0.9291564665102171
external,Chameleon,GPEC,-0.011161977291596473,-0.015696203151429396,-0.00471113634602946,-0.01569620315142939,-0.0047111363460292655,-0.15387478437991597,0.0645215350884269,0.07568351238002337,0.05720620697543075,0.07290241012686015,0.07398210604424198,0.07869324239027144,0.7732438292743508,0.9271186136542667
external,Amazon Photo,MCLA,0.1283156518572089,0.12746754219280593,0.12814287353430603,0.12746754219280593,0.12814287353430603,0.02898238098111605,0.5399751412800128,0.4116594894228039,0.5115649456965315,0.3840974035037256,0.571726864459401,0.443583990925095,0.8947721472747058,0.8657897662935897
external,Amazon Photo,HBGF,0.16285993415487476,0.11939844577318764,0.20855031989214007,0.11939844577318753,0.20855031989214007,-0.18505110895761068,0.5399751412800128,0.377115207125138,0.5115649456965315,0.3921664999233439,0.571726864459401,0.36317654456726095,0.8947721472747058,1.0798232562323165
external,Amazon Photo,CEHM,-0.014377652947229036,-0.009879360410185223,-0.019968223333959756,-0.009879360410185334,-0.019968223333959756,0.013499416174591605,0.5399751412800128,0.5543527942272418,0.5115649456965315,0.5214443061067168,0.571726864459401,0.5916950877933608,0.8947721472747058,0.8812727311001142
external,Amazon Photo,YACHT,0.15024236397542545,0.11220488976702286,0.19113313683472627,0.11220488976702286,0.19113313683472627,-0.15526623767671432,0.5399751412800128,0.38973277730458733,0.5115649456965315,0.3993600559295087,0.571726864459401,0.38059372762467475,0.8947721472747058,1.05003838495142
external,Amazon Photo,RANGE,0.1306575952363465,0.08970507161835284,0.17422711826272141,0.0897050716183529,0.17422711826272147,-0.16657633203006583,0.5399751412800128,0.40931754604366627,0.5115649456965315,0.4218598740781787,0.571726864459401,0.3974997461966796,0.8947721472747058,1.0613484793047716
external,Amazon Photo,GPEC,0.1858884846626701,0.1464946810933741,0.22797297589082877,0.146494681093374,0.22797297589082893,-0.1684444751689168,0.5399751412800128,0.3540866566173427,0.5115649456965315,0.36507026460315745,0.571726864459401,0.34375388856857225,0.8947721472747058,1.0632166224436226
external,ORL,MCLA,-0.03598289294383328,-0.06256474709633641,-0.007197244553234006,-0.06256474709633647,-0.007197244553233936,-0.06367019576903432,0.8383765883539679,0.8743594812978012,0.8091002942209041,0.8716650413172405,0.8698744658729322,0.8770717104261662,0.9301702864036052,0.9938404821726395
external,ORL,HBGF,-0.02277115183679279,-0.04978590370028013,0.006452994638566301,-0.04978590370028013,0.006452994638566356,-0.06456891369550333,0.8383765883539679,0.8611477401907607,0.8091002942209041,0.8588861979211843,0.8698744658729322,0.8634214712343659,0.9301702864036052,0.9947392000991085
external,ORL,CEHM,-0.002865631494013421,0.0036235500538458476,-0.010610906964058087,0.0036235500538458476,-0.010610906964058017,0.0154747845822788,0.8383765883539679,0.8412422198479813,0.8091002942209041,0.8054767441670583,0.8698744658729322,0.8804853728369902,0.9301702864036052,0.9146955018213264
external,ORL,YACHT,-0.016965031747790515,-0.03947595808432547,0.00764594507334615,-0.03947595808432547,0.007645945073346289,-0.0540414089533221,0.8383765883539679,0.8553416201017584,0.8091002942209041,0.8485762523052296,0.8698744658729322,0.862228520799586,0.9301702864036052,0.9842116953569273
external,ORL,RANGE,-0.038565806113292966,-0.06083214981747076,-0.014192101328425966,-0.060832149817470815,-0.014192101328425924,-0.053840588451210536,0.8383765883539679,0.8769423944672609,0.8091002942209041,0.8699324440383749,0.8698744658729322,0.8840665672013581,0.9301702864036052,0.9840108748548158
external,ORL,GPEC,-0.028997678412978733,-0.04502337199089124,-0.011201275731201,-0.04502337199089118,-0.01120127573120086,-0.039176117885069583,0.8383765883539679,0.8673742667669466,0.8091002942209041,0.8541236662117954,0.8698744658729322,0.8810757416041332,0.9301702864036052,0.9693464042886748
external,ACM,MCLA,0.06067145090550058,0.06651417435974522,0.05449148916159924,0.06651417435974516,0.05449148916159918,0.030877857039094403,0.45841566997142036,0.3977442190659198,0.4563781533454094,0.38986397898566416,0.46047152160982363,0.4059800324482244,0.9911148625313159,0.9602370054922215
external,ACM,HBGF,0.10620013012340296,0.10404026760233853,0.10837824271864438,0.10404026760233842,0.10837824271864449,-0.009579356404893713,0.45841566997142036,0.3522155398480174,0.4563781533454094,0.35233788574307084,0.46047152160982363,0.35209327889117925,0.9911148625313159,1.0006942189362096
external,ACM,CEHM,0.006596678207754281,0.007906592570866011,0.005248600123485325,0.0079065925708659,0.005248600123485381,0.005974399265596508,0.45841566997142036,0.4518189917636661,0.4563781533454094,0.44847156077454337,0.46047152160982363,0.4552229214863383,0.9911148625313159,0.9851404632657194
external,ACM,YACHT,0.004621236900684,0.005287482186478232,0.003940333779047345,0.005287482186478121,0.003940333779047345,0.0030362465700980446,0.45841566997142036,0.45379443307073636,0.4563781533454094,0.45109067115893114,0.46047152160982363,0.4565311878307763,0.9911148625313159,0.9880786159612178
external,ACM,RANGE,-0.040652218071692336,-0.04165469988398979,-0.03963597658319873,-0.04165469988398984,-0.03963597658319867,-0.004723073163300895,0.45841566997142036,0.4990678880431127,0.4563781533454094,0.49803285322939916,0.46047152160982363,0.5001074981930224,0.9911148625313159,0.9958379356946168
external,ACM,GPEC,0.0013198232299691526,0.0018735895237402822,0.0007545107761772751,0.0018735895237402822,0.0007545107761772751,0.002446682790009369,0.45841566997142036,0.4570958467414512,0.4563781533454094,0.4545045638216691,0.46047152160982363,0.45971701083364636,0.9911148625313159,0.9886681797413065
external,Iris,MCLA,-0.011927771752908711,-0.012093921648740125,-0.01176078598626984,-0.012093921648740236,-0.011760785986269673,-0.0005597475341572178,0.6371750880827056,0.6491028598356143,0.6365366435893446,0.6486305652380847,0.6378152111323306,0.6495759971186005,0.9979824421097107,0.9985421896438679
external,Iris,HBGF,0.01248298424924621,0.011957527751235264,0.013010078416476945,0.011957527751235209,0.013010078416477056,-0.0016558180998975658,0.6371750880827056,0.6246921038334594,0.6365366435893446,0.6245791158381093,0.6378152111323306,0.6248051327158537,0.9979824421097107,0.9996382602096082
external,Iris,CEHM,-0.012260411902075052,-0.01218970229538785,-0.01233146944935426,-0.01218970229538796,-0.012331469449354149,0.00017044424745205067,0.6371750880827056,0.6494354999847807,0.6365366435893446,0.6487263458847324,0.6378152111323306,0.6501466805816849,0.9979824421097107,0.9978119978622586
external,Iris,YACHT,0.0837272212441813,0.08585314705804481,0.08153881007101726,0.0858531470580447,0.08153881007101738,0.011582142296371445,0.6371750880827056,0.5534478668385243,0.6365366435893446,0.5506834965312998,0.6378152111323306,0.5562764010613134,0.9979824421097107,0.9864002998133392
external,Iris,RANGE,0.022260263506109546,0.022224175589454886,0.022296651281440316,0.022224175589454886,0.02229665128144037,-5.142058126561544e-05,0.6371750880827056,0.6149148245765961,0.6365366435893446,0.6143124679998897,0.6378152111323306,0.6155185598508903,0.9979824421097107,0.9980338626909763
external,Iris,GPEC,-0.010060404463581363,-0.010110101271233018,-0.010010459840862462,-0.01011010127123313,-0.010010459840862407,-0.00019465164335252805,0.6371750880827056,0.647235492546287,0.6365366435893446,0.6466467448605776,0.6378152111323306,0.6478256709731931,0.9979824421097107,0.9981770937530632
external,Mushroom,MCLA,0.12266736761697436,0.09071194629443993,0.1647723157982221,0.0907119462944399,0.16477231579822216,-0.20967684652252938,0.2753553153750235,0.15268794775804914,0.2426626364141967,0.15195069011975676,0.31823198254525736,0.15345966674703526,0.7626702941838279,0.9723471407063573
external,Mushroom,HBGF,0.10663529741063008,0.07386391285986516,0.14959059680907552,0.07386391285986527,0.1495905968090756,-0.23826267857053396,0.2753553153750235,0.16872001796439343,0.2426626364141967,0.16879872355433154,0.31823198254525736,0.16864138573618184,0.7626702941838279,1.0009329727543619
external,Mushroom,CEHM,-0.03302167481677859,-0.027025901794760082,-0.04179502639204408,-0.027025901794760054,-0.04179502639204413,0.013583811286593916,0.2753553153750235,0.3083769901918021,0.2426626364141967,0.2696885382089568,0.31823198254525736,0.36002700893730144,0.7626702941838279,0.749086482897234
external,Mushroom,YACHT,0.26681802180188974,0.23416242780909427,0.30965669757437136,0.23416242780909435,0.3096566975743714,-0.21359502689783483,0.2753553153750235,0.008537293573133783,0.2426626364141967,0.00850020860510242,0.31823198254525736,0.008575284970885987,0.7626702941838279,0.9762653210816628
external,Mushroom,RANGE,0.18624186982184798,0.15499647278369963,0.22759068052091425,0.15499647278369966,0.22759068052091436,-0.19268300654862014,0.2753553153750235,0.08911344555317552,0.2426626364141967,0.08766616363049706,0.31823198254525736,0.09064130202434313,0.7626702941838279,0.9553533007324481
external,Mushroom,GPEC,0.10767878699396391,0.08468278933842655,0.1383842855697019,0.08468278933842655,0.13838428556970184,-0.126416913596625,0.2753553153750235,0.1676765283810596,0.2426626364141967,0.15797984707577015,0.31823198254525736,0.17984769697555547,0.7626702941838279,0.8890872077804529
